tree
version=v4
num_class=1
num_tree_per_iteration=1
label_index=0
max_feature_idx=11
objective=lambdarank
feature_names=als_score user_rating_count user_avg_rating user_rating_std movie_rating_count movie_avg_rating movie_rating_std movie_rating_count_log movie_popularity_percentile days_since_last_rating recent_rating_count_90d_log genre_match
feature_infos=[-0.75937372446060181:1.7066876888275146] [1:12097] [1.1768134715025906:5] [0:3.1819805153394638] [70:67782] [2.2168034032209056:4.4297975954953586] [0.66349571508279037:1.4194954534490005] [4.2626798770413155:11.124066705025466] [0.71483706218623955:1] [0:88] [0.69314718055994529:7.5131635452340753] [0:5]
tree_sizes=6897 6907 6912 6891 6903 6873 6914 6888 6881 6880 6908 6907 6909 6893 6888 6932 6909 6897 6902 6923 6891 6923 6903 6899 6923 6917 6898 6924 6893 6889 6901 6898 6919 6908 6903 6906 6878 6896 6920 6911 6916 6931 6883 6912 6866 6853 6880 6906 6895 6913 6891

Tree=0
num_leaves=63
num_cat=0
split_feature=0 10 10 0 1 4 0 10 10 4 1 4 10 4 10 1 0 10 1 4 10 10 4 4 10 0 2 10 4 4 4 6 0 1 2 1 0 10 10 4 0 3 11 1 10 0 0 10 5 5 10 4 10 0 2 6 5 2 10 2 0 1
split_gain=1192.38 283.876 217.397 138.418 89.7061 55.1219 47.5141 45.1979 44.9757 39.8933 35.2822 23.617 22.5059 22.4645 20.6957 18.5662 18.4002 17.4093 17.0448 16.8621 14.9356 12.8232 12.1786 12.013 12.003 11.6863 11.6629 10.3255 10.3105 9.71795 9.62256 8.5735 8.38278 8.02062 8.24944 7.98699 7.90865 7.87853 7.8345 7.46201 7.30492 7.18615 7.18256 7.17645 7.04443 7.69934 7.02962 6.89988 6.88319 6.60147 6.2134 6.21105 6.16465 5.94545 6.35241 5.84892 5.82719 5.66871 5.66546 5.55204 5.48246 5.32023
threshold=0.5934351682662965 6.2859963606162941 5.6612213479477846 0.84530186653137218 62.500000000000007 24287.500000000004 0.3780172616243363 7.1925524824479465 7.2121962936013082 26301.000000000004 27.500000000000004 1608.0000000000002 3.8393944990995772 24495.000000000004 6.1954247594495966 263.50000000000006 1.0077064037323 6.1954247594495966 20.500000000000004 3912.5000000000005 6.7644619426714891 5.8707073513045964 7604.0000000000009 2916.5000000000005 5.3867833963027953 0.74948096275329601 3.7503501400560229 7.2305537152077521 26888.000000000004 28007.000000000004 4688.5000000000009 1.1993854077450534 1.1584513187408449 139.50000000000003 3.2956277121808459 20.500000000000004 0.76789775490760814 6.3429916439295981 6.1257619542170465 48471.500000000007 0.42663881182670599 0.4243739695892535 4.5081843335160157 181.50000000000003 6.7661910510229673 0.68605291843414318 1.1018312573432925 6.6233990098860458 4.1546708674942172 4.170960365942384 7.2760554143373364 27324.000000000004 4.923617305492666 0.77148959040641796 3.8396696696696702 0.95236610162402502 3.9306133885975956 2.717393359328844 5.0782890901091458 2.5915307424393945 0.48677696287631994 42.500000000000007
decision_type=2 2 2 2 2 2 2 2 2 2 2 2 2 2 2 2 2 2 2 2 2 2 2 2 2 2 2 2 2 2 2 2 2 2 2 2 2 2 2 2 2 2 2 2 2 2 2 2 2 2 2 2 2 2 2 2 2 2 2 2 2 2
left_child=1 6 9 5 8 23 18 11 13 12 50 -5 30 -3 36 29 17 -13 21 31 40 -1 -19 37 32 -11 35 33 -9 42 43 52 49 34 -16 -15 59 -4 -23 -24 -6 -31 55 -2 45 -25 -45 -18 61 -21 -7 -22 57 -35 -55 58 -42 -14 -8 -12 -53 -30
right_child=2 4 3 7 20 10 15 28 -10 25 14 16 19 26 27 -17 47 22 -20 24 51 38 39 44 -26 -27 -28 -29 48 41 -32 -33 -34 53 -36 -37 -38 -39 -40 -41 56 -43 -44 46 -46 -47 -48 -49 -50 -51 -52 60 -54 54 -56 -57 -58 -59 -60 -61 -62 -63
leaf_value=-0.040595536445691055 0.016784193514992506 0.015151818224917254 0.015639184493165533 0.046298724500400013 -0.038048664051992309 0.01660749880330387 -0.023231046773742298 0.042959235174152649 0.034330649506644259 -0.037697603246133748 0.042432609858450175 0.0066627964022769152 0.032229088221297268 0.012098379117308459 0.026977627467600282 -0.040826693326346794 0.019159158020186882 0.024607510426168225 -0.049717907258766597 -0.0066441075323447609 0.004374957451530926 0.021282355977982694 0.015426431443721396 -0.0025458079649833629 0.004981994401821295 -0.012793759141247455 -0.015405745849239995 0.011870808246378426 0.045776636402784371 0.019940231369562793 -0.02266769314483243 -0.03126225465232603 0.0094874889469272645 -0.011888176471103101 -0.00056751463904661432 -0.0097485327703664467 -0.0042233581392286772 0.048038314989361147 -0.023917339870350343 0.0013412419206510577 -0.012464520333585813 -0.034011109695409512 -0.037327669898790987 -0.012496285013985076 0.019320689746379852 0.011241046316850597 0.002355927193387453 0.027390890281652858 0.032915694082212961 0.01587966842589042 0.042434396664451576 -0.027057314348255011 0.013759453263185341 0.0033220182955163921 -0.014868452350863539 -0.023865524383786765 -0.03110948928021957 0.0027868347928079766 0.003122962377997703 -0.029039354555670031 -0.0060577212493142015 0.011014642531331807
leaf_weight=49.918326745508239 10.861172766599337 49.12166240112856 13.34168998792302 24.519686532439664 61.950402014466817 29.429070500977105 9.8429033658467215 65.254416942072567 35.442999294755282 33.126531731395517 0.99998932750895519 213.97690440280712 6.1648330375610376 31.944304875854868 10.612739761010742 75.582146207685582 301.99920559531893 133.23277917475207 350.55713486553577 360.02346154703991 14.728023140400181 5.0238221565960002 510.56654399225954 44.009323974663857 165.76595167865162 34.746105358441127 85.821476613957202 40.62890009075636 4.6409272333839935 2.3256469394545993 43.660231957794167 5.0189295185846268 34.790887785435189 126.50144642099622 125.51612914702855 28.495348092284985 18.45068087731488 13.682337962207383 11.026045588077976 36.254861085384618 25.463627324672416 49.832524132943945 10.423421307583338 106.4391919967602 75.125081720645539 212.4002875155129 39.259677500696853 131.56885546955164 70.609847083338536 12.104937506024724 11.723133914405478 26.028680835559499 106.43405661173165 62.759758526401129 23.84166724345414 19.085316586017143 37.017488560581114 129.90096228034236 28.888364756232477 44.873652116948506 19.625835606770124 27.10387614305364
leaf_count=2552 314 1636 373 343 2931 907 434 980 922 1256 24 6201 137 1052 226 3003 7092 3036 17309 10877 395 152 13254 1498 4749 1143 3936 1198 105 84 1441 170 856 4561 4477 1071 629 181 526 1148 995 2331 483 3102 2038 6234 882 2731 1437 307 209 1102 2709 1753 838 822 1487 3478 1014 1728 726 732
internal_value=-8.48607e-11 -0.0283683 0.00842501 0.0135155 -0.0092321 0.00385067 -0.0413539 0.0189459 0.00323883 -0.00267751 -0.00263434 0.0171243 -0.00119617 -0.00240131 -0.0050444 -0.0291726 0.0165855 0.014126 -0.0470853 0.00100509 -0.0248078 -0.0330956 0.0164742 0.0128095 -0.0018228 -0.0249486 -0.00829651 -0.00244318 0.0336404 -0.0218566 -0.0102137 0.007548 -0.00459485 -0.00410844 0.00157993 0.00179826 -0.0208101 0.032043 -0.00976923 0.0144926 -0.0307488 -0.0316055 -0.0144051 -0.00674058 0.0112418 0.00887471 -0.00849424 0.0216571 0.0276994 -0.00591143 0.0239649 -0.0125652 0.00835124 -0.00774213 -0.00168588 -0.0102726 -0.0235109 0.0041208 -0.00357447 -0.0274814 -0.0180301 0.0160967
internal_weight=4490.07 1028.15 3461.92 2373.62 415.64 853.896 612.506 1519.73 230.826 1088.3 495.337 1352.12 1020.42 195.383 454.185 195.98 1327.6 894.031 416.525 820.204 184.814 65.9682 680.054 358.559 572.685 67.8726 146.261 389.861 167.609 120.398 200.22 247.519 406.919 349.232 136.129 60.4397 64.3243 27.024 16.0499 546.821 124.432 52.1582 68.24 156.56 331.535 256.41 145.699 433.568 102.355 372.128 41.1522 60.3825 242.5 213.103 86.6014 57.8166 62.4811 136.066 38.7313 45.8736 45.6545 31.7448
internal_count=140317 44963 95354 63933 16253 26874 28710 37059 8617 31421 16550 33805 29022 7695 15434 8171 33462 23639 20539 23283 7636 3230 17438 10324 16789 2399 6059 13053 3254 5168 5739 6494 12040 11855 4703 2123 2381 554 678 14402 5413 2415 2753 4298 9770 7732 3984 9823 2274 11184 1116 2223 6324 7152 2591 2270 2482 3615 1448 1752 1828 837
is_linear=0
shrinkage=0.03


Tree=1
num_leaves=63
num_cat=0
split_feature=0 10 10 10 4 4 0 10 4 4 4 10 10 5 10 4 10 0 4 0 4 1 0 9 10 10 1 0 5 5 5 4 10 3 4 10 1 4 5 3 2 0 1 0 6 1 0 0 1 2 2 1 0 2 6 5 10 1 4 0 4 4
split_gain=1194.99 622.956 618.953 343.695 248.982 241.47 222.478 95.3647 77.8575 52.0736 45.9074 43.9488 39.5998 50.1658 36.7401 36.625 35.7116 34.0787 32.4154 32.3313 32.1437 31.4715 52.5705 29.6666 28.6251 26.1465 25.4251 25.165 24.3065 23.1917 22.9979 31.9334 22.0043 21.6594 21.5661 44.5736 20.3476 20.0832 19.7278 19.4482 19.136 19.6686 19.1228 18.9963 18.1387 18.075 18.0346 17.9813 17.2211 17.6183 16.848 19.4291 16.8132 16.9657 16.7151 16.2483 16.2344 18.1129 17.0337 15.9393 16.5572 15.8652
threshold=0.66169357299804699 7.0854786740153477 7.1925524824479465 5.6612213479477846 1608.0000000000002 24540.500000000004 0.87740182876586925 6.1954247594495966 5476.5000000000009 5989.5000000000009 31291.500000000004 7.3786877324789293 6.3162515517017495 3.9435993215326381 6.6567190895965176 26301.000000000004 4.7833076179467886 0.97619104385375988 7357.0000000000009 0.39400137960910803 2167.0000000000005 46.500000000000007 0.94782158732414257 1.0000000180025095e-35 5.8215644129176907 6.3071835403242495 1489.0000000000002 0.41077405214309698 4.1777724213056038 3.8889085621656223 4.170960365942384 44676.000000000007 6.6739280835479589 0.70839455573897669 2684.5000000000005 3.2769667020129059 968.00000000000011 24287.500000000004 3.9049010079671125 1.3143512796641645 2.717393359328844 0.83965697884559642 32.500000000000007 1.0489733219146731 0.90451395219758524 1284.0000000000002 0.81980663537979137 0.76054066419601452 233.50000000000003 3.7902825735390535 3.7863159387407834 554.50000000000011 0.49408441781997686 2.4825039517310512 0.75500320772010088 3.8000212699882194 4.6774800307930642 173.50000000000003 706.50000000000011 0.86198595166206371 35874.000000000007 12329.000000000002
decision_type=2 2 2 2 2 2 2 2 2 2 2 2 2 2 2 2 2 2 2 2 2 2 2 2 2 2 2 2 2 2 2 2 2 2 2 2 2 2 2 2 2 2 2 2 2 2 2 2 2 2 2 2 2 2 2 2 2 2 2 2 2 2
left_child=1 5 3 15 55 16 10 19 29 14 25 30 13 26 23 28 20 -14 32 -7 -1 -10 59 24 -8 37 -11 -13 34 -4 31 33 -18 -3 56 -36 43 46 -16 -24 47 -42 -21 -15 -41 -37 -6 -12 49 -20 51 52 53 -9 -19 -5 57 -2 -58 60 -23 -56
right_child=2 11 8 4 6 7 9 50 21 12 40 27 17 36 38 -17 18 54 48 42 -22 22 39 -25 -26 -27 -28 -29 -30 -31 -32 -33 -34 -35 35 45 -38 -39 -40 44 41 -43 -44 -45 -46 -47 -48 -49 -50 -51 -52 -53 -54 -55 61 -57 58 -59 -60 -61 -62 -63
leaf_value=0.0077693683786684512 0.0080300854317426913 0.020845016987317052 0.019758213934566872 0.017074487581077734 -0.00060023370384158445 -0.049645734877785022 -0.0057454972658153147 0.0028093372643829108 0.027536991450941906 -0.0030747565253979453 0.034952186544200611 0.03479164816134514 0.0030200327332353173 0.00045309937888308397 0.018357961726876555 -0.029780382733542055 -0.0017240104431016331 0.0258910286013007 -0.0027843580412404193 0.0042515575905763244 -0.043410566089961897 0.012612761027327878 0.023517652343593206 -0.01863642771210583 0.01338539442504974 -0.0001899750859480703 -0.039170187607913576 0.010803630394264817 0.0076600238457387154 0.038722709029945082 0.021853991762353309 -0.020731052686020934 0.026677253227873426 -0.0030990552233048263 -0.033972502107164439 -0.010746293088205993 0.023777894584816814 -0.022576111128549695 0.038639033599832381 0.021042214409692412 -0.019042711853714943 -0.0039639718645916441 -0.037081487975608438 0.014113979228708416 -0.039386685071646235 0.00032039156425296689 -0.013979414544321823 -0.023672939229617305 -0.036404164933777614 -0.019612971341844424 -0.03334466338286305 -0.044333581276605791 -0.012472353979067397 -0.029464511730559879 0.015615123150477448 0.037054383635017701 0.051301005550647566 -0.0097861564876734371 0.0010347983863820268 0.012472659920835582 -0.006786786719660068 0.0079677810691758319
leaf_weight=14.473026009858584 58.930436667054892 58.596964552765712 74.899574495851994 44.384510710835457 229.49270652374253 390.14471520821098 79.318679388146847 16.038980921730399 249.94053152762353 738.80305719189346 13.411810939665886 92.336569114588201 995.94113246537745 224.95571499504149 151.21482763485983 72.861722620902583 90.128018229035661 58.150615063728765 128.2404685622314 10.622575080953537 46.619219249812886 65.290992020629346 477.29375707730651 31.255537755321711 625.41567662730813 1084.1776126725017 17.99075130559504 68.602273114491254 84.041765796253458 257.75341369351372 52.987640913110226 51.280907977372408 33.743173187132925 81.003660708665848 70.950403568334877 1306.0671095789876 68.532048746012151 78.279395519988611 60.410573445726186 9.195140093564989 306.59940277133137 104.35304119251668 195.05088103876915 154.55390903470106 8.7006550505757314 147.86421844735742 149.90444800443947 7.2561334902420631 24.911984932143241 99.378813955234364 272.8135917969048 35.738467102637514 125.11880658636801 170.41915886849165 305.45747560099699 209.73316481243819 6.2490944117307654 399.60813410393894 208.62231809645891 294.77689898526296 100.61074008163996 1216.6035467309412
leaf_count=146 385 312 220 111 2635 18174 719 204 809 5442 62 266 8651 1932 535 1809 1272 166 1907 184 1412 260 1242 240 3477 10900 95 327 642 477 239 811 194 453 1009 18498 233 1524 161 18 5992 1260 6441 640 35 1132 1805 82 590 1914 8705 665 2388 4983 1329 342 27 4433 2105 917 1020 5359
internal_value=1.37556e-10 -0.0209573 0.00397566 0.0010631 0.00441683 -0.0291237 0.00331166 -0.0360005 0.0216036 0.00684275 -0.00514913 0.0123985 0.00526668 0.000777289 0.0131313 -0.00884232 -0.0100107 0.00736631 -0.00655758 -0.0445717 -0.0312858 0.0180589 0.0155806 0.00996375 0.0112322 -0.00272823 -0.00393283 0.0245664 -0.00817389 0.0344527 0.00436834 -0.000485575 0.00601265 0.0069514 -0.00877923 -0.0107539 0.00873322 -0.00874104 0.0241474 0.0223664 -0.0137972 -0.0152138 -0.0349467 0.00601644 -0.00833737 -0.00962082 -0.00588651 0.01437 -0.0127235 -0.0101317 -0.0277653 -0.0233828 -0.0209797 -0.0266883 0.0101056 0.0335647 -0.00430784 -0.00749645 0.00249669 0.00828631 0.000847948 0.0095025
internal_weight=12908.1 2058.25 10849.9 9311.39 6956.2 1653.44 6702.08 1215.95 1538.46 4728.6 1973.47 404.808 3780.99 1204.84 947.615 2355.2 437.495 2576.15 376.402 595.818 61.0922 1205.81 955.868 735.99 704.734 1541.85 756.794 160.939 2282.33 332.653 243.869 190.882 123.871 139.601 2198.29 1524.88 448.042 457.677 211.625 495.19 431.62 410.952 205.673 379.51 17.8958 1453.93 379.397 20.6679 252.531 227.619 620.129 347.315 311.577 186.458 1580.21 254.118 673.41 458.539 214.871 460.679 165.902 1522.06
internal_count=140317 51587 88730 83732 53692 49179 53239 41744 4998 28979 24260 2408 23847 8342 5132 30040 7435 15505 5877 24799 1558 4301 3492 4436 4196 16864 5537 593 28231 697 1815 1576 1466 765 27589 20639 2805 5964 696 1295 7396 7252 6625 2572 53 19630 4440 144 4411 3821 16945 8240 7575 5187 6854 453 6950 4818 2132 2197 1280 6688
is_linear=0
shrinkage=0.03


Tree=2
num_leaves=63
num_cat=0
split_feature=0 10 10 10 4 0 4 10 10 4 10 0 0 10 4 6 4 10 1 0 4 0 0 4 5 2 10 3 4 0 1 0 1 5 5 2 2 5 0 10 4 11 6 11 0 10 0 1 6 5 10 1 10 6 0 1 5 5 4 5 1 6
split_gain=953.632 599.255 546.069 330.879 213.966 224.637 209.693 77.6558 71.2348 57.714 47.6944 47.4643 38.7042 37.9023 37.4436 32.2676 29.9629 33.3618 26.7921 43.5908 26.7894 26.6384 24.7946 23.6155 22.4024 21.0811 20.8748 20.0925 19.9173 19.1162 19.7803 18.5766 18.0934 18.0292 17.8608 17.7213 17.1591 17.104 16.9359 16.7375 16.5565 16.3697 16.2092 16.4914 16.1117 15.8116 15.0582 19.3568 14.8285 17.7634 14.7354 14.5595 14.466 14.3529 14.1411 14.0159 13.9791 16.7351 15.4543 18.3607 15.7689 13.8074
threshold=0.66169357299804699 7.0854786740153477 7.1925524824479465 5.6612213479477846 1608.0000000000002 0.87740182876586925 24540.500000000004 6.3216667670889342 7.4342399374267485 6896.0000000000009 6.5139714008924194 1.001074552536011 0.41077405214309698 6.6052832719652992 31291.500000000004 0.75500320772010088 7160.5000000000009 4.6298509007569537 23.500000000000004 0.9367155432701112 706.50000000000011 0.3780172616243363 0.96955910325050365 21918.500000000004 4.1777724213056038 3.7863159387407834 7.3786877324789293 0.5870211865992262 6807.5000000000009 0.97619104385375988 147.50000000000003 0.15506749600172046 601.50000000000011 3.9476226038663289 4.199685737614046 3.5626265182186239 2.717393359328844 3.8977631933165147 0.83965697884559642 6.3071835403242495 24287.500000000004 4.1131573871020146 0.85180514821006403 4.7714850114043674 0.87482494115829479 5.2958110956362647 1.1584513187408449 786.00000000000011 1.0140464184760252 3.8818424575963641 4.0163424379838117 32.500000000000007 6.1643663291330322 0.75689947191989082 0.8425346612930299 408.50000000000006 3.9539109144387941 3.944187960877731 3034.5000000000005 3.8108902875775015 181.50000000000003 0.77695542054782607
decision_type=2 2 2 2 2 2 2 2 2 2 2 2 2 2 2 2 2 2 2 2 2 2 2 2 2 2 2 2 2 2 2 2 2 2 2 2 2 2 2 2 2 2 2 2 2 2 2 2 2 2 2 2 2 2 2 2 2 2 2 2 2 2
left_child=1 6 3 16 -5 14 13 21 18 10 29 -11 26 31 39 -13 17 56 -4 -20 -19 -8 24 44 -18 -9 -3 -14 -15 -7 -31 -1 -12 35 53 -17 -16 -22 -38 40 48 -36 43 -41 -10 46 50 -48 49 -6 -24 -23 -37 -35 -51 -43 57 58 60 -60 -2 -58
right_child=2 12 8 4 5 9 7 25 23 11 32 15 27 28 36 33 22 20 19 -21 37 51 45 -25 -26 -27 -28 -29 -30 30 -32 -33 -34 34 41 52 38 -39 -40 42 -42 55 -44 -45 -46 -47 47 -49 -50 54 -52 -53 -54 -55 -56 -57 61 -59 59 -61 -62 -63
leaf_value=-0.048670323643234169 0.0080185286775506064 0.01262223108060157 0.030609070476902266 0.032825501279394154 -0.01627464799380304 0.0019937802760930661 -0.048699317071666089 -0.021631396210514107 0.026320252896478852 0.00048563695166291943 0.016389551355748856 0.029369177909694399 0.020352444201876884 0.015233056711443512 0.011068594089262591 0.010476866265973226 -0.021584214276640083 0.041809607717806195 0.0078316328080824948 0.020438158570240408 -0.0048977749365398861 -0.0059504927965049045 -0.039723200458374075 0.021616145279382413 0.007672934803384936 -0.034606052112441089 0.032907260316860525 -0.0018868724632148805 -0.0085656775082081308 -0.010614328817110148 0.013002522041744867 -0.015053953165625085 0.031411177874202362 -0.022771817575261248 0.010388920648690956 -0.0086579601986441768 -0.020748249699548242 0.007720448593318191 -0.005392253956808285 -0.0093826974864586309 -0.023974903287236907 -0.0018603281594100425 0.00071664620324437634 0.026138381879790569 0.041814445417139114 -0.0020375354375086383 -0.019212129491078842 0.014198377893858027 0.010799659505169753 0.0028927073445892642 -0.014545986548043729 -0.0373036441440922 0.0031942831681384706 0.01205665293457606 -0.023236488843184754 -0.031175146989903264 0.018551948021109158 -0.045181512696231163 -0.013334984907180956 -0.034017448228070318 -0.011301218235687078 -0.0070882787438484628
leaf_weight=15.644268437987192 44.066053764428943 82.806146175018512 103.76379537489265 224.81890516169369 147.29949056985788 352.60874015954323 352.06886030884925 269.05950958095491 94.91772585362196 1531.3159873930272 422.34113753051497 59.966946423053741 50.680866746464744 60.586472181836143 21.320037323515862 223.41920584905893 348.10319357761182 12.770435877144335 460.60716323833913 531.95062950218562 440.77499821502715 14.322486921446396 23.364739402197301 162.64152348553762 25.263886854518205 193.94700008933432 101.77403960190713 131.24545367853716 66.265623528277501 34.470008295495063 431.0669462364167 272.45695690391585 87.037247756496072 10.799155089072881 73.412215226329863 122.179405703675 244.84126627305523 123.84682410396636 87.825000660726801 272.96119649661705 58.767436803784221 56.800123041146435 654.79868051863741 12.29301664419472 166.09957960993052 173.08061328832991 28.012964361812919 35.239397128112614 38.538699314696714 116.08133636764251 200.05047816014849 192.33486503839958 383.8713047564961 766.50415843911469 22.207433960633352 19.794126274064183 20.380767566850409 14.61583958682604 128.28333372320049 55.275270819664001 277.2382063223049 260.53716768231243
leaf_count=462 263 738 271 453 2257 2485 19051 7158 186 14073 1502 129 321 349 144 1073 7072 29 2328 1478 5547 260 424 444 153 7566 266 1083 1039 298 2436 5585 198 65 249 1226 5992 1234 1260 3652 1524 282 7143 105 291 2295 380 237 434 1328 2963 7709 1889 2989 421 85 193 244 1822 914 3150 3120
internal_value=-1.67281e-11 -0.0201126 0.00355272 0.000650547 0.00407094 0.00303703 -0.0288477 -0.0361517 0.0201416 0.00647949 0.0117497 0.00432548 0.0141284 -0.010863 -0.00635587 0.00775057 -0.00937027 -0.00665452 0.0161043 0.014588 -0.0011582 -0.0436807 -0.0138615 0.030589 -0.0196045 -0.0270663 0.023807 0.00430854 0.00280096 0.00726289 0.0112538 -0.0168794 0.0189563 0.00696809 0.00974376 0.00343962 -0.0150221 -0.00213003 -0.0166942 -0.00403701 -0.00932429 0.000266135 -0.00188344 -0.00785192 0.0361801 -0.00919755 -0.0135205 -0.00059834 -0.00666799 -0.00902516 -0.017179 -0.0351307 0.000332712 0.0115728 -0.00130331 -0.00943611 -0.0106195 -0.013535 -0.0126188 -0.0195631 -0.00865156 -0.00522806
internal_weight=12011.4 1803.19 10208.2 8688.24 6477.34 6252.52 1436.69 1021.73 1519.98 4575.59 1327.52 3248.06 366.507 414.953 1676.93 1716.75 2210.9 1377.79 1096.32 992.558 577.392 558.726 833.115 423.659 373.367 463.007 184.58 181.926 126.852 818.146 465.537 288.101 509.378 1656.78 927.31 729.47 353.986 564.622 332.666 1322.95 382.894 150.006 940.053 285.254 261.017 459.748 286.668 63.2524 324.127 285.588 223.415 206.657 506.051 777.303 138.289 76.5942 800.397 519.479 504.863 183.559 321.304 280.918
internal_count=140317 51587 88730 83732 53692 53239 49179 41744 4998 28979 6919 22060 2408 7435 24260 7987 30040 16516 4077 3806 6810 27020 13524 921 7225 14724 1004 1404 1388 5219 2734 6047 1700 7858 3670 4188 7396 6781 7252 16864 5964 616 10900 3757 477 6299 4004 617 4440 4006 3387 7969 3115 3054 1749 367 9706 6393 6149 2736 3413 3313
is_linear=0
shrinkage=0.03


Tree=3
num_leaves=63
num_cat=0
split_feature=0 10 10 10 4 4 0 4 10 4 10 4 10 10 5 4 10 1 5 1 0 0 4 0 5 0 0 10 4 4 6 2 6 1 6 2 5 4 1 4 0 5 2 2 1 6 2 10 0 10 3 4 1 4 4 3 5 4 0 1 3 3
split_gain=811.952 523.832 453.24 277.255 181.57 181.426 186.205 72.2519 71.8133 44.5893 36.1683 35.244 35.5823 34.992 31.3139 29.8776 27.6841 26.1339 25.564 25.0346 44.6418 22.4708 21.5191 20.8343 20.7619 21.5497 20.2937 19.9445 21.8636 19.5667 19.5427 19.3684 18.9537 18.3619 17.8796 17.7922 17.6488 17.1398 17.115 22.4818 16.2151 16.0349 15.8462 16.1831 15.7283 15.4802 15.1573 14.2993 13.5661 19.8018 25.0284 19.2147 18.8928 18.1639 14.0708 13.6123 13.5001 24.9834 21.2679 15.9606 15.2939 13.9712
threshold=0.66169357299804699 7.0854786740153477 7.1925524824479465 5.6612213479477846 24287.500000000004 2167.0000000000005 0.9230240285396577 5476.5000000000009 6.3216667670889342 7264.5000000000009 5.3399361658330653 6658.5000000000009 6.6567190895965176 7.3786877324789293 3.9476226038663289 26301.000000000004 6.3216667670889342 74.500000000000014 3.8000212699882194 23.500000000000004 0.86198595166206371 0.3780172616243363 31291.500000000004 1.0033400654792788 3.8687948354831319 1.0550453066825869 0.83965697884559642 5.3729582179059152 15127.000000000002 6896.0000000000009 0.85691131800928011 2.717393359328844 0.8503679992193437 714.50000000000011 0.85114658281092315 3.7863159387407834 4.0433932214320656 2345.5000000000005 587.50000000000011 30095.000000000004 0.87482494115829479 4.1299706934595637 3.7568228736581344 3.7252232142857147 48.500000000000007 0.7414357866343898 3.5948376790887808 6.7001142100589774 1.1136734485626223 3.8393944990995772 0.89762493857296022 4688.5000000000009 94.500000000000014 7160.5000000000009 1393.5000000000002 1.1314743839819339 4.1480391834438821 35874.000000000007 1.0077064037323 902.00000000000011 0.74627884607609729 0.94917514416647564
decision_type=2 2 2 2 2 2 2 2 2 2 2 2 2 2 2 2 2 2 2 2 2 2 2 2 2 2 2 2 2 2 2 2 2 2 2 2 2 2 2 2 2 2 2 2 2 2 2 2 2 2 2 2 2 2 2 2 2 2 2 2 2 2
left_child=1 4 3 15 10 18 9 40 21 -7 36 12 24 30 16 27 -13 -15 -5 -9 -21 -6 38 42 25 -8 31 28 48 47 -3 -24 -18 -27 -34 -10 -1 -29 45 46 -4 -39 43 -16 -38 -11 -40 -12 49 51 54 52 -2 -52 -51 -55 57 60 -58 61 -22 -59
right_child=2 13 7 5 8 6 11 19 35 22 29 14 -14 17 23 -17 32 -19 -20 20 56 -23 26 -25 -26 33 -28 37 -30 -31 -32 -33 34 -35 -36 -37 44 41 39 -41 -42 -43 -44 -45 -46 -47 -48 -49 -50 50 53 -53 -54 55 -56 -57 58 59 -60 -61 -62 -63
leaf_value=-0.032244536555828519 0.015269509741613212 -0.034643585188423295 0.021445132603893559 0.015378894180482562 -0.04701954082983046 0.0034039731131064867 0.00036020871002158937 0.028804615821104784 -0.020851848114511403 0.030431905886393731 -0.0024740196627547296 -0.0053323175528099849 0.021705000305081035 0.027967203907008853 0.0057200734114495168 -0.030161644693750871 0.012494081801821204 -0.011105401483404019 0.034254387221032571 0.0019001808644988694 0.008190503043585224 -0.034262170352562342 0.0098495865607520945 0.010771534663489062 0.015101169410035274 0.0068018542580133932 -0.0055735223014276884 0.013292762461331825 -0.026376197527289074 -0.01127683436789273 0.0068392671687709568 -0.020686784625236154 -0.033778693496321267 0.029649805405210512 0.0026033212033133315 -0.03307641975648775 -0.044387803524337147 -0.0082543487640558029 -0.014327883306386261 0.014681761261800718 0.035925652145363647 0.0057347017371931703 -0.0025547438161627242 0.030411472753368394 0.030808639723086409 -0.0035129532657795942 -0.042019246671436868 0.019342871728759661 -0.0032489327446546027 0.0013256232183326182 0.0012762551209864125 -0.034569249867921967 -0.016026394921552715 -0.006864713477375657 -0.014456891298088801 -0.031009246610352519 0.015703061423884331 0.0017643708378885109 0.028581895186309152 -0.041174567269000532 0.03017051774846867 0.02297646862528769
leaf_weight=70.22878321330063 18.664167130365968 10.789952205494044 102.77389388997108 101.36745603103191 327.95010397164151 557.7113143207971 322.55962677567732 109.10715540125966 263.75862553005572 12.22117529157549 75.466248788987286 372.03001058357768 244.70707626640797 136.96846208546776 276.19710641319398 57.638300042715855 203.36156275868416 17.35902735684067 177.92379178199917 226.30867466097698 44.872656479477882 200.06996047601569 20.470404652412981 917.919516082271 271.14742647914682 95.858841931680217 234.43950084573589 53.189867695793509 68.885901378234848 139.26055874745362 193.80251812399365 215.41751902317628 12.435621224576606 47.265856616431847 542.55988081987016 180.46936290129088 3.6256694067269555 301.76099919434637 88.123239982640371 19.956254846882075 215.59772334992886 97.595899727893993 232.9964837199077 26.151816349476576 8.0876205468084645 1137.3012845121557 22.289714924991131 42.132977547589689 289.05104056629352 57.328576114028692 291.97408524993807 47.383362787775695 248.55878607882187 83.116208383115008 449.21175931254402 28.127185787074268 363.87292064260691 131.25700524274725 169.00056658871472 6.6322728265076867 78.040960794314742 35.504456758499146
leaf_count=1909 81 246 267 706 19433 5337 2204 293 7442 114 1062 3914 723 452 2017 1809 1115 141 428 1539 133 8467 112 3613 1211 516 2912 533 1381 2631 1569 5992 104 168 3618 7880 128 4849 854 155 430 730 2388 147 60 14999 345 167 2932 658 3234 1128 3432 1326 7295 652 1026 555 393 38 175 149
internal_value=6.47214e-11 -0.0193255 0.00331758 0.000571264 -0.0281167 0.00377958 0.00265616 0.0185863 -0.0347072 -0.003983 -0.00920424 0.00695402 0.0117934 0.012787 0.00511554 -0.00886195 0.00137071 0.0235722 0.0274036 0.0151241 0.0137099 -0.0421857 -0.00633688 0.00802836 0.00850163 0.00465901 -0.0118244 -0.00825862 -0.009847 -0.00366796 0.00465151 -0.0180368 0.00465904 0.0143472 0.00178812 -0.0258181 -0.0265585 -0.00270495 -0.00432036 -0.0146217 0.0312512 -0.00483567 0.00332484 0.00785577 0.00753273 -0.00315207 -0.0199181 0.00534245 -0.00909464 -0.0104747 -0.00823114 -0.0169625 -0.0138405 -0.002654 -0.0126707 -0.0129695 0.0169331 0.0117997 0.0197876 0.0044654 0.0221462 0.00628055
internal_weight=11397.8 1669.97 9727.87 8244.9 1311.05 6152.41 5873.12 1482.97 972.248 2307.93 338.802 3565.19 981.539 358.92 2583.65 2092.49 1130.39 154.327 279.291 1164.6 1055.49 528.02 1750.22 1453.26 736.832 465.684 470.327 2034.85 1582.3 256.86 204.592 235.888 758.357 143.125 554.996 444.228 81.9421 452.547 1279.89 130.369 318.372 399.357 535.345 302.349 11.7133 1149.52 110.413 117.599 1513.42 1224.36 909.758 314.606 267.223 403.217 506.54 111.243 829.181 296.307 532.873 173.394 122.914 166.761
internal_count=140317 51587 88730 83732 49179 53692 52558 4998 43222 30820 5957 21738 4822 2408 16916 30040 8751 593 1134 4301 4008 27900 25483 8165 4099 2888 9016 28231 22119 3860 1815 6104 4837 684 3722 15322 2097 6112 16467 1354 697 5579 4552 2164 188 15113 1199 1229 20738 17806 13165 4641 3513 5212 7953 1978 2469 1050 1419 742 308 704
is_linear=0
shrinkage=0.03


Tree=4
num_leaves=63
num_cat=0
split_feature=0 10 10 10 0 4 4 4 10 4 0 4 4 4 10 10 0 0 1 9 4 5 4 6 6 6 0 3 6 4 4 4 2 0 0 2 10 10 10 0 2 0 6 6 1 1 4 3 10 0 1 4 2 1 5 1 1 5 11 11 5 2
split_gain=721.522 456.032 408.575 239.617 194.148 167.397 88.9195 85.547 62.895 57.6886 40.6108 36.2753 32.9229 32.6473 36.0768 32.3464 30.2278 25.6847 33.7497 24.7191 22.282 21.263 20.0715 18.668 18.015 17.8829 17.55 17.4494 17.2796 16.2077 15.378 15.3497 15.2908 15.2855 14.7682 14.4732 14.1111 13.994 13.4995 16.8211 16.0802 13.4473 12.8519 18.4017 14.1124 12.7468 12.5633 12.4449 23.4161 13.9578 13.1029 12.6325 16.9595 14.6959 12.4068 12.3887 12.2484 12.0648 13.7086 18.855 11.9538 11.8539
threshold=0.66169357299804699 7.0854786740153477 5.7899554948754268 7.1970604017887565 0.90227201581001293 24287.500000000004 6151.0000000000009 1608.0000000000002 6.3216667670889342 5476.5000000000009 1.001074552536011 1608.0000000000002 31291.500000000004 26301.000000000004 5.3821962081647756 4.7833076179467886 0.41077405214309698 0.95213070511817943 29.500000000000004 1.0000000180025095e-35 2345.5000000000005 3.8977631933165147 15127.000000000002 0.75500320772010088 0.80729925227953248 0.7414357866343898 0.3780172616243363 0.5870211865992262 0.80235340630207119 26888.000000000004 7357.0000000000009 2040.5000000000002 3.7863159387407834 0.87482494115829479 0.83965697884559642 2.5915307424393945 7.3786877324789293 6.4208085979768308 6.3162515517017495 0.85082200169563305 3.0010526315789479 1.0459632873535158 0.86285065031944908 0.85964310244066244 420.00000000000006 554.50000000000011 4778.5000000000009 0.93078790088241758 3.8393944990995772 1.1136734485626223 212.50000000000003 706.50000000000011 3.5105193847450491 2578.5000000000005 3.4371591917992466 76.500000000000014 1310.0000000000002 3.8611557759882613 3.9535384784387992 3.9616852916810177 4.0224339918781027 3.583105121293801
decision_type=2 2 2 2 2 2 2 2 2 2 2 2 2 2 2 2 2 2 2 2 2 2 2 2 2 2 2 2 2 2 2 2 2 2 2 2 2 2 2 2 2 2 2 2 2 2 2 2 2 2 2 2 2 2 2 2 2 2 2 2 2 2
left_child=1 5 13 4 7 15 11 -4 26 33 37 -6 25 14 22 31 36 18 -11 24 -16 -22 47 -12 -13 -9 -7 -18 -27 -20 54 60 45 -5 35 -14 -3 -8 -30 -40 -41 -23 43 -26 -44 -10 -42 49 51 50 61 52 -49 -53 -17 -29 -36 -25 -59 -60 -1 -2
right_child=2 16 3 9 6 8 10 12 32 17 23 19 34 -15 20 30 27 -19 29 -21 21 41 -24 57 42 28 -28 55 38 -31 -32 -33 -34 -35 56 -37 -38 -39 39 40 46 -43 44 -45 -46 -47 -48 48 -50 -51 -52 53 -54 -55 -56 -57 -58 58 59 -61 -62 -63
leaf_value=-0.02427668327045035 0.01724567743055299 0.010450118359245088 0.031968573537978294 0.019965134028210877 0.032759218727892912 -0.045735262113403195 -0.0036979001139858443 0.023819925691464315 -0.018613253429947255 0.025349414260647303 0.025570300347973241 -0.0069188231109955124 0.01352805556019223 -0.027319561103145248 0.011550104789733879 -0.039336494123381707 0.016489060264007621 0.020149447878665717 0.016471255125673424 -0.027055265680026429 -0.0079152222418375252 -0.0010890925922337432 -0.02578506452359421 0.0032689804870502386 0.01452560646462913 -0.013373494879771502 -0.033998546813426407 0.002160890474170321 -0.007027765798555281 0.0037814505198623919 -0.011539641647442875 -0.039502890903519487 -0.03249218410013556 0.034340787535180196 -0.0077722858110723407 -0.019494534032090217 0.02729219543547589 0.003317253428079466 -0.0031782632537919932 -0.020630085987116589 0.024949057763879956 0.015080185794288539 0.0099408712076984526 0.035913382192492904 0.018975641057156663 -0.042330294662628949 0.0049485470661985555 0.014112880724529079 -0.0020240243677998862 -0.0035684030873825157 -0.015213723653446748 -0.022717415317289904 -0.035285981804339513 0.01579393965169653 0.0047789198780795461 -0.018812827574265178 0.028015942073097551 0.015490667656296458 -0.036213558843096391 0.0081065997159922906 0.036556378782905873 -0.0083912866505192925
leaf_weight=7.6857652654871327 18.452034341171384 81.210435641929507 58.485247611999512 98.56013410910964 103.28342992067337 304.68116665619891 357.27444503246807 22.336237785406411 226.99910300818738 113.09305035229772 55.800369620323181 33.696099146269262 12.657135955058036 74.199002666631714 101.28491935925558 6.0173585885204366 53.981363820377737 454.91250993963331 122.58316969592124 13.045892388094215 383.96134783152957 153.57467795466073 66.485238353023306 380.60360169829801 87.102832627017051 136.76394154934678 183.8567610833561 86.452392684295774 367.44704283867031 347.02210695855319 143.3329175383551 40.103107439121231 166.12660999037325 205.08067275583744 153.0119565873174 212.28335484606214 99.785792738199234 902.15784810727928 605.86441368761007 20.16412396915257 31.568212586920708 66.264956357423216 380.08025165973231 61.958688028156757 263.45447146939114 22.408331467537209 270.21475065266714 23.971908592153341 439.01095259003341 173.24671917408705 554.81973781855777 116.46819736249745 8.4631678350269777 9.6573476037010533 123.35573940561153 35.859932523686439 9.1197513509541732 260.16749850194901 8.722655504010616 901.49136772251222 4.6758209811523557 134.91255773510784
leaf_count=118 161 738 134 267 247 19433 3951 101 6843 309 129 222 59 2284 781 116 321 1320 376 186 5622 1729 1573 2670 402 2060 8467 622 5515 1970 2933 1427 7880 430 2163 6008 266 7442 8005 184 164 357 2179 140 945 599 2701 184 5431 1724 8487 2067 140 50 1350 461 59 1001 58 4094 13 2649
internal_value=2.84111e-11 -0.0187099 0.00316635 0.00676278 0.00408195 -0.0273812 0.00798935 -0.00375138 -0.0340206 0.0181732 0.00536067 0.0159823 -0.00488588 -0.00774004 -0.00709453 -0.00892161 0.0111235 0.0148075 0.010637 0.0139179 -0.00147111 -0.00365536 -0.00966006 0.00852219 0.0145648 -0.00281644 -0.0413183 0.00228193 -0.0032319 0.00709393 -0.00477146 -0.0304937 -0.0254409 0.0296745 -0.0126614 -0.0176364 0.0197354 0.0013272 -0.00216107 -0.000233686 0.00530764 0.00378472 0.0154781 0.0234156 0.0136396 -0.0207441 0.00704071 -0.00893519 -0.005593 -0.0112011 -0.0130683 -0.0154745 0.00122341 -0.0197686 0.00272704 -0.00398825 -0.00575923 0.00790885 0.00941771 0.00768188 -0.00126633 -0.00530678
internal_weight=10961.3 1586.53 9374.78 7050.01 5708.76 1229.24 3808.84 1899.92 904.072 1341.25 2866.22 942.622 1841.43 2324.77 2250.57 325.171 357.29 1037.61 582.698 839.338 705.086 603.801 1545.49 1606.79 826.292 1454.36 488.538 176.294 1432.02 469.605 272.706 52.4647 415.534 303.641 387.072 224.94 180.996 1259.43 1295.26 927.812 321.947 219.84 792.596 149.062 643.535 249.407 301.783 1479 597.572 881.431 708.184 158.561 32.4351 126.126 129.373 122.312 162.132 1550.99 1170.38 910.214 12.3616 153.365
internal_count=140317 51587 88730 55491 50819 49179 23666 27153 43222 4672 19345 4321 27019 33239 30955 5957 2408 3975 2655 4074 8489 7708 22466 7952 3888 18730 27900 1404 18629 2346 4399 1558 15322 697 8289 6067 1004 11393 16569 11054 3049 2086 3666 542 3124 7442 2865 20893 7872 13021 11297 2441 324 2117 1466 1083 2222 7823 5153 4152 131 2810
is_linear=0
shrinkage=0.03


Tree=5
num_leaves=63
num_cat=0
split_feature=0 10 10 10 0 4 4 4 4 10 0 10 4 10 10 0 1 4 4 10 5 10 4 5 0 0 4 6 4 2 4 6 5 10 1 1 4 3 11 0 0 2 2 4 2 0 1 2 3 0 2 3 0 4 1 10 1 6 3 10 10 3
split_gain=635.143 407.44 360.006 198.443 156.117 141.864 80.914 68.4982 54.5673 53.9849 37.7537 36.3394 34.7853 30.669 27.1083 26.7262 36.5512 25.1406 24.0911 20.3003 19.3343 18.9407 26.1892 16.4816 17.7746 15.8868 15.8303 16.8633 15.6639 14.839 14.8233 14.7935 14.5517 14.5441 13.5099 13.0868 13.0545 12.8531 12.5475 12.396 12.352 12.234 12.2231 12.1343 12.9818 11.8787 11.867 12.5695 11.7372 11.7071 11.5268 11.3776 12.2873 11.3426 19.3558 18.4113 16.6503 13.2693 11.2094 12.7093 11.08 10.9736
threshold=0.66169357299804699 6.9809845790130192 5.6612213479477846 7.1970604017887565 0.87740182876586925 24287.500000000004 2167.0000000000005 1608.0000000000002 5476.5000000000009 6.1954247594495966 1.001074552536011 7.3786877324789293 7264.5000000000009 4.7833076179467886 6.3071835403242495 0.94782158732414257 27.500000000000004 31291.500000000004 26301.000000000004 6.62737956271428 3.8889085621656223 4.6298509007569537 1393.5000000000002 3.8519971746363466 0.89031925797462474 1.0489733219146731 34571.500000000007 0.9635598348906742 10596.500000000002 3.3239308315344736 706.50000000000011 0.75689947191989082 3.8000212699882194 6.1727390012986101 74.500000000000014 64.500000000000014 1887.5000000000002 0.61821049638833581 3.866792748155532 0.93201935291290294 0.42663881182670599 3.0185803037275662 4.4355333465268165 48471.500000000007 2.717393359328844 0.36997218430042272 7.5000000000000009 3.1017983292594491 0.90678282035978508 0.87482494115829479 3.7129837236339482 0.70705606441917246 0.97619104385375988 2684.5000000000005 153.50000000000003 3.2769667020129059 1310.0000000000002 0.78317862367749347 1.3354206017338563 4.2555875595453383 4.3882378946731615 1.3077853964500503
decision_type=2 2 2 2 2 2 2 2 2 2 2 2 2 2 2 2 2 2 2 2 2 2 2 2 2 2 2 2 2 2 2 2 2 2 2 2 2 2 2 2 2 2 2 2 2 2 2 2 2 2 2 2 2 2 2 2 2 2 2 2 2 2
left_child=1 5 18 4 7 13 32 -4 20 45 12 26 14 30 -8 16 -10 35 21 25 39 42 -23 48 -25 -12 -3 -28 37 -16 -1 -30 41 50 -13 38 -15 -21 -9 -5 43 -6 53 -11 -45 -7 -29 -48 -24 -22 51 52 -14 54 -2 -55 57 -57 -59 -60 -58 -31
right_child=2 11 3 8 6 9 10 17 15 40 19 34 33 36 29 -17 -18 -19 -20 28 49 22 23 24 -26 -27 27 46 31 61 -32 -33 -34 -35 -36 -37 -38 -39 -40 -41 -42 -43 -44 44 -46 -47 47 -49 -50 -51 -52 -53 -54 55 -56 56 60 58 59 -61 -62 -63
leaf_value=0.031176403981326806 0.012972388437777345 0.012586514024283431 0.028665119546148865 0.0014594209563513815 -0.039852202139384889 -0.045087061797671121 0.00097997385755398863 -0.040070156540549511 0.024348050127045967 -0.032850589247446722 0.0025585721390027848 0.022900410911396791 0.024625098910123166 0.022391071864507509 0.02475093370972406 0.018533049940774454 0.0050185554337473159 -0.013623915386286418 -0.029275381248593111 0.033731706520128454 0.02254831431122295 0.01415076799540823 -0.012888247382569669 -0.011835011615896538 0.0026569875023607424 0.0091949175189127447 -0.016993266685732304 0.031943272145481254 0.025117110158075624 0.011162555713615277 -0.036131612600103002 0.0084029806355436464 0.032352090447214182 0.0013823660383921288 -0.009325803361803043 -0.005665653150546182 -0.0070188431620253318 0.015580433297599165 0.0025893693143947904 0.028028163455904295 -0.020690898826741501 0.018278766965704168 -0.039511148786332849 0.047846720444339824 -0.019380094416467115 -0.034432821523961619 0.027685866756817952 -0.0057661438341646458 -0.0044611542865355333 0.036886498513919543 -0.016105632914805209 -0.0066835943781651747 -0.034299436121486851 -0.031890530429783945 -0.009243435133738381 0.0049283050373423046 0.0062185234400165459 -0.01799546398469333 0.019425886625078874 -0.03788588370683784 -0.027118741892370641 -0.038121969187789054
leaf_weight=3.1550564505159846 39.337493960978463 74.080896970815957 53.818029392510653 35.147312447428703 3.3927789879962793 256.12817829276901 255.18770969193429 6.3425549590028814 109.85796037781984 203.25119022664148 559.17306741594803 142.51846884796396 22.22121738083661 14.382223375141619 83.633537256158888 479.54840050591156 443.41811364749447 294.76699319970794 48.642247394891456 46.876641218783334 77.1993488073349 59.401866987813264 358.70286785776261 105.98821877245791 270.74886452755891 774.08550990978256 58.017497782129794 11.72691401094198 52.866206549108028 304.47156334179454 44.187359909759834 483.85875299491454 113.65406877361238 1203.8150926870294 12.755706475581972 866.73737841995899 244.63161818159278 139.87841131724417 286.8507763389498 28.718085456639528 209.64590351027437 82.219663973897696 13.52687491616234 3.2501783210318527 12.63511838740669 148.95407343632542 12.006219289265571 63.980510253459215 254.13289390644059 152.4806515276432 81.265408862149343 80.028183937771246 3.7178750224411479 46.338653538376093 343.5714386892505 28.33479772368446 60.44417869951576 289.19395535450894 14.555810270365329 4.5775364004075518 10.536806659307329 4.1210661996155968
leaf_count=17 280 453 140 130 27 17550 2404 92 300 8811 3524 452 167 101 248 1385 2290 7571 1809 142 186 550 6571 1663 3189 4090 1478 72 129 1492 1541 2197 295 11195 141 12770 4220 464 4002 90 8114 457 378 25 501 7554 59 498 3768 291 1504 1040 42 991 4343 368 464 5297 155 99 115 26
internal_value=-1.07259e-11 -0.0179798 0.0030014 0.00612438 0.00373149 -0.026902 0.00664786 -0.00457085 0.0165934 -0.033316 0.0057395 0.00914287 0.00284614 -0.00944389 0.00859058 0.0133495 0.0088566 -0.00580045 -0.00842798 0.00860714 0.0280073 -0.00789409 -0.00519668 -0.00635807 -0.00142008 0.00641161 0.0012947 -0.00444537 0.0126531 0.0135422 -0.031646 0.0100493 0.0253159 0.000172593 0.020253 -0.00381231 -0.0053858 0.0201365 0.00166653 0.0134065 -0.0258967 0.0159751 -0.0112213 -0.030877 -0.00562529 -0.0411694 0.00385434 -0.000480587 -0.00939367 0.0320672 -0.00760566 -0.0010871 0.0161794 -0.010764 -0.00696113 -0.0139716 -0.0119346 -0.0147186 -0.0165241 0.0057144 0.00126976 0.0105044
internal_weight=10592.7 1515.31 9077.39 7129.35 5802.98 1140.22 4294.47 1508.52 1326.37 833.865 4095.2 375.086 2038.46 306.356 647.414 1032.82 553.276 1454.7 1948.03 2056.74 293.545 1899.39 1048.97 989.573 376.737 1333.26 219.812 145.731 723.48 392.226 47.3424 536.725 199.267 1391.05 155.274 1159.93 259.014 186.755 293.193 63.8654 428.782 85.6124 850.418 219.136 15.8853 405.082 87.7136 75.9867 612.836 229.68 187.233 105.967 25.9391 836.891 382.909 453.982 407.643 336.662 308.327 19.1333 70.981 308.593
internal_count=140317 51587 88730 58690 54018 48434 29443 24575 4672 42555 28664 3153 18118 5879 4170 3975 2590 24435 30040 10546 697 28231 15741 15191 4852 7614 2560 2107 2932 1766 1558 2326 779 13948 593 16864 4321 606 4094 220 17451 484 12490 9337 526 25104 629 557 10339 477 2753 1249 209 12112 4623 7489 6498 5919 5551 254 579 1518
is_linear=0
shrinkage=0.03


Tree=6
num_leaves=63
num_cat=0
split_feature=0 10 10 4 10 0 10 4 4 4 10 10 4 1 1 4 4 5 0 0 10 4 0 0 4 0 5 10 4 6 10 6 4 10 5 10 4 3 5 0 0 11 1 1 3 11 11 4 5 6 0 5 1 6 11 1 4 10 6 10 3 5
split_gain=568.71 369.136 318.175 183.491 167.092 105.485 66.2449 57.6829 47.7148 37.4282 44.2181 36.7633 38.0673 31.3438 28.7403 27.554 26.4251 25.7303 22.9075 22.5532 21.9282 21.3272 20.6297 19.4608 18.0763 17.8766 20.5867 17.8641 23.1815 17.6958 16.8271 16.514 16.3345 23.5604 18.0557 17.9856 16.144 16.106 20.6202 15.5781 15.2639 14.4115 14.0329 13.9578 13.9385 13.2323 12.9121 12.6821 12.5777 20.8566 12.2773 14.8307 12.2412 12.1217 11.9792 19.7543 11.971 11.7888 11.7533 11.7119 12.7946 11.4338
threshold=0.71280258893966686 7.0854786740153477 5.6612213479477846 24287.500000000004 7.3849183426978353 0.9230240285396577 6.1954247594495966 1608.0000000000002 2167.0000000000005 1887.5000000000002 4.7833076179467886 6.62737956271428 10596.500000000002 29.500000000000004 30.500000000000004 66438.000000000015 4334.0000000000009 3.8687948354831319 0.85082200169563305 0.9343937635421754 7.4280360173618503 8369.0000000000018 0.59998327493667614 0.44235934317111975 7264.5000000000009 1.0296711325645449 3.8078271381466413 6.1954247594495966 9945.5000000000018 0.76619276416568571 7.4573136929988291 0.8503679992193437 2684.5000000000005 3.2769667020129059 4.1777724213056038 4.6774800307930642 706.50000000000011 1.0751602868023571 3.8946697818338221 0.92985615134239208 0.5421368181705476 3.9925929284603563 270.50000000000006 153.50000000000003 0.93078790088241758 4.9982638888888902 4.7081773618538332 10368.500000000002 3.8818424575963641 0.85606117616640043 1.1902310848236086 4.0299371120258369 216.50000000000003 0.85165109012783846 4.1473790425741592 181.50000000000003 4778.5000000000009 6.7487567987550685 0.85844132063267198 6.1047832673922153 0.92739242548779111 3.9049010079671125
decision_type=2 2 2 2 2 2 2 2 2 2 2 2 2 2 2 2 2 2 2 2 2 2 2 2 2 2 2 2 2 2 2 2 2 2 2 2 2 2 2 2 2 2 2 2 2 2 2 2 2 2 2 2 2 2 2 2 2 2 2 2 2 2
left_child=1 3 32 9 5 7 40 -4 -7 23 -11 17 -13 -9 -3 31 -6 25 -15 30 58 -19 -8 -1 57 46 47 -20 -29 41 42 -14 35 -34 39 43 -37 -24 -39 56 -5 -23 -18 -2 -41 -26 52 -27 -30 -50 -46 -52 54 -33 55 -10 -35 -12 -16 60 -25 -38
right_child=2 14 4 6 16 8 22 13 11 10 24 12 15 18 20 -17 19 21 27 -21 -22 29 37 59 45 26 -28 28 48 -31 -32 53 33 34 -36 36 61 38 -40 44 -42 -43 -44 -45 50 -47 -48 -49 49 -51 51 -53 -54 -55 -56 -57 -58 -59 -60 -61 -62 -63
leaf_value=-0.039451702597806511 0.0090395989231629118 0.016736692706087332 0.02807925240373452 -0.042115394328983459 0.037383005871035761 0.023251715254918034 -0.027186884587936902 0.012929585772185677 0.015255059332790248 -0.038170075645011625 -0.0037744937515801266 0.0182028088418957 0.011310788210905698 -0.0055485734966549483 -0.042574884455463681 0.023363815901264788 0.0099278523117018718 0.014251294609711744 -0.0083935638753676774 0.024628472267947309 0.023019340996922336 0.013883446356551227 -0.019627361962904218 0.021566910062615022 -0.014115914860659015 0.011979868857547033 -0.010566349161337049 0.0097632034594559696 0.0067943943698268849 0.0055569260370312385 0.021642915559071146 -0.035251174714735552 -0.032051347181055831 -0.0058509137960496907 0.0051009404593213873 0.040305958876448611 -0.0029275017624278412 0.028595220434271668 -0.015283108861861017 -0.010808521843538589 -0.028175213874846273 -0.045853068670103213 -0.014697622812005815 -0.0093572952282758928 -0.0048598283028938706 0.023170615176931135 0.022550323834758672 -0.00010370991197249526 -0.013133265257662183 0.000966505586840232 0.01968331812389661 -0.052940803714250979 -0.0014020231686288399 0.0040630366430562392 -0.018258742426457628 -0.039611172007782414 -0.018969288853320103 0.015180804198078234 -0.0023205764125237846 0.040221891172594837 -0.030125273914841013 0.014069949237160441
leaf_weight=4.8781254198402157 41.660926865413785 231.99111200356856 61.908629301935434 328.1260794721311 80.012599639594555 171.20554527407512 350.44139017653652 130.82278895168565 25.958297801436856 45.275309207616374 124.20203191065229 420.81047523580492 396.05986968125217 966.01830454112496 6.8476146934553972 93.435884677572176 117.70031718024984 297.74286944558844 158.35785393626429 282.98861368373036 32.548399808816612 5.4524736423045423 126.43458370713051 18.268266671337191 203.6810013379436 234.28836029977538 63.869567078072578 275.28885872778483 149.22282888367772 877.13676554267295 99.357564598321915 7.1297468808479598 41.24815416475758 84.935352626140229 76.609998462721705 10.417928367853163 126.18916696170345 16.001409490127116 24.242524836212397 505.34729544864967 90.104475739528425 10.902623187284915 25.304191531613469 340.29317789338529 274.96913115098141 8.9419827808160317 16.629836594220251 117.31086663668975 134.78412157506682 315.28218771959655 32.302416014950722 2.745839267037808 336.15512117533945 705.30336185125634 88.768831824883819 7.6455116895958772 238.13188979984261 38.739560058573261 139.85271735745482 20.636586075648665 5.6398246409371486 49.624274522531778
leaf_count=80 298 1300 174 22252 159 641 15498 1144 227 1680 1788 1503 2081 16172 214 272 472 1414 2523 738 143 26 4228 134 4027 1287 507 1869 1612 5493 281 104 991 1360 619 27 1662 215 515 8646 3974 131 120 4448 4041 71 162 1005 1876 3104 276 37 3185 4254 1211 101 6018 215 1204 56 65 387
internal_value=6.48027e-12 -0.0152346 0.00325738 -0.0225488 0.00629285 0.00479334 -0.0302344 -0.00046687 0.00776788 -0.00726219 -0.0101626 0.00705231 0.0104373 -0.00129665 0.00976542 0.00771852 0.0213222 0.00441381 -0.0022277 0.0188761 0.00074292 0.00729763 -0.0230545 0.0174349 -0.0067862 0.000556643 0.00510197 0.00087804 0.00255683 0.00498042 0.0121594 0.00639976 -0.00784459 -0.00975358 -0.00899662 -0.00362369 0.00402025 -0.0143661 0.00216337 -0.0099453 -0.0391121 -0.0259381 0.00557045 -0.00735069 -0.0077363 -0.0125478 -0.00341771 0.00794819 -0.000753484 -0.00325604 -0.0027284 0.0139936 -0.00435951 0.0036696 -0.0124837 0.00277194 -0.0155204 0.000732151 -0.00419955 0.0236646 0.00937293 0.00187012
internal_weight=10314.2 1816.85 8497.33 1405.61 6672.85 6067.49 935.35 2191.69 3875.81 470.263 420.84 3704.6 1622.74 2129.78 411.24 1201.93 605.363 2081.86 1998.95 525.351 179.249 1191.23 517.12 49.4228 375.565 890.626 415.469 1032.94 874.578 893.492 242.362 1108.49 1824.48 1256.29 1215.04 568.185 186.231 166.679 40.2439 1138.43 418.231 16.3551 143.005 381.954 815.365 212.623 475.158 351.599 599.289 450.066 310.017 35.0483 458.528 712.433 122.373 33.6038 323.067 162.942 146.7 44.5447 23.9081 175.813
internal_count=140317 57659 82658 54798 53848 52078 46682 28474 23604 8116 7781 22963 8214 28300 2861 6711 1770 14749 27156 1611 1561 7064 20456 335 6101 7685 2799 10984 8461 5650 873 6439 28810 21988 20997 6822 2076 4958 730 20378 26226 157 592 4746 13000 4098 4886 2292 6592 4980 4354 313 4724 4358 1539 328 7378 2003 1418 255 199 2049
is_linear=0
shrinkage=0.03


Tree=7
num_leaves=63
num_cat=0
split_feature=0 10 10 10 0 4 4 10 4 4 4 0 0 10 0 1 4 4 4 10 10 4 5 9 4 10 4 10 0 1 0 0 5 1 1 4 3 1 11 1 6 10 2 1 3 1 5 5 0 1 1 3 4 10 4 0 6 3 0 2 6 6
split_gain=532.829 344.756 298.307 176.334 137.851 93.1372 77.9278 57.6459 56.5057 49.0206 39.3413 28.9733 25.6045 24.1037 23.963 32.501 22.4069 22.3526 20.7337 19.5032 19.0408 20.6052 18.0357 18.0185 17.7836 15.785 15.9561 17.1439 14.2881 14.0639 23.852 13.7739 13.7133 13.6355 13.3849 12.9823 12.9715 12.967 12.9398 12.9072 11.9954 15.4299 11.9511 11.8714 13.0695 11.7399 11.3029 21.344 14.5394 12.7095 11.1327 11.0935 13.4756 11.0751 16.6444 10.9623 10.8506 10.8124 10.7334 14.0322 10.9541 15.5076
threshold=0.66169357299804699 6.7487567987550685 5.6612213479477846 7.1925524824479465 0.87740182876586925 24287.500000000004 7264.5000000000009 7.3581864408406057 1608.0000000000002 5476.5000000000009 1608.0000000000002 1.001074552536011 0.42663881182670599 6.5139714008924194 0.86198595166206371 27.500000000000004 31291.500000000004 20445.500000000004 26301.000000000004 6.2235673486733658 5.3399361658330653 2976.5000000000005 4.0433932214320656 1.0000000180025095e-35 60596.000000000007 5.3729582179059152 2684.5000000000005 3.2769667020129059 0.87482494115829479 153.50000000000003 0.9139937460422517 0.97619104385375988 4.199685737614046 74.500000000000014 52.500000000000007 15127.000000000002 0.68683423776267827 1391.0000000000002 3.6949432916441434 601.50000000000011 0.85248649992606917 5.8536372009884516 2.9563332324455209 43.500000000000007 1.5615182250254129 173.50000000000003 4.1480391834438821 4.0729138910488176 1.0077064037323 27.500000000000004 64.500000000000014 1.1797435604204705 35874.000000000007 4.6774800307930642 706.50000000000011 0.36997218430042272 0.75500320772010088 0.82255133027510718 0.74544954299926769 3.2353087503658187 0.89501902689674295 0.88058015619641872
decision_type=2 2 2 2 2 2 2 2 2 2 2 2 2 2 2 2 2 2 2 2 2 2 2 2 2 2 2 2 2 2 2 2 2 2 2 2 2 2 2 2 2 2 2 2 2 2 2 2 2 2 2 2 2 2 2 2 2 2 2 2 2 2
left_child=1 5 18 4 8 20 10 17 -4 28 -6 -8 43 23 15 -11 50 34 25 -13 22 38 -1 31 -19 26 45 -28 -5 -27 -31 -12 56 -9 -3 -29 40 -34 -22 -15 41 -33 -36 44 -7 -2 47 -16 -48 -49 -10 52 -35 -47 -55 -26 -21 -51 59 -52 61 -60
right_child=2 7 3 9 6 12 11 33 16 14 13 19 -14 39 46 -17 -18 24 -20 32 21 -23 -24 -25 55 29 27 35 -30 30 -32 36 37 51 42 -37 -38 -39 -40 -41 -42 -43 -44 -45 -46 53 48 49 -50 57 58 -53 -54 54 -56 -57 -58 -59 60 -61 -62 -63
leaf_value=-0.032613320975519493 0.0061197644010219619 0.013951297508743202 0.026720098725692282 0.017399804208110825 0.028441822952378439 -0.0336900912138842 -6.0837978044999089e-05 0.01831978120401262 0.001110180040553421 0.021490333303906595 0.0026491633818149221 0.00026561948914299171 -0.026515765179014564 0.013625152402371849 0.017425568695593099 -0.0013984317786858889 -0.01368160026141515 -0.013224258359675075 -0.028230365220830264 0.02275421675627725 -0.05815078582193281 -0.011183512360867801 0.0084869330957758077 -0.023832276901437403 0.030062016899452551 0.0086586308818937096 -0.031174123054096108 -0.0095842214770018863 0.032015742199033137 -0.019074881527636686 -0.00026929555536526887 -0.030859807078164391 -0.0095362953296406917 0.025048461904611834 0.020842962016944525 -0.025276962913346912 0.013821651305713667 0.036860286910853919 0.025703664556615546 0.027139424516322608 -0.001388032515407293 0.030222296008890055 -0.033945835143989862 -0.042211440776587596 0.0056332807857687132 -0.0093904583863044719 0.01459264184284737 0.043380761013799979 0.025783826516654909 -0.011629144398802537 0.00031735033774879989 -0.046331757941393888 -0.020012529819690494 0.03989005998080896 -0.0019471482221703716 -0.0086235468609691685 0.0083562579949377751 0.0080217283223358686 -0.0047966237369582833 -0.017920893244794955 -0.0094064722136992969 0.0081499785732714429
leaf_weight=57.549530083313584 76.045290827285498 66.072783955140039 49.441961225122213 90.923037800937891 118.59401297196746 120.07384353177622 1299.92653495376 170.90652891388163 282.7243677508086 77.985918822232634 286.26489533053245 377.59326296369545 245.48971674102359 378.86207447818015 162.0709336635191 196.55810234835371 268.98333885252941 206.34039000270423 44.256558704655617 49.577223397791386 1.7953392788767839 150.60978604783304 11.535255659371613 16.427547722123563 14.777630647178741 84.589807562530041 37.84445155155845 786.5047972825123 178.11819615215063 81.720043393550441 235.99524767999537 4.4189549665898111 58.311590801458806 12.90715197846294 5.2833306957036283 50.491418630816042 368.609247187851 5.9771038293838492 21.374157360056415 76.437139868736267 110.55944710294716 23.598933639703318 11.134825705550609 281.67081770463847 8.1212806021794659 328.66424948372878 318.64765093033202 5.7902027070522299 155.45172179117799 53.201608865987509 54.851631278637797 4.6710062390193334 11.11794103309512 9.372851796448229 98.469992274418473 11.902041093911974 945.80278716550674 47.879168434068561 286.78046113601886 123.33704500657041 215.99344854906667 117.33657570648938
leaf_count=1909 667 544 140 267 313 6843 13827 631 4094 245 2532 2578 11939 1541 525 1492 7396 5914 1809 129 26 2977 188 240 118 1359 1009 13433 430 1512 3241 52 367 47 20 1381 1894 13 184 204 755 106 81 19585 279 4433 1076 13 400 323 639 43 138 27 1169 121 4741 227 4534 2553 3626 1418
internal_value=-3.84481e-11 -0.0170765 0.00279305 0.00568631 0.00335526 -0.028297 0.00611787 0.00248918 -0.0047798 0.0156879 0.01192 0.00318462 -0.0341778 0.0103713 0.0126769 0.00510326 -0.00593343 -0.00549315 -0.00794575 0.00611997 -0.0124281 -0.00713176 -0.0257507 0.00726656 -0.0102441 -0.00744415 -0.00896131 -0.0114239 0.0270763 -0.00221205 -0.00510631 0.00791042 0.00820606 0.0151068 0.00792742 -0.0105309 0.01088 -0.00522267 0.019206 0.015894 0.00305523 0.0205885 -0.0163149 -0.038767 -0.0311989 -0.00475811 0.0154753 0.0105627 0.0182621 0.000155027 -0.00400551 -0.00402876 0.00419587 -0.00665318 0.00168901 0.012804 0.00907338 -0.00232107 -0.00581728 -0.0123066 -0.00395256 -0.00103754
internal_weight=10054.3 1413.33 8640.99 6807.04 5520.41 898.22 4120.96 515.114 1399.45 1286.63 1383.77 2737.19 655.356 1265.18 1017.59 274.544 1350.01 315.511 1833.95 1437.26 242.864 173.779 69.0848 809.879 233.02 1789.7 1387.39 874.841 269.041 402.305 317.715 793.451 1059.67 199.603 82.4909 836.996 507.187 64.2887 23.1695 455.299 138.577 28.0179 16.4182 409.866 128.195 512.552 743.041 268.942 474.099 106.871 1081.02 28.6961 24.0251 436.507 107.843 26.6797 995.38 101.081 798.299 178.189 620.11 404.117
internal_count=140317 51587 88730 58690 53692 43930 29292 7657 24400 4998 7637 21655 38646 7324 4301 1737 24260 6798 30040 7828 5284 3187 2097 5579 6153 28231 22119 15823 697 6112 4753 5339 5250 859 645 14814 2807 380 210 1745 913 158 101 26707 7122 6296 2564 1088 1476 563 16864 228 185 5629 1196 239 4870 550 12770 3192 9578 5952
is_linear=0
shrinkage=0.03


Tree=8
num_leaves=63
num_cat=0
split_feature=0 10 10 10 0 4 4 4 10 4 4 0 10 10 10 0 4 1 10 4 9 10 5 4 4 0 5 0 2 1 10 0 1 1 10 1 11 1 1 0 11 6 0 4 1 1 9 11 2 0 5 4 4 11 5 5 2 0 5 3 3 10
split_gain=480.555 321.541 279.859 165.814 127.192 112.667 73.8731 52.8482 44.4026 40.9486 34.537 27.4224 24.1958 22.1248 21.4146 21.0439 20.5563 20.3775 18.4125 18.3573 16.218 16.1633 16.1094 15.6684 15.2517 14.1486 13.892 13.7091 13.4681 13.4067 13.251 14.0528 19.7409 12.9357 12.5718 12.4204 12.6459 12.3551 11.9252 11.7355 11.7299 14.3034 11.3872 11.0797 10.9506 10.8694 10.837 10.8092 10.8063 11.3533 10.7869 18.2077 14.1978 11.2324 26.3581 10.6313 10.5438 10.3188 10.1483 10.1175 9.96897 11.0045
threshold=0.66169357299804699 7.0854786740153477 5.6612213479477846 7.1970604017887565 0.87740182876586925 24287.500000000004 6658.5000000000009 1608.0000000000002 6.3216667670889342 5476.5000000000009 1608.0000000000002 1.001074552536011 5.3399361658330653 7.3581864408406057 6.6567190895965176 0.95213070511817943 31291.500000000004 20.500000000000004 6.2235673486733658 26301.000000000004 1.0000000180025095e-35 5.3729582179059152 4.0433932214320656 6896.0000000000009 4778.5000000000009 0.87482494115829479 4.199685737614046 0.89031925797462474 2.8593933470554922 90.500000000000014 3.3497501700808394 1.1469420194625857 786.00000000000011 153.50000000000003 7.2760554143373364 34.500000000000007 4.4128614122880192 117.50000000000001 5.5000000000000009 0.3780172616243363 3.8033128547471624 0.96467289416659796 1.0550453066825869 6614.0000000000009 64.500000000000014 48.500000000000007 7.5000000000000009 4.9982638888888902 3.7863159387407834 0.64549821615219127 3.8687948354831319 6151.0000000000009 2167.0000000000005 4.3667816482696109 3.8977631933165147 3.9655189191151416 2.4825039517310512 0.85934117436409008 3.4575444304623733 0.4243739695892535 1.6051568819807567 4.6298509007569537
decision_type=2 2 2 2 2 2 2 2 2 2 2 2 2 2 2 2 2 2 2 2 2 2 2 2 2 2 2 2 2 2 2 2 2 2 2 2 2 2 2 2 2 2 2 2 2 2 2 2 2 2 2 2 2 2 2 2 2 2 2 2 2 2
left_child=1 5 19 4 7 12 10 -4 39 25 -6 -8 22 28 20 17 44 -11 55 21 42 24 -1 -14 29 -5 -20 37 -3 46 -26 -32 -33 58 57 -30 -37 -23 -15 -7 -16 43 50 -42 -9 -24 -2 -25 49 -10 51 52 -12 59 -55 -13 -18 -19 -29 -52 61 -31
right_child=2 13 3 9 6 8 11 16 48 15 14 18 23 38 40 -17 56 34 26 -21 -22 27 45 47 30 -27 -28 33 35 60 31 32 -34 -35 -36 36 -38 -39 -40 -41 41 -43 -44 -45 -46 -47 -48 -49 -50 -51 53 -53 -54 54 -56 -57 -58 -59 -60 -61 -62 -63
leaf_value=-0.031957250913909947 0.013793167887329639 0.031899812675113957 0.026251241910499643 0.016194693363117175 0.02753412876890339 -0.041464359730817107 0.00018962254374960334 0.0011743454818131346 -0.020137255213095874 0.023846970137705259 0.019383188876019943 -0.0046857888405402231 0.004044400352878388 0.035196744775333084 0.04112754571549964 0.017730723489870696 0.020577270560739155 0.0032534057452352078 0.0088548480074569346 -0.027490137676191576 -0.025034172333410418 0.0021943384670982322 -0.042046663058120645 -0.014141761023864115 -0.039948103764399431 0.031038739284013597 -0.0063167200518830851 -0.04247620987238232 0.0042358754563355068 -0.0099705364859756281 -0.013986636564171644 -0.018179988342341778 0.011316723387491805 -0.0012099296998809152 0.0034960628306983286 -0.024675995775613607 0.014277743617184856 -0.018602905974657493 0.01292104369114609 -0.030877840489640089 0.023466863448754795 0.0028122501494363765 0.014505060545904303 0.0059441628300557752 -0.0056824397610106886 0.022888751293299307 -0.061308774562915044 0.022196683556905353 -0.029314573120382964 0.011565235238473744 -0.032051661617877591 -0.019537596960463539 0.0025883218954749609 0.030196773219720776 -0.017452753885426529 0.0054499416671983502 -0.014140630756382161 0.021632784135222696 0.020768301179494825 0.015020788687426321 0.022958531917177668 -0.0020722976575315902
leaf_weight=53.769770191749558 39.106032980140299 10.701997908763586 48.250238038599491 86.563515096902847 116.58075357973576 256.30455799325136 1366.9632020625286 287.13887131423689 191.22747307817917 69.458989776670933 53.674760094145313 187.94577820203267 107.6018588480074 24.686920806765556 17.985913755372167 414.199847063981 8.1166661307215673 43.566708298865706 1035.9404110736214 41.725946260266937 13.104611510410903 40.38600374176167 3.1187875103205434 111.49839650082868 15.623335893731563 173.8557460680604 57.323841286124662 2.4279275070875874 73.682610204210505 518.46222256217152 461.78900892590173 34.433815713273361 50.176756066037342 250.80756187136285 341.56767581799068 33.690422247629613 9.6486327087040973 70.73898305860348 174.63818573392928 149.04117250337731 157.8586128607858 56.980577317997813 218.45633908477612 40.888408543542027 776.51280483813025 9.0578280165791494 1.8092209305614222 7.8884373903274527 139.24742934620008 10.737500733230261 4.1905717412009826 29.016992124961689 290.37888213549741 15.472487974446265 32.175230272114277 184.62818758562207 262.08091853302903 74.513280625455081 38.37126362323761 212.28306225594133 9.7641119938343746 228.83869214577135
leaf_count=1909 457 69 140 267 313 19433 14403 4094 7166 187 266 1886 1229 80 42 1320 47 269 5034 1809 240 650 128 2567 538 430 380 73 716 7359 9688 618 381 3510 1967 638 126 1480 779 8467 540 232 946 187 12770 60 10 64 7880 276 33 326 2470 65 225 850 7524 232 399 1005 89 2979
internal_value=2.06987e-12 -0.0165099 0.00265988 0.00549258 0.00327574 -0.0246724 0.00593347 -0.00459274 -0.0308592 0.0155736 0.0119798 0.00324617 -0.00890521 0.00943384 0.0103926 0.0126664 -0.00570848 0.00870183 0.00609654 -0.00782292 0.00808715 -0.00735738 -0.0249012 -0.00425793 -0.00892063 0.0261046 0.00805935 -0.00207834 -0.000313818 -0.00625444 -0.0127062 -0.0119273 -0.000687502 0.00133851 0.0064132 -0.00325985 -0.0160037 -0.0110446 0.0156799 -0.0375718 0.01771 0.0160629 0.00859442 0.0198619 -0.00383141 0.00625689 0.0104723 -0.0117407 -0.0228848 -0.0184518 0.006568 0.00328372 0.00520844 0.011207 -0.00197968 0.00033695 -0.0130977 0.0148515 0.0170047 0.0141095 -0.00715843 -0.00755194
internal_weight=9848.68 1366.54 8482.13 6677.67 5473.95 1039.49 4091.85 1382.1 746.558 1203.73 1259.05 2832.8 292.935 327.049 1142.47 943.307 1333.85 529.107 1465.84 1804.46 868.753 1762.73 65.9464 226.989 1360 260.419 1093.26 402.732 127.724 797.98 562.023 546.4 84.6106 291.607 459.648 117.022 43.3391 111.125 199.325 405.346 273.714 255.728 855.648 198.747 1063.65 12.1766 40.9153 119.387 341.212 201.965 637.192 373.071 344.054 264.121 47.6477 372.574 270.198 118.08 40.7992 216.474 757.065 747.301
internal_count=140317 51587 88730 58690 54018 49179 29443 24575 43222 4672 6890 22553 5957 2408 6577 3975 24435 2655 8150 30040 5576 28231 2097 3860 22119 697 5414 6112 1549 10894 11225 10687 999 3982 2468 1480 764 2130 859 27900 1001 959 5336 727 16864 188 467 2631 15322 7442 4390 3062 2736 1328 290 2736 7571 501 472 1038 10427 10338
is_linear=0
shrinkage=0.03


Tree=9
num_leaves=63
num_cat=0
split_feature=0 10 10 4 0 4 5 10 10 10 4 0 1 4 10 5 4 4 10 4 0 6 10 9 4 0 3 4 10 6 1 1 4 4 4 2 1 3 0 10 4 1 11 6 4 10 10 5 1 0 1 0 4 0 4 1 5 10 10 3 6 4
split_gain=438.864 300.695 251.52 154.154 105.456 81.4243 68.0218 58.9821 55.1094 53.3536 33.571 28.1213 24.4436 24.0001 23.278 22.4503 23.3304 22.3726 22.0988 20.2857 19.3853 18.0704 17.199 16.6076 16.0616 15.855 18.0978 15.6566 15.5471 18.1483 20.5566 13.9955 13.4594 12.6229 12.604 12.4316 15.8887 11.5601 11.5508 11.2394 13.131 11.6264 11.6172 11.2093 11.1902 18.2845 13.232 12.5727 12.0707 11.4951 15.6239 10.9752 12.474 10.8906 10.8539 10.764 10.7438 10.4248 12.7267 19.5993 12.2002 10.3666
threshold=0.66169357299804699 6.7487567987550685 5.7899554948754268 6151.0000000000009 0.92755046486854564 24287.500000000004 3.8747856574761594 7.2121962936013082 7.08965930037769 7.3581864408406057 2684.5000000000005 0.86981922388076793 48.500000000000007 20445.500000000004 5.3729582179059152 3.8977631933165147 2345.5000000000005 15127.000000000002 6.1257619542170465 60596.000000000007 1.051822364330292 0.7414357866343898 4.7833076179467886 1.0000000180025095e-35 21918.500000000004 0.73409724235534679 1.0706160111657426 7805.0000000000009 6.6567190895965176 0.91947103353205861 413.50000000000006 50.500000000000007 1887.5000000000002 2040.5000000000002 2167.0000000000005 3.8685600297229406 1284.0000000000002 0.97108269809791736 0.41077405214309698 6.4208085979768308 18878.500000000004 41.500000000000007 4.295537040573806 0.97264051834927623 1684.5000000000002 2.8029010331479989 4.6774800307930642 2.9546192980335042 88.500000000000014 1.1584513187408449 786.00000000000011 1.0581573247909548 2167.0000000000005 1.0296711325645449 5899.5000000000009 478.50000000000006 4.1480391834438821 6.0741952825945456 6.3162515517017495 1.0432964064254875 0.87701163678239502 706.50000000000011
decision_type=2 2 2 2 2 2 2 2 2 2 2 2 2 2 2 2 2 2 2 2 2 2 2 2 2 2 2 2 2 2 2 2 2 2 2 2 2 2 2 2 2 2 2 2 2 2 2 2 2 2 2 2 2 2 2 2 2 2 2 2 2 2
left_child=1 5 14 6 7 22 11 21 20 13 -8 33 -9 -3 17 16 -16 44 -7 -15 39 -5 34 51 -14 26 27 -23 31 -30 53 -12 -24 -4 -1 -22 -37 -21 -11 40 42 -42 57 -10 46 -46 48 -47 -2 -49 -51 52 -13 -31 -54 -40 -26 -6 -59 60 -60 -48
right_child=2 9 3 4 8 18 10 12 43 38 28 23 24 19 15 -17 -18 -19 -20 37 35 25 32 -25 56 -27 -28 -29 29 30 -32 -33 -34 -35 -36 36 -38 -39 55 -41 41 -43 -44 -45 45 47 61 49 -50 50 -52 -53 54 -55 -56 -57 -58 58 59 -61 -62 -63
leaf_value=0.00021425725575475337 0.021126325939296489 0.0087962381077375286 0.021084979802711463 0.022811420709503948 0.012404224348266454 -0.038268162194565289 0.031568513200135373 0.01767085731267487 0.016331195590501283 0.020900634605578245 -0.01685187422322704 0.019657052838988553 0.025673676736893993 -0.014135628609622749 0.0095096173820910027 0.00546347151944901 -0.0089226993168853592 -0.026018119502434787 -0.026801231681000254 -0.0036657270023428973 0.011406191537217216 0.0095351019484570757 0.020878112170374608 -0.027557855392693439 -0.010415483933760915 -0.0040196430690852131 0.0028490594988080202 -0.019333084440711395 0.026944609763315284 0.0066596305771854762 0.036833659522093505 0.013221370755830523 -0.010226212345322439 -0.0084268670962154447 -0.038710289139852812 0.0041373972881271681 -0.061966845646461821 0.036271559818871348 0.0085048705632475088 0.004317197929854826 0.042653850426614334 -0.0088532951706060178 -0.0088207736224744215 0.0022217380942496042 -0.036471288262603832 0.016899082729370334 0.038482749073623618 -0.010649264453624137 -0.0081558031013663906 -0.015343470922972766 0.0086838524820980704 0.018426020061553566 0.0046849910812117009 -0.036515003312351635 0.020261947659798669 -0.045114287686966542 0.0038985320709048238 -0.0099290789177787723 0.033898573468418923 -0.052028336435326006 0.0034242368884158372 0.0037898253567574831
leaf_weight=9.8374563921242935 13.40579113550484 77.336872788378969 14.709520965348927 20.799407493323088 110.71606597397476 312.97018309897976 183.91806464269757 145.90613743755966 518.31561842549127 112.97509955754504 14.743276602588592 78.294039897155017 24.089363440871239 188.8294497274328 73.600792072713375 233.12949604494497 385.53233225736767 65.272753535420634 292.73647645622259 14.825740217231216 475.9162047036225 18.70367264887318 13.47181639401242 10.261769890319554 65.1035195607692 1315.7997259399854 55.553179947426543 176.14671306137461 191.13966006739065 67.131182351149619 21.21710775513202 251.67748983530328 177.33895940083312 115.19629158661701 31.334172041388229 263.48642549593933 3.3135882504284373 11.647793435025958 82.716528226621449 1032.9642200537492 4.0354037978686383 174.39376169233583 62.035156080964953 56.167513597290963 22.306237316457555 16.584735128795728 8.7672880310565215 821.14522719418164 230.77169971121475 38.409221330424771 66.574346258537844 136.0410703541711 340.76836836559232 5.7050723135471335 45.652535823173821 3.5126746194437137 171.54136014077812 60.653308797627687 19.470975808799267 4.2099662683904162 30.102381239179522 66.919823661912233
leaf_count=146 57 645 93 116 780 22911 436 531 1933 367 190 307 82 5914 622 2362 7255 2262 15735 159 2236 242 93 225 644 20976 817 4725 576 348 54 1458 3633 1709 1412 1570 22 80 463 7193 20 1769 883 320 572 232 27 14916 3050 678 491 524 2458 29 185 29 941 724 88 49 238 715
internal_value=1.13954e-11 -0.0160057 0.00255516 0.00552695 0.00292392 -0.0269379 0.0140061 -0.00235549 0.00666188 0.00261355 0.0204689 0.00759032 0.00783843 -0.00553859 -0.00659102 -0.00211824 -0.00596793 -0.00888434 -0.0327262 -0.0106877 0.00453705 -0.00496749 -0.0118245 0.0102852 0.00233624 -0.0053364 -0.0122556 -0.016562 0.0167681 0.021636 0.0108476 0.0115572 -0.00803015 -0.00508518 -0.0294097 0.00850016 0.0033164 0.0139058 0.0145894 0.00257288 -0.00129686 -0.0076884 0.00267419 0.0149517 -0.00801394 -0.00962578 -0.00315105 -0.00899057 -0.00654816 -0.00945419 -0.000106769 0.0109316 0.00873769 0.00327788 0.00652528 0.00632061 -3.94057e-05 0.00584134 -0.000508168 0.0101161 0.0153937 0.00780851
internal_weight=9657.83 1329.53 8328.3 6285.88 4809.42 837.689 1476.46 1993.64 2815.78 491.844 735.532 740.924 406.64 292.64 2042.42 692.263 459.133 1350.16 605.707 215.303 2241.3 1587 231.982 611.018 260.734 1566.2 250.404 194.85 551.614 285.193 94.0534 266.421 190.811 129.906 41.1716 742.716 266.8 26.4735 199.204 1498.58 465.617 178.429 287.188 574.483 1284.88 965.02 319.865 942.714 244.177 926.129 104.984 600.756 464.715 72.8363 386.421 86.2292 236.645 225.153 114.437 53.7833 49.5734 75.6871
internal_count=140317 51587 88730 55491 46899 43930 8592 29074 17825 7657 3091 5501 2198 6798 33239 10239 7877 23000 38646 6153 15572 26876 5284 3699 1667 26760 5784 4967 2655 1007 431 1648 3726 1802 1558 3828 1592 239 859 11744 4551 1789 2762 2253 20738 16889 3849 16317 3107 16085 1169 3474 2950 377 2643 492 1585 1879 1099 375 326 742
is_linear=0
shrinkage=0.03


Tree=10
num_leaves=63
num_cat=0
split_feature=0 10 10 10 0 4 4 4 4 10 10 0 4 4 10 10 4 0 1 10 10 5 4 1 4 3 3 1 1 3 0 0 1 10 4 6 1 10 4 3 4 0 4 10 2 10 0 2 2 2 3 0 6 1 0 4 5 4 0 0 5 6
split_gain=407.622 287.803 244.791 142.532 126.294 90.7775 63.0547 45.8136 39.2673 33.8513 31.9034 28.7011 19.9087 19.5362 18.6661 16.947 16.8966 16.5728 22.7263 15.8454 15.444 15.2942 13.3364 14.4366 12.4565 14.8025 13.6815 12.2808 12.14 12.1218 11.438 11.3727 12.858 12.0181 11.3585 11.3352 11.3264 11.2455 12.3368 11.3168 11.3089 11.1356 11.1307 13.0744 12.1442 10.9842 11.6644 15.3898 10.7674 10.6714 11.8778 10.4426 10.3742 10.2181 10.2091 10.0509 10.2929 9.91083 9.53801 9.48218 9.46523 9.40794
threshold=0.65099284052848827 6.9809845790130192 5.6612213479477846 7.1970604017887565 0.87740182876586925 24287.500000000004 7264.5000000000009 1608.0000000000002 5476.5000000000009 6.3216667670889342 6.5388503417490691 1.001074552536011 5285.5000000000009 31291.500000000004 4.7833076179467886 7.3581864408406057 26301.000000000004 0.86198595166206371 41.500000000000007 6.2235673486733658 5.3729582179059152 4.2319617102140397 4778.5000000000009 55.500000000000007 2167.0000000000005 0.70705606441917246 0.70451532800371786 100.50000000000001 320.50000000000006 1.6051568819807567 0.87482494115829479 0.89031925797462474 117.50000000000001 5.629416447756002 2167.0000000000005 0.75500320772010088 601.50000000000011 6.3071835403242495 5285.5000000000009 1.2966208818720983 24287.500000000004 0.97841194272041332 20881.000000000004 6.9172103150944571 3.3301767223856329 3.3497501700808394 1.1469420194625857 3.6114170713007927 2.4825039517310512 2.8593933470554922 0.70575273062277677 0.41077405214309698 0.91947103353205861 774.50000000000011 0.3780172616243363 7264.5000000000009 3.4183688637495115 3824.0000000000005 0.79174318909645092 1.2609406709671023 4.1648433724409371 0.98517705963574709
decision_type=2 2 2 2 2 2 2 2 2 2 2 2 2 2 2 2 2 2 2 2 2 2 2 2 2 2 2 2 2 2 2 2 2 2 2 2 2 2 2 2 2 2 2 2 2 2 2 2 2 2 2 2 2 2 2 2 2 2 2 2 2 2
left_child=1 5 16 4 7 14 10 -4 30 54 24 -8 28 37 34 27 20 18 -10 59 22 35 23 -2 -6 26 -26 49 52 -25 -5 32 -22 -33 -1 -21 -14 39 -39 40 58 -27 43 -37 -44 -24 61 53 -15 -3 60 -17 -12 -48 -7 56 -16 -43 -9 -13 -51 -47
right_child=2 15 3 8 6 9 11 13 17 -11 12 19 36 48 55 51 -18 -19 -20 21 31 -23 45 29 25 41 -28 -29 -30 -31 -32 33 -34 -35 -36 42 -38 38 -40 -41 -42 57 44 -45 -46 46 47 -49 -50 50 -52 -53 -54 -55 -56 -57 -58 -59 -60 -61 -62 -63
leaf_value=-0.00026334954246361034 0.024834196288077696 0.034185960654274476 0.024647209103623949 0.016218666559603363 0.016547090873702035 -0.039950303563703063 -0.0001947622517204377 0.00081418250174677303 0.016301413120883412 -0.022702279917972391 0.023638952904854269 0.0011476202732161865 0.010228370643391962 0.01990354910384148 -0.043380667784154739 0.019778640418869262 -0.026503633302347677 0.014320686353485918 -0.0017006571659844187 0.02334229078964194 0.0024103729057305817 -0.0092760013717974061 -0.038052251527781085 -0.0071592672795703438 0.0007540908179413104 0.0033618340162831187 -0.057085618929760738 -0.020731260365529094 0.035273273126722161 0.021869730738985634 0.029789738342790351 0.0034110931929972059 -0.018510962237993381 -0.015469558338058808 -0.037798718105141078 0.0018829016622807732 0.025434265612170482 0.010646436203242779 -0.0031390527337535482 -0.036203127429423942 -0.020167293001262819 0.002754759686859736 0.020774754690163755 0.016674922988134649 0.0087699483659058955 -0.016166108734920529 -0.017877404122898802 -0.017952159387556337 -0.014131645386691236 0.018885852970100876 -0.0081329567399350926 0.0054910829701351723 -0.0026061050659981857 0.01519697597229808 -0.029610038721870704 -0.011629875661103267 0.0035105370468290938 0.015318849370288164 -0.010726812699493533 -0.031350632462301027 -0.011048264413022719 -0.0062293646313714528
leaf_weight=9.668329229578374 13.333551858551798 9.6615918044699338 45.886823050677776 84.618986207991838 123.08292373642325 241.16765721456613 1258.488526998437 129.78947527008131 104.34602839965373 296.78108027140843 70.528011865913868 317.25346105662175 245.79860643972643 8.6422265549190325 4.4145498813595614 112.68052589939907 41.180201647570357 652.26788865588605 159.7234722385183 45.303624279797077 44.110528725432232 44.598261510953307 14.468730478663927 745.56027782312594 219.4083581448067 194.27601155824959 3.7434477582573882 21.380161915440112 71.39853891916573 13.175078247673808 164.65124122798443 257.45243851840496 65.992732496699318 34.395760846789926 29.076636737445369 340.65603150695097 53.722552074119449 64.076066290726885 662.52165099116974 12.8801164960023 52.707856991095468 73.154517725808546 91.279104921966791 63.859770001843572 448.40528403315693 321.49890923465136 10.50197226507589 31.350236171623692 261.37895219493657 39.461665440234356 57.260529874707572 77.84766314458102 16.780201902613044 42.137960606021807 133.5059330080403 119.83021130552515 92.311873813392594 248.27993217925541 128.01738689979538 8.2915417393669468 12.524228388210757 116.94554640434217
leaf_count=137 151 66 145 272 572 19433 13948 1925 398 14282 212 2522 1107 48 97 367 1900 2395 1237 129 680 320 543 10672 1892 1679 60 587 176 95 430 3315 1510 667 1377 1987 159 653 10586 299 1513 474 371 266 2207 7405 149 601 7834 397 879 459 81 249 8184 2746 1194 1225 2384 56 278 2335
internal_value=-3.25019e-11 -0.0159066 0.00243297 0.00512678 0.00303942 -0.0244812 0.00576562 -0.00482103 0.0146255 -0.0302708 0.0111113 0.00307009 0.0175076 -0.00584542 -0.00925438 0.00811443 -0.00751418 0.0117536 0.00541279 0.00609203 -0.00705712 0.00790915 -0.00863657 -0.00611137 0.00771097 0.00623901 -0.00021619 0.000201385 0.0260981 -0.00665519 0.0251828 -0.00191356 -0.0101293 0.00118591 -0.0284322 0.00868371 0.0129557 -0.00399463 -0.00192336 -0.00864832 -0.00750535 0.00903222 0.00798037 0.00421808 0.0108004 -0.0122678 -0.0115537 -0.00131185 -0.0130423 0.00396516 0.00129248 0.0139409 0.0185948 0.00859845 -0.0362658 -0.0058232 0.00137044 0.0124594 -0.00491665 0.000319899 0.0116742 -0.0135157
internal_weight=9479.49 1257.57 8221.92 6469.82 5304.21 926.756 3938.31 1365.9 1165.61 671.455 1320.17 2618.14 458.228 1320.01 255.302 330.816 1752.1 916.337 264.07 1359.65 1710.92 1034.1 1308.97 772.069 861.945 738.862 223.152 140.288 158.707 758.735 249.27 401.951 110.103 291.848 38.745 989.504 299.521 1049.99 726.598 323.395 310.515 515.71 944.2 404.516 539.684 536.903 522.435 83.9902 270.021 118.908 109.246 190.528 87.3082 52.6399 374.674 216.557 96.7264 321.434 257.807 325.545 51.9859 438.444
internal_count=140317 50483 89834 59562 54830 47450 29443 25387 4732 41899 7637 21806 1735 25242 5551 3033 30272 4030 1635 7858 28372 5280 22200 10918 5902 5330 1952 2207 469 10767 702 6172 2190 3982 1514 4960 1266 17360 11239 6121 5822 3378 4831 2253 2578 11282 10739 999 7882 1620 1554 826 293 398 27617 4037 1291 1699 4309 2578 675 9740
is_linear=0
shrinkage=0.03


Tree=11
num_leaves=63
num_cat=0
split_feature=0 10 10 4 0 4 5 10 10 10 4 4 0 4 10 1 0 6 9 4 1 0 0 10 10 4 5 4 4 4 1 6 0 3 4 0 0 10 0 0 10 4 3 3 4 6 4 10 0 1 10 5 4 3 2 10 6 5 3 6 1 11
split_gain=381.77 263.03 229.514 131.424 99.5961 71.1738 60.6188 51.6789 46.9114 36.6178 33.2894 28.2941 24.2224 21.0373 24.1734 20.7497 20.044 18.4572 17.5711 16.695 15.1722 15.0103 14.547 17.2901 13.74 13.6751 13.5575 16.0921 12.4267 11.9304 12.6713 11.1994 11.4017 14.8562 12.3964 11.1036 14.4578 11.3561 11.0469 10.3406 11.2682 13.4191 12.7522 10.3218 10.2955 10.2689 10.0107 10.2163 9.83885 12.9002 11.9405 9.80402 12.0874 10.1521 9.7761 11.5537 9.56233 9.46887 14.2422 9.44336 10.5506 10.3118
threshold=0.66169357299804699 6.7487567987550685 5.7899554948754268 6151.0000000000009 0.92755046486854564 24287.500000000004 3.8747856574761594 7.1572056814289775 7.2121962936013082 7.08965930037769 2684.5000000000005 31803.000000000004 0.85082200169563305 26301.000000000004 5.3729582179059152 27.500000000000004 0.42663881182670599 0.7414357866343898 1.0000000180025095e-35 46772.000000000007 5.5000000000000009 1.0489733219146731 0.87482494115829479 6.6567190895965176 4.7833076179467886 34352.500000000007 3.8977631933165147 2345.5000000000005 1608.0000000000002 4778.5000000000009 212.50000000000003 0.80235340630207119 0.71280258893966686 1.0751602868023571 23651.500000000004 0.85934117436409008 0.85655558109283458 7.2760554143373364 1.0613698959350588 1.1018312573432925 4.6298509007569537 1608.0000000000002 1.6051568819807567 1.5615182250254129 2167.0000000000005 0.97264051834927623 2976.5000000000005 6.3429916439295981 1.1469420194625857 786.00000000000011 3.8393944990995772 4.003953171900581 10596.500000000002 0.79774350555411144 2.5915307424393945 4.1026092131977068 0.89501902689674295 3.9049010079671125 0.88432216512695316 0.80724520177096382 29.500000000000004 4.2428598362421903
decision_type=2 2 2 2 2 2 2 2 2 2 2 2 2 2 2 2 2 2 2 2 2 2 2 2 2 2 2 2 2 2 2 2 2 2 2 2 2 2 2 2 2 2 2 2 2 2 2 2 2 2 2 2 2 2 2 2 2 2 2 2 2 2
left_child=1 5 13 6 7 24 12 17 11 21 -8 -3 28 14 29 -9 43 -5 38 -13 -10 -6 -12 -24 44 31 27 -16 -4 30 -2 -19 33 -33 -35 36 -17 -37 -14 40 42 56 54 -7 -1 -11 47 -26 50 -50 -31 52 -51 -53 55 -32 -42 58 -25 61 -61 -34
right_child=2 8 3 4 9 16 10 15 20 45 22 19 18 -15 26 35 -18 25 -20 -21 -22 -23 23 57 46 -27 -28 -29 -30 48 39 32 59 34 -36 37 -38 -39 -40 -41 41 -43 -44 -45 -46 -47 -48 -49 49 51 -52 53 -54 -55 -56 -57 -58 -59 -60 60 -62 -63
leaf_value=-0.0023911296018283351 0.0024588866714373844 0.002138975403917037 0.034855060137662493 0.021962421687526944 0.0029044031503865338 -0.036751555899792017 0.030626680310834056 0.018923061275529784 0.031023987875218893 0.014586902306133138 0.0074909706691527701 -0.02792918410023219 0.007878833941196357 -0.024674560777976667 0.0082058734061057018 -0.00082669001614219808 -0.02418251099142233 -0.012406075932534158 -0.029084041511814103 -0.0016382010735869203 0.0083964296860369655 0.0081501537659781128 0.01250437805253608 -0.012834807160389173 -0.0023391538942674349 -0.011780180968884623 0.004554635746922886 -0.0073164505920020988 -0.009110570059147503 -0.029895926425451521 -0.023321651325396323 -0.018426168596944657 0.025068756239883926 -0.025013573963539273 0.020814822035441733 0.020328662220279393 -0.055765934005140329 0.0033826639122564949 0.017946363725274767 -0.0010913784682709171 0.021227665309147773 -0.0092501864679617116 0.033075633217813677 -0.0080253061065813733 -0.037110059374527368 0.00062459822974885511 -0.011011471759520131 0.039641647185505786 -0.018708889658787045 0.00070213649748486311 -0.012146102947779812 0.0092896559162328196 0.033149135471763506 -0.051531969337750914 -0.015070815588192734 0.034424516634832071 -0.0061416757859122746 0.027354472164163014 0.033282593743097721 0.013783480421266129 -0.0032687642909645103 -0.011735833048788729
leaf_weight=10.5271874894388 133.31838866812177 117.11064752622042 6.1548009887337676 22.352920547826216 1407.8076610171702 345.82565569429426 176.97996723651886 97.140327196568251 30.219485983252525 514.57311803335324 144.40251292241737 68.39615600684192 478.81705495924689 55.558646062272601 73.385536572430283 163.18175530107692 212.52358085720334 131.81514076446183 10.565767223946748 31.865222232067026 227.02820266014896 753.78309375664685 206.62448785896413 13.719418832566591 19.605589893646542 257.38034438330214 234.3890233754646 332.26394890015945 96.535184278152883 37.329853066825308 5.1738493493758124 83.850847883615643 22.480598795693368 7.4688703343272236 18.396275446284562 51.741323918802664 4.4279923411086193 114.02252069488168 123.3656347328797 158.16452147508971 27.963049419224262 104.60355305881239 5.2748952070251098 11.636208906187674 28.491653132485226 52.219248398207128 159.41589019814273 7.1089249989017835 29.117825514636934 30.396343492669985 395.42219754983671 4.9265894833952171 15.654597128042949 4.9531039285939187 298.89803231030237 7.8488286975771189 19.501067172735929 174.18568058311939 10.748629678040741 33.901510456111282 888.52484482747968 9.8546105327550304
leaf_count=146 1897 2199 20 116 11584 26165 436 313 133 1933 1081 2827 3227 2284 622 1498 11939 2500 245 1047 1451 3988 982 70 243 6489 2362 5852 1519 1152 123 2196 198 113 224 276 24 582 490 1692 210 1610 48 542 1412 320 3454 29 642 248 9001 36 97 49 5022 51 241 489 33 357 14054 134
internal_value=-1.75052e-11 -0.0152884 0.00241114 0.0052981 0.00283722 -0.0258375 0.0132074 -0.00242357 0.00238465 0.00651336 0.0193105 -0.00787569 0.0070086 -0.0064758 -0.0059488 0.00672195 -0.0314786 -0.00509105 0.00926839 -0.0195733 0.0110545 0.00473368 0.015667 0.0185801 -0.0115566 -0.00550704 -0.00118937 -0.00450833 -0.00647546 -0.00833136 -0.00594051 -0.00415739 -0.00313595 -0.012295 0.00758132 0.00316672 -0.0022781 0.00867217 0.00994131 -0.00772525 -0.00996119 -0.00324712 -0.01318 -0.0358165 -0.027743 0.0133005 -0.00816339 0.00883224 -0.011844 -0.00251575 -0.0136772 0.0059145 0.0117322 -0.0212028 -0.0139622 0.0114822 0.00998272 0.0248997 0.00742422 -0.00208344 -0.00264205 0.013852
internal_weight=9320.92 1269.75 8051.17 6077.02 4634.92 795.135 1442.1 1906.54 474.62 2728.38 726.661 217.372 715.438 1974.14 1918.59 430.514 569.985 1476.03 612.748 100.261 257.248 2161.59 549.681 405.278 225.149 1453.67 640.039 405.649 102.69 1278.55 760.746 1196.29 1064.48 109.716 25.8651 333.374 167.61 165.764 602.183 627.428 469.263 152.068 317.196 357.462 39.0188 566.792 186.13 26.7145 517.801 85.0485 432.752 55.9306 46.0509 9.87969 311.921 13.0227 47.4641 198.654 24.468 954.762 922.426 32.3352
internal_count=140317 51587 88730 55491 46899 43930 8592 29074 7657 17825 3091 6073 5501 33239 30955 2693 38646 26381 3962 3874 1584 15572 2655 1574 5284 26265 8836 6474 1539 22119 10894 19776 17276 2533 337 2380 1522 858 3717 8997 7305 2061 5244 26707 1558 2253 3726 272 11225 1072 10153 430 345 85 5196 174 451 592 103 14743 14411 332
is_linear=0
shrinkage=0.03


Tree=12
num_leaves=63
num_cat=0
split_feature=0 10 10 4 0 4 10 10 10 10 4 4 6 4 10 4 0 0 6 1 4 4 5 10 4 0 10 1 4 4 0 0 5 3 2 6 4 5 3 10 1 4 5 6 6 3 2 11 0 2 1 0 10 3 1 5 11 0 2 2 4 6
split_gain=353.639 245.565 211.93 120.319 88.8339 65.9198 55.4349 51.4094 40.3746 35.312 27.4046 24.3589 23.5791 19.974 21.1305 20.4299 19.0182 18.5356 18.5053 17.5638 16.63 15.5903 15.3144 14.4718 14.8184 14.1786 19.8779 13.9679 13.8212 12.6979 12.877 12.4418 11.7598 11.5597 10.3193 10.6728 10.7607 10.2067 10.1937 10.003 15.019 11.7673 11.0012 9.85701 15.1566 11.1614 10.7991 9.79814 14.5584 11.9096 9.76348 9.75855 10.7687 10.1916 9.53703 9.47642 10.8654 9.43961 9.4055 9.97565 9.89269 9.39319
threshold=0.66169357299804699 6.7487567987550685 5.7899554948754268 6151.0000000000009 0.92755046486854564 24287.500000000004 6.6567190895965176 7.1572056814289775 7.2121962936013082 7.3786877324789293 4334.0000000000009 31803.000000000004 0.91947103353205861 26301.000000000004 4.6298509007569537 1608.0000000000002 0.42663881182670599 0.87245309352874767 0.7414357866343898 48.500000000000007 1608.0000000000002 46772.000000000007 3.8977631933165147 5.3399361658330653 2976.5000000000005 0.97619104385375988 6.2859963606162941 5.5000000000000009 34352.500000000007 66438.000000000015 1.051822364330292 0.85934117436409008 4.0424008649841143 0.79980447604648008 3.8752256317689535 0.94262550171690973 43894.500000000007 3.5417190238058516 1.2966208818720983 6.8062637065364582 242.50000000000003 13449.500000000002 3.8279245164120428 0.95821353528948638 0.92296539553083601 0.6986334031202851 4.3546375921375935 4.2812624007936515 1.0647479295730593 3.6923659673659679 212.50000000000003 1.0375375747680666 5.6612213479477846 1.2382302622887382 46.500000000000007 3.8747856574761594 4.2000009475619242 0.71280258893966686 3.923183563202048 3.8193426800056365 26888.000000000004 1.0097055128015251
decision_type=2 2 2 2 2 2 2 2 2 2 2 2 2 2 2 2 2 2 2 2 2 2 2 2 2 2 2 2 2 2 2 2 2 2 2 2 2 2 2 2 2 2 2 2 2 2 2 2 2 2 2 2 2 2 2 2 2 2 2 2 2 2
left_child=1 5 13 6 7 23 20 18 11 29 -8 -3 -12 14 38 -16 -7 -14 -5 -9 50 -13 47 32 -25 26 -22 -10 33 30 39 58 -1 57 35 37 -37 -32 -2 -6 41 -41 -42 44 46 -46 -27 48 49 -17 -4 52 -24 -53 -28 56 -39 -20 59 -21 -60 -45
right_child=2 8 3 4 9 16 10 19 27 -11 12 21 17 -15 15 22 -18 -19 28 31 25 -23 51 24 -26 43 54 -29 -30 -31 34 -33 -34 -35 -36 36 -38 55 -40 40 42 -43 -44 61 45 -47 -48 -49 -50 -51 -52 53 -54 -55 -56 -57 -58 -59 60 -61 -62 -63
leaf_value=-0.030045903607893346 -0.010777636314204832 0.0016902777757969506 0.004732282109045082 0.020700634116145498 0.0015894023517029807 -0.035101777268411148 0.031001575643317528 0.014870598489737999 0.029488831112503933 0.017709662396346686 0.024147973419386678 -0.02727947003863939 -0.0048957924839218231 -0.024554564536383373 0.0095327428645943131 -0.0084423365941905162 -0.023608141127966685 0.014478272971487049 -0.019306343705404523 -0.0043541272637656614 -0.0051004157563444962 -0.0015477023899336409 -0.0060908226579442538 0.015093684608538542 -0.01050051467873043 0.010074948507617624 -0.01478256335126509 0.0076782169348418939 -0.011977920240170021 0.021113758307051693 0.041281498485952563 0.0082075663667713489 0.0046545119253402724 -0.0012223521940534672 0.0033479621960487978 -0.0025197855195879327 0.036687069811978876 0.0084308403558259713 0.0023082415062079349 0.012364121925826043 0.031428225442041755 -0.0018521045350789246 0.0093985125199145311 -0.011253983652260007 0.0065264591015669025 0.029574044915153856 -0.023884703713557887 -0.001179560135464099 -0.00060249435139919172 -0.01972513052677875 0.028787905505569381 0.010247971767949782 0.0099694607340543983 -0.033091218266762326 0.0099516347750421407 0.014009074467568714 -0.017415663894777875 -0.0059721173435815173 0.014163565649512893 0.022232092066285881 -0.029178163955785617 0.0099531346194957366
leaf_weight=49.696713312994689 678.84726156911347 117.66636479482986 21.711605809628963 24.672216701786965 1034.5932725919411 345.85037855122937 147.05649308487773 155.14080514013767 29.89730441570282 220.6978602479212 186.35115953441709 63.622611893573776 57.433035677764565 52.421501634176821 102.69067411008291 260.26212882436812 207.18804955086671 196.50303502101451 52.744515422964469 82.824430404230952 172.16918044257909 31.774663454387337 180.14935238217004 23.941052965819836 136.08228050672915 187.90261952206492 14.999507166445254 227.62692026328295 245.19284309272189 44.249041877686977 10.775407215580342 144.9455659261439 10.678328153677283 594.71898527117446 274.13477472518571 76.337903859559447 6.8670136444270602 68.229209802346304 58.166231394046918 68.526563849998638 21.893796657212079 222.70661851321347 299.33975154953077 31.837373551912606 26.173078928142786 68.153718924615532 8.8233259702101332 190.96692107757553 133.74902928061783 124.46587010635994 50.514478280674666 103.21376293245703 47.477696874178946 5.1259370532352468 217.08104744623415 333.84519710857421 18.636432647705078 507.81022976455279 6.0251297487411675 15.002775143831967 22.214640089543536 45.892794529907405
leaf_count=1907 11644 2199 78 116 9144 26707 399 645 133 671 576 2827 520 2284 922 4310 11939 773 1525 735 2300 1047 2811 210 2977 982 254 1451 6489 133 35 768 190 9256 1646 480 21 351 846 337 123 1707 1644 225 159 251 74 4080 1829 3102 154 898 450 63 1581 1413 120 8995 54 135 356 266
internal_value=-4.33656e-11 -0.0148701 0.00233504 0.00512691 0.00274063 -0.0252669 0.0127094 -0.00232128 0.00221749 0.00621034 0.0197888 -0.00744322 0.0160437 -0.00628858 -0.00578064 -0.00323583 -0.0307958 0.0100964 -0.00505504 0.00682092 0.00779009 -0.0187088 -0.00449009 -0.0113933 -0.00667137 0.00650385 0.00262324 0.0102103 -0.00550878 0.00518705 0.00489774 0.00221289 -0.0239086 -0.00413578 0.00804958 0.0105538 0.000716009 0.0124508 -0.00974488 0.00338823 0.00642684 0.00149294 0.0109 0.0107577 0.0132923 0.023179 0.00855183 -0.00698881 -0.00912848 -0.0120925 0.0215566 0.00078632 -0.00274102 0.00819744 0.00835305 0.0117124 0.00288565 -0.00722678 -0.0046795 -0.000276866 -0.0199309 0.00126695
internal_weight=9166.29 1244.02 7922.26 5984.73 4552.12 773.437 1432.6 1851.29 470.588 2700.83 587.344 213.064 440.287 1937.54 1885.11 1148.1 553.038 253.936 1425.14 426.153 845.259 95.3973 1045.41 220.398 160.023 773.033 404.25 257.524 1400.47 2480.13 2435.89 271.013 60.375 1155.27 788.826 514.691 83.2049 431.486 737.013 1647.06 612.467 291.233 321.234 368.783 291.053 94.3268 196.726 709.444 518.477 384.728 72.2261 335.967 227.627 108.34 232.081 420.711 86.8656 560.555 126.067 97.8272 28.2398 77.7302
internal_count=140317 51587 88730 55491 46899 43930 8592 29074 7657 17825 2268 6073 1869 33239 30955 18465 38646 1293 26381 2693 6324 3874 17543 5284 3187 6092 4135 1584 26265 17154 17021 2048 2097 19776 4066 2420 501 1919 12490 12955 3811 2044 1767 1957 1466 410 1056 13321 9241 7412 232 4222 3261 961 1835 1884 471 10520 1280 870 410 491
is_linear=0
shrinkage=0.03


Tree=13
num_leaves=63
num_cat=0
split_feature=0 10 10 10 0 4 4 10 4 4 4 0 4 0 4 10 6 1 5 4 10 0 3 4 1 4 10 5 4 1 5 1 5 10 1 6 3 5 3 1 0 1 5 3 4 11 5 6 4 5 0 2 2 9 1 1 3 11 2 0 5 10
split_gain=337.261 223.73 200.671 115.848 93.2599 61.6505 55.8031 34.6701 34.6469 32.6651 28.2126 22.4812 21.4695 17.8996 17.8262 15.1638 14.4946 13.9042 13.5713 17.7677 21.1032 19.428 17.039 14.1054 15.268 13.5281 13.3319 13.2835 12.9303 11.328 11.174 14.9269 10.6081 10.473 11.4473 13.8995 10.4669 12.5422 10.9728 10.1298 10.1081 13.0419 12.3973 10.6775 9.92506 9.69621 11.9837 9.58454 9.57991 10.6328 9.42697 9.33758 11.1679 9.26814 9.23145 9.21086 9.01253 8.88975 8.80183 9.69813 8.76746 8.7537
threshold=0.66169357299804699 6.7487567987550685 5.6612213479477846 7.1970604017887565 0.87740182876586925 24287.500000000004 7264.5000000000009 7.2121962936013082 1608.0000000000002 5476.5000000000009 1608.0000000000002 1.001074552536011 31803.000000000004 0.42663881182670599 31291.500000000004 6.5388503417490691 0.75500320772010088 17.500000000000004 4.1777724213056038 7160.5000000000009 3.8393944990995772 0.9343937635421754 0.93078790088241758 4688.5000000000009 94.500000000000014 46772.000000000007 5.3399361658330653 3.9476226038663289 2976.5000000000005 601.50000000000011 4.2216303152496488 1391.0000000000002 4.0424008649841143 6.3216667670889342 821.50000000000011 0.86006047212007142 0.77058020430616736 4.104627565468399 0.80573930528957238 55.500000000000007 0.97841194272041332 25.500000000000004 4.1480391834438821 0.92739242548779111 4334.0000000000009 3.9728702399636928 4.0433932214320656 0.75689947191989082 26888.000000000004 4.1546708674942172 1.0965285301208498 4.0387031310398154 3.4917319917319922 1.0000000180025095e-35 130.50000000000003 64.500000000000014 1.5615182250254129 4.6703066175722432 2.4825039517310512 0.83965697884559642 3.8000212699882194 7.08965930037769
decision_type=2 2 2 2 2 2 2 2 2 2 2 2 2 2 2 2 2 2 2 2 2 2 2 2 2 2 2 2 2 2 2 2 2 2 2 2 2 2 2 2 2 2 2 2 2 2 2 2 2 2 2 2 2 2 2 2 2 2 2 2 2 2
left_child=1 5 18 4 8 26 10 12 -4 44 60 -8 -3 56 55 53 -13 -9 19 20 23 -21 39 24 -2 -14 32 33 -28 -17 47 51 -1 34 35 -18 -23 -38 -39 -22 41 57 43 45 -5 46 -42 -29 -43 -50 -26 52 -32 -12 -35 -10 -7 -11 -16 -60 -6 -56
right_child=2 7 3 9 6 13 11 17 14 40 15 16 25 -15 58 29 27 -19 -20 21 22 36 -24 -25 50 -27 28 30 -30 -31 31 -33 -34 54 -36 -37 37 38 -40 -41 42 48 -44 -45 -46 -47 -48 -49 49 -51 -52 -53 -54 -55 61 -57 -58 -59 59 -61 -62 -63
leaf_value=-0.029532103789944558 0.019211951093413056 0.0010593824585751828 0.022574416248159524 0.033033348400947911 0.0070586520978415494 -0.035368248337967222 -0.00030704476495726238 0.017136595647847145 0.0015482182461941385 0.013015292975561548 0.0070521534357371775 0.022391399666034477 -0.026511030843048813 -0.023156399017452679 0.018512057097334677 0.011659819821444666 -0.022969626166798283 0.0030540906835366884 0.0060282539227818508 -0.019651984578220597 0.017879875981168424 -0.014686342595823222 0.0031050946673089569 -0.030972277112927438 -0.01520527525375061 -0.00224437234514515 0.013195183916253534 -0.029746512721014282 -0.010414157759865945 0.025507163579826481 -0.024216430594925349 0.038905677678512718 0.0034428646994790206 -0.0072028482136637572 -0.021983308881771708 0.0025542521510546669 -0.0020330389675574877 0.017391626570069447 -0.036124603350289393 -0.0071909677894487385 0.014720589624268832 0.014006933060122627 0.01993693843876751 0.021838222927582879 0.0195203806355023 0.0060153504515659964 -0.043181060108426601 0.0088850468952963221 -0.0034126934711767422 0.0076458123898496266 -0.0033928769337064168 -0.031547109504045226 0.0072763490805182905 -0.022218934846728534 0.0054211414595677311 -0.004968139204711561 -0.0081396994634023064 0.033190250837208571 -0.016601828306241039 -0.0022961613586804561 0.029654828824114344 0.03775854397273757
leaf_weight=47.809600482229143 15.714084736071525 117.80312422302086 42.365292247384787 69.525136306881905 18.951285777613521 324.06826564430958 1195.3234795057215 108.91631566453725 266.47713328991085 71.114684544503689 766.27548164199106 43.622039675712585 60.880972030485282 202.66009022312937 8.1072792392224056 311.72579691954888 22.733192432671785 150.0035010878928 69.554871708387509 188.43220320192631 15.054572724970056 131.01490162266418 302.05010119918734 30.575892554828897 179.4650851036422 31.308100035821553 24.747793634422123 5.8306365902535608 133.50832929194439 64.103324465453625 14.904267968609927 6.4673909912817171 10.755629923194645 54.20432297186926 29.197557741077617 123.62469393224455 222.14951549598482 4.2774646095931557 17.785216799937189 397.00238010380417 5.0677996575832358 118.63941431418061 191.59504878520966 29.914058310911059 165.04840992856771 55.249198541976511 8.8087415806949121 665.77474773931317 113.79611983429641 250.52726980135776 91.962979108793661 13.013400134397669 31.665184616111219 9.8607646289747191 283.75136833684519 730.10917611618061 11.322843196569009 27.165137574076653 183.26774154580198 55.585168207413517 83.748734436929226 7.7394664231687775
leaf_count=1907 81 2199 140 164 77 26165 13948 549 4094 220 5497 129 2827 11939 47 1394 288 1035 642 5957 190 3129 3884 904 3222 1047 210 65 2977 193 109 18 190 391 279 1382 3789 41 325 6918 20 445 564 125 533 230 53 3138 959 1289 958 124 218 240 1691 12770 542 70 6216 1308 236 26
internal_value=-3.04323e-11 -0.0146434 0.00229457 0.00479777 0.00286746 -0.0247532 0.00525673 0.00163164 -0.00410485 0.0135878 0.0104186 0.00266393 -0.0074264 -0.0301956 -0.00501376 0.00907541 0.00539038 0.00897799 -0.00694358 -0.00750909 -0.0051692 -0.0117925 -0.00230745 -0.0116013 -0.00953861 -0.0182699 -0.0112476 0.00480128 -0.00672217 0.0140217 0.00739174 -0.00438209 -0.0234762 0.00113534 -0.00483188 -0.00141027 -0.00784554 -0.00417559 -0.025749 -0.006275 0.0109141 0.00862997 0.0154822 0.00686435 0.0235255 0.000384423 -0.022035 0.00854966 0.0066028 0.0041917 -0.0112031 -0.00908074 -0.00280272 0.00668027 0.0041657 -0.00322573 -0.034449 0.0185918 -0.0122292 -0.0132727 0.0254851 0.00627974
internal_weight=9033.7 1223.78 7809.92 6144.88 5038.43 754.873 3752.52 468.912 1285.91 1106.45 1254.67 2497.85 209.992 538.051 1243.55 1151.97 1302.53 258.92 1665.04 1595.48 1031.83 563.659 714.107 317.718 287.142 92.1891 216.821 1258.91 158.256 375.829 737.656 66.0502 58.5652 521.251 175.555 146.358 375.227 244.212 22.0627 412.057 871.877 581.243 290.635 99.0398 234.574 69.1257 13.8765 671.605 482.963 364.323 271.428 59.5829 46.5695 776.136 345.695 996.586 335.391 98.2798 246.96 238.853 102.7 291.491
internal_count=140317 51587 88730 58690 54018 43930 29443 7657 24575 4672 7637 21806 6073 38646 24435 7324 7858 1584 30040 29398 16157 13241 10992 5165 4261 3874 5284 7729 3187 1587 3672 469 2097 4057 1949 1670 7284 4155 366 7108 3975 2983 992 428 697 303 73 3203 2693 2248 4180 451 327 5737 2108 16864 26707 290 7571 7524 313 1717
is_linear=0
shrinkage=0.03


Tree=14
num_leaves=63
num_cat=0
split_feature=0 10 10 10 0 4 4 4 4 10 4 0 1 4 10 10 0 4 10 4 6 5 10 1 4 5 0 10 3 4 11 4 4 6 5 5 5 3 9 4 6 1 2 6 1 2 0 4 5 0 5 1 10 0 3 1 10 1 6 11 10 11
split_gain=311.884 207.381 186.042 110.103 89.4723 68.7462 50.3059 33.1349 28.8657 28.3098 25.7792 23.0023 16.7293 16.3818 15.216 14.3967 14.2928 13.4401 12.7019 13.9056 12.6817 13.8181 11.498 15.6613 11.3969 13.4034 12.0323 10.9054 10.6925 10.0501 10.0175 9.99041 9.94863 11.1783 9.74156 9.62893 9.41748 9.11732 8.91048 8.84852 12.7389 12.1439 9.1081 8.64615 8.50449 8.46793 9.59683 8.43756 9.8826 14.5737 9.27883 9.79654 10.1347 8.4692 9.16267 10.2364 8.33038 10.8471 11.188 8.31305 8.14098 8.13104
threshold=0.65099284052848827 6.9809845790130192 5.6612213479477846 7.1970604017887565 0.87740182876586925 24287.500000000004 7012.5000000000009 1608.0000000000002 4334.0000000000009 6.1257619542170465 1608.0000000000002 1.001074552536011 92.500000000000014 31291.500000000004 5.3399361658330653 6.5139714008924194 0.9367155432701112 26301.000000000004 4.6298509007569537 706.50000000000011 0.75500320772010088 3.9476226038663289 7.4573136929988291 20.500000000000004 7160.5000000000009 4.1777724213056038 0.9343937635421754 7.3786877324789293 1.2966208818720983 8508.5000000000018 3.7246312268744348 34571.500000000007 9825.5000000000018 0.97264051834927623 3.8000212699882194 4.0424008649841143 3.7524788602538277 0.77058020430616736 1.0000000180025095e-35 2684.5000000000005 0.78317862367749347 1859.0000000000002 3.5553368328958883 0.75689947191989082 64.500000000000014 2.5915307424393945 0.83965697884559642 2167.0000000000005 3.8687948354831319 1.0550453066825869 3.8283893275392922 714.50000000000011 5.8215644129176907 0.92985615134239208 0.87871925356191849 282.50000000000006 6.3216667670889342 821.50000000000011 0.86006047212007142 3.866792748155532 6.6739280835479589 4.6215459493497937
decision_type=2 2 2 2 2 2 2 2 2 2 2 2 2 2 2 2 2 2 2 2 2 2 2 2 2 2 2 2 2 2 2 2 2 2 2 2 2 2 2 2 2 2 2 2 2 2 2 2 2 2 2 2 2 2 2 2 2 2 2 2 2 2
left_child=1 5 17 4 7 14 10 -4 -5 -7 34 -8 27 44 35 38 22 18 28 -20 -13 56 23 -10 -21 26 -26 -3 39 -16 -17 -14 -18 -34 -6 -1 -32 -28 47 -2 -41 -42 -43 -23 59 60 -47 -12 49 -49 51 52 -51 -50 55 -55 57 58 -22 -9 -15 -33
right_child=2 12 3 8 6 9 11 13 16 -11 15 20 31 45 29 30 32 -19 19 24 21 43 -24 -25 25 -27 37 -29 -30 -31 36 61 33 -35 -36 -37 -38 -39 -40 40 41 42 -44 -45 -46 46 -48 48 53 50 -52 -53 -54 54 -56 -57 -58 -59 -60 -61 -62 -63
leaf_value=-0.028718434700805314 -0.0067947610633119666 0.0030335083065926916 0.021841040534490375 0.0322810399275162 0.0045890789817386868 -0.034945672738955109 -0.00038153913421857101 -0.039260617353886161 0.020837123827436351 -0.02186035181058886 0.017184876887415285 0.021363969167454418 0.0098293402560219508 0.031686802832851649 0.0025496492029110866 0.046512612838820619 0.024453535831536543 -0.024640475864248574 0.03309573329483103 -0.00106167312214636 -0.022214621501546839 -0.030218993793037972 0.017953135217871872 0.0042413343819389642 -0.017209835556790811 0.0091112626565894427 -0.013667823209047112 0.015024465723765626 0.0029416760914085681 -0.01144471510651994 -0.0010978034173953119 -0.025833961173146347 0.015152782403816204 -0.0023597231960154497 0.028751552009486748 0.0031385223166560164 0.01421104571468697 -0.001911186908847782 -0.023267752036349263 0.0050108142353956072 -0.017376692149591356 0.010173363775389797 -0.040134433040456732 0.007779719593010344 -0.0049794952414965524 -0.016495911071492942 -0.0021445327839682703 -0.00079507584441495356 -0.0023296555106747307 -0.019009945306161787 -0.034095898089617493 0.023456869614051131 0.010310806172901921 0.018126303355437842 0.022068216580259311 -0.00025902023473079128 0.0038837459344714031 -0.021413681472321235 0.0020978402252984901 0.0018821630467314046 -0.018297117327043502 0.018093296950718218
leaf_weight=44.403649437706918 313.71773830405436 139.6584399837011 42.858287610113621 67.009663574397564 18.279197912663221 269.91143758082762 1197.6400234509492 4.4932352704927316 59.189366702921689 331.63235866423929 61.830267027951777 43.237034726887941 14.936574405059217 7.5666313702240569 90.214065146981739 8.0134705323725921 93.348432667553425 37.061243060044944 9.0123341614380461 456.3978088661097 19.508918880717829 5.4296377492137244 96.009224840439856 378.04747896548361 124.98591776262037 38.068275696365163 90.011429950245656 133.52530788909644 58.543127171695232 94.63405303331092 40.337614388437942 27.843481820542365 365.36590594006702 36.039305858314037 84.15069105476141 10.572193725965915 349.64424628810957 174.37578111561015 9.1099917226238158 29.718686880078167 286.28575387876481 24.043215823359791 3.7431642361916593 724.36219723080285 726.81214972038288 180.7125489951577 54.607747550588101 296.43094802391715 36.419196014758199 12.139937969390301 4.0327726351097217 45.896473899483681 84.173057233449072 50.207177114905789 69.444113402161747 59.619935024529696 336.40587102342397 27.588981121079996 134.32452984247357 270.92491727578454 4.7885734504088759 4.3904615938663474
leaf_count=1842 4396 1787 145 164 77 22713 14108 98 178 19186 313 129 58 35 1320 19 292 1900 30 6811 288 65 320 2322 3652 284 2213 463 853 2205 194 688 1228 228 236 184 1532 2853 240 444 6571 196 69 3607 13074 6499 1299 2864 318 113 39 159 385 297 308 292 2108 292 1460 4188 49 37
internal_value=-3.08479e-11 -0.0144959 0.00217237 0.00458535 0.00270218 -0.0223171 0.0050659 -0.0040963 0.0132031 -0.0277317 0.0100298 0.00261289 0.00604565 -0.00498567 -0.00873586 0.00872052 0.0119595 -0.00677899 -0.00636755 -0.00398043 0.00539108 0.00483753 0.0085522 0.00648793 -0.00435849 -0.00787865 -0.00953972 0.00889439 -0.00934407 -0.00461485 0.0133098 -0.0104526 0.015632 0.0135805 0.0244396 -0.0225921 0.0126276 -0.00591377 0.00621604 -0.010438 -0.0137625 -0.0155389 0.00339629 0.00749701 -0.00327833 -0.0118945 -0.0131656 0.00658899 0.00559388 0.00302823 0.010778 0.0120505 0.00661502 0.0108595 0.0135389 0.00814578 0.00108944 -0.00409196 -0.000985428 0.00121095 0.0123143 -0.0198508
internal_weight=8913.69 1161.72 7751.96 6106 5010.99 841.368 3718.23 1292.76 1095.01 601.544 1229.73 2488.5 320.354 1249.91 239.824 1127.3 1028 1645.96 1608.9 892.852 1290.86 1247.62 533.246 437.237 883.839 427.441 389.373 273.184 716.052 184.848 397.995 47.1705 494.754 401.405 102.43 54.9758 389.982 264.387 729.304 657.509 343.791 314.072 27.7864 729.792 1002.23 247.676 235.32 720.194 658.364 442.673 146.242 142.209 96.313 215.69 179.271 109.827 517.828 181.422 153.833 275.418 12.3552 32.2339
internal_count=140317 50483 89834 59562 54830 47450 29443 25387 4732 41899 7386 22057 3033 25242 5551 7073 4568 30272 28372 15843 7949 7820 2820 2500 15813 9002 8718 2250 12529 3525 1745 783 1748 1456 313 2026 1726 5066 5328 11676 7280 6836 265 3672 17360 7882 7798 5088 4775 3560 696 657 498 1215 897 589 4148 2040 1748 4286 84 725
is_linear=0
shrinkage=0.03


Tree=15
num_leaves=63
num_cat=0
split_feature=0 10 10 10 0 4 4 4 10 4 4 5 4 0 6 10 0 1 0 1 6 1 4 10 4 10 0 3 0 5 11 10 1 5 4 4 6 5 0 6 2 5 0 10 2 4 11 5 1 0 6 1 3 6 1 3 3 2 0 5 10 3
split_gain=292.875 195.552 173.546 100.251 83.6208 54.3929 43.5688 32.9491 29.7604 28.0336 22.8928 22.3604 18.8515 17.1365 15.1531 13.8286 14.3918 13.0399 12.5789 14.6747 12.5615 12.6107 11.9863 13.4621 11.6819 14.7845 12.946 11.0007 13.2619 10.6511 10.5789 10.4112 12.1282 10.3513 10.2999 10.2953 10.0414 9.84133 9.66727 9.45637 9.40577 9.31837 9.05812 9.05019 10.4832 10.9634 12.9192 11.5914 9.56676 11.4518 9.01904 8.94999 8.93325 8.88009 15.5959 12.1095 8.63424 9.27261 8.60635 8.49446 9.03161 10.8343
threshold=0.66169357299804699 6.7487567987550685 5.6612213479477846 7.1970604017887565 0.9230240285396577 24287.500000000004 1608.0000000000002 7012.5000000000009 7.2121962936013082 5476.5000000000009 7264.5000000000009 3.8687948354831319 25363.500000000004 0.42663881182670599 0.7414357866343898 6.2145760973981492 1.0222307443618777 5.5000000000000009 0.95213070511817943 29.500000000000004 0.91518211215892442 545.00000000000011 26301.000000000004 5.3729582179059152 2976.5000000000005 4.7833076179467886 0.41833950579166418 0.79980447604648008 0.73409724235534679 3.9435993215326381 4.1966399585800813 6.2859963606162941 44.500000000000007 3.5417190238058516 2345.5000000000005 15127.000000000002 1.0564216622645717 4.1299706934595637 0.87245309352874767 0.89658136502168295 3.7170195935256181 4.2319617102140397 1.051822364330292 3.8393944990995772 3.0839652025589541 2684.5000000000005 3.9231352952824703 3.7524788602538277 843.50000000000011 1.0550453066825869 0.95821353528948638 52.500000000000007 0.91674614149319 0.91518211215892442 163.50000000000003 0.52010100417745675 0.77058020430616736 2.9563332324455209 0.77832958102226268 3.8108902875775015 5.8916403962988664 0.96822243480443226
decision_type=2 2 2 2 2 2 2 2 2 2 2 2 2 2 2 2 2 2 2 2 2 2 2 2 2 2 2 2 2 2 2 2 2 2 2 2 2 2 2 2 2 2 2 2 2 2 2 2 2 2 2 2 2 2 2 2 2 2 2 2 2 2
left_child=1 5 22 4 6 24 30 11 12 38 31 20 51 -7 -12 29 -17 -10 19 -11 33 50 23 35 26 -26 -1 28 -16 59 -4 -8 52 -6 -25 36 43 56 -5 -34 -31 -18 -23 -2 -45 53 -47 -48 -49 -50 -22 -3 -33 55 -55 -46 -36 -58 -38 60 -9 -62
right_child=2 8 3 9 7 13 10 15 17 18 14 -13 -14 -15 27 16 41 -19 -20 -21 21 42 -24 34 25 -27 -28 -29 -30 40 -32 32 39 -35 37 -37 58 -39 -40 -41 -42 -43 -44 44 45 46 47 48 49 -51 -52 -53 -54 54 -56 -57 57 -59 -60 -61 61 -63
leaf_value=-0.02788713259334441 -0.012556334883470381 0.0081994073808723689 0.033600191835564501 0.013150037123342758 -0.03836911548447542 -0.033252423240196026 -0.0033658268856112043 -0.0091541445592363407 0.027072223317954752 0.017358222329349485 0.019071173531291636 0.015188281029378983 -0.015344527554356372 -0.021909781983117459 -0.018933682993218924 0.0022515139655551143 0.0085504925633197032 0.0057593188766475352 0.014508616492824105 0.0044360717869985382 0.01103895096065359 0.0092119183147680687 -0.02401559375420383 0.011881358364947888 -0.035471964328941917 -0.010493890326829448 0.013866055990855485 -0.0030495740223341556 -0.0067165151388814837 0.0088058322731706298 0.0075289525108787649 -0.0041814835200634573 0.014077266195239678 0.0011800848340763964 -0.014004110628348679 -0.022503657741272533 0.027761987492035893 0.0056590489776023982 0.026537433068467692 0.0026865869827559859 -0.0038502223121669025 -0.0094967359013082703 0.025266523840411146 0.0020491572088788918 -0.048791136454218079 -0.021764511684195291 -0.014158112660405483 -0.0069781840751074612 -0.018859705017876875 0.015777225322042655 -0.00025401275233225814 -0.013948194793491327 -0.04563330911550334 0.013739814934685537 -0.017847956980134815 0.0057091053532190806 -0.025719872959500952 0.00025871503216350484 -0.0013792904991869726 -0.013542773158410874 -0.0020684128767045344 0.021661332660364137
leaf_weight=8.6723558402154577 297.85275541408919 69.727022129809484 34.899724122136831 71.23451085947454 6.1561863706447175 317.34685091272695 173.85523962578736 71.762836351757869 29.167050581425428 99.928070284426212 22.626664983574301 443.65822641039267 113.18966813036241 192.65089509828249 94.674213538295589 890.4169774899492 717.91219488577917 226.2502153434325 367.32489287573844 379.36207727598958 129.77527934708633 64.483804584713653 34.656934727681801 47.424897647928447 24.962959936354309 146.42371757444926 29.141648247372359 672.49791099282447 514.74857841257472 129.23071092064492 23.398963537067175 26.406698440667242 123.07366673578508 183.26895398297347 83.389188647270203 40.899612779379822 9.948087558615951 85.168157211970538 152.41934078559279 140.45041008200496 89.41670960187912 26.706957786343992 62.076756333932281 112.90150957391597 3.8020346304401746 74.499131605029106 164.38605149334762 172.58716293086763 11.07794148288667 38.266168328002095 124.91092580137774 21.48028179758694 5.6867926763370624 18.96221781289205 54.496589818736538 105.03233474050649 13.556359150214119 140.77103976532817 109.71241681557149 79.587951557710767 54.135764643317088 25.460364770842716
leaf_count=179 5248 880 106 253 87 26707 2825 1116 133 309 114 1909 4827 11939 3042 7945 3735 1451 1320 2346 799 323 1809 533 1327 3454 324 12016 10536 746 86 368 867 1483 2181 1381 104 730 444 1465 783 234 220 1459 69 1450 3786 4057 153 312 1035 366 113 194 964 1257 249 2419 1685 1150 680 235
internal_value=4.41164e-12 -0.0139145 0.00215267 0.0045043 0.00269795 -0.0236837 -0.00238254 0.00570189 0.00136562 0.012827 -0.00322115 0.0101366 -0.00716612 -0.0289678 -0.00526555 0.0035441 0.00482537 0.00819312 0.0103315 0.00713023 0.00620918 0.00934654 -0.00656258 -0.00618089 -0.0108021 -0.014132 0.00429028 -0.00569511 -0.00861446 -0.00111551 0.0231361 0.00245974 0.0058858 -0.000105237 -0.0011736 -0.00770775 -0.00719208 -0.0030911 0.0222735 0.00800638 0.00363009 0.0079032 0.0170866 -0.00812718 -0.00638218 -0.00786235 -0.010326 -0.0081201 -0.0036477 0.0080011 0.00550031 0.00298341 -0.0115265 -0.00163462 -0.00969408 0.00380519 -0.00622607 -0.00202328 0.0010434 -0.00560838 -0.0014363 0.00552201
internal_weight=8799.95 1179.01 7620.94 6001.55 4931.28 719.198 1832.32 3098.96 459.814 1070.27 1774.02 1014.33 204.397 509.998 1304.55 2084.63 1635.04 255.417 846.615 479.29 570.672 381.247 1619.39 1584.73 209.201 171.387 37.814 1281.92 609.423 449.594 58.2987 469.473 295.618 189.425 370.31 1214.42 1173.52 322.885 223.654 263.524 218.647 744.619 126.561 1053.86 756.011 643.11 460.816 386.317 221.931 49.3441 254.686 91.2073 32.0935 182.293 73.4588 108.834 237.717 154.327 119.661 230.947 151.359 79.5961
internal_count=140317 51587 88730 58690 54018 43930 31538 22480 7657 4672 31346 5856 6073 38646 25708 16624 11914 1584 3975 2655 3947 2377 30040 28231 5284 4781 503 25594 13578 4710 192 5638 2813 1570 6112 22119 20738 5579 697 2332 1529 3969 543 18949 13701 12242 9758 8308 4522 465 1834 1246 481 2484 1158 1326 4849 2668 1789 3181 2031 915
is_linear=0
shrinkage=0.03


Tree=16
num_leaves=63
num_cat=0
split_feature=0 10 10 10 0 4 4 4 10 1 4 4 10 10 4 10 4 0 3 4 4 0 4 5 10 0 1 4 10 4 3 6 10 0 1 10 1 3 1 5 3 4 1 11 1 3 11 10 1 11 6 10 11 10 6 0 3 1 6 11 2 1
split_gain=280.455 179.811 161.954 90.5642 72.8087 51.2844 37.2935 29.7003 27.3848 26.8575 21.2029 18.3455 16.848 15.7921 18.4654 21.4671 14.5807 14.5298 16.1724 14.3271 16.2671 14.0022 14.7534 27.7937 12.9622 12.7997 12.4002 11.3537 11.7799 14.3262 11.1282 11.0847 11.5693 11.0229 10.7555 10.6289 10.5872 10.275 10.0203 10.0162 9.94868 9.68212 9.53069 11.4955 9.46393 9.39318 10.2036 9.26328 11.736 8.74787 8.92429 8.64692 13.9403 8.54337 17.4454 9.60131 9.51482 10.5352 9.3595 8.53057 8.3822 8.2759
threshold=0.66169357299804699 6.7487567987550685 5.6612213479477846 7.3849183426978353 0.9230240285396577 23754.000000000004 1608.0000000000002 2167.0000000000005 7.3581864408406057 25.500000000000004 7264.5000000000009 4334.0000000000009 6.1257619542170465 6.4353484435784418 6614.0000000000009 6.4876793850688808 66438.000000000015 0.74544954299926769 1.0641078976307532 25177.500000000004 60596.000000000007 1.0489733219146731 18878.500000000004 3.8687948354831319 6.2859963606162941 0.41077405214309698 601.50000000000011 26301.000000000004 4.6298509007569537 1393.5000000000002 0.90678282035978508 0.7414357866343898 7.1572056814289775 0.93889319896698009 40.500000000000007 5.3399361658330653 478.50000000000006 0.97108269809791736 557.50000000000011 4.0729138910488176 1.5615182250254129 2976.5000000000005 52.500000000000007 4.125003052503053 43.500000000000007 0.95345391099990351 4.1817060493085512 7.4573136929988291 270.50000000000006 4.639976936173583 0.94465251782277593 7.2760554143373364 4.2271284462055467 6.62737956271428 0.79523657844266549 1.001074552536011 1.0751602868023571 434.50000000000006 0.75689947191989082 4.1966399585800813 4.4355333465268165 17.500000000000004
decision_type=2 2 2 2 2 2 2 2 2 2 2 2 2 2 2 2 2 2 2 2 2 2 2 2 2 2 2 2 2 2 2 2 2 2 2 2 2 2 2 2 2 2 2 2 2 2 2 2 2 2 2 2 2 2 2 2 2 2 2 2 2 2
left_child=1 5 27 4 6 35 59 -6 19 51 24 -5 -7 21 26 -16 53 18 -12 42 -21 22 23 -9 49 -10 38 28 40 -30 39 -19 -33 47 -24 -1 -27 -22 -15 -31 60 -37 61 -44 -26 -36 -47 48 -13 50 -11 -8 -53 54 -17 -55 -56 -58 -57 -4 -2 -3
right_child=2 8 3 11 7 12 9 13 25 10 17 33 -14 14 15 16 -18 31 -20 20 37 -23 34 -25 44 36 -28 -29 29 30 -32 32 -34 -35 45 41 -38 -39 -40 -41 -42 -43 43 -45 -46 46 -48 -49 -50 -51 -52 52 -54 55 56 58 57 -59 -60 -61 -62 -63
leaf_value=-0.021687525822216912 -0.0089896648554219534 -0.0056355625457575383 0.031614073731336019 0.031439263032406725 0.019176844838735937 -0.033675241515592168 0.0053021866755420029 -0.0033157398560487001 0.016384329067863163 -0.0079817262896431096 -0.015007012985122033 0.0082722598290634799 -0.022685047059937881 0.011954961817845979 0.016503918977262916 -0.025154606111862945 0.017012196509112149 0.019457311251196947 0.0018995450144662293 -0.013889386455662688 -0.0064119924097463922 0.0066301167846301431 0.036243752373889319 0.0098239037124279085 -0.012990189292379883 0.0029844929118728958 0.026540359078757295 -0.023572365908029132 0.010880446013441973 -0.009595942250510834 -0.00060958816242049198 -0.0048092826491281156 0.0036239964738040498 0.018955371773940032 -0.013124282238740678 0.011075568125682141 -0.05011078459503443 0.033547156229188753 -0.030629753211205136 0.0024485115130581025 0.018032870442922875 -0.0096628925622179694 -0.032271363972383685 0.017381913406876535 0.0076539871076162043 0.012646764266650633 -0.01428919269486088 0.016739511616436224 -0.016512075929699426 -0.035953875734927261 0.0067918182146822137 -0.0059821040783370524 0.030773820825328521 0.0022236734806128271 0.0038040101449079303 0.021497619750570955 5.4362615927543891e-05 -0.035017489345963992 0.0067977275412628851 0.008064992875874177 -0.036875000753446296 0.016024645754987847
leaf_weight=55.054753840900958 669.21641153132077 23.243789089145139 35.72937274351716 64.091394208371639 147.19443898112513 259.42108921677573 77.089647644781508 324.70261289249174 108.07463329145685 101.12870761542581 205.32112227776088 110.01289025461301 243.25615867000306 222.45031056227162 155.00709655834362 23.847932298667729 82.557410252164118 19.266075361054391 67.716670197434723 152.13995876157423 11.867076977621766 518.1028561781859 4.9672918543219557 261.62255585263483 21.439640596974641 79.738418143242598 58.016362888272852 33.760134979151189 56.929397221654654 394.80346054851543 346.53089264570735 939.01618895190768 173.44745256006718 226.65678200498223 121.41222668392584 24.283490154892206 3.5295596821233621 11.312143511138855 5.0867071487009516 73.74759865924716 12.115401606541125 122.312828144175 12.030103976023385 6.444295887136831 294.69994842261076 32.06743342243135 20.91013801516965 94.345997967757285 20.380783882923424 7.4094363697804502 57.851617837324739 12.455150470137594 36.505920380353928 510.40339350444265 228.96794857247733 41.975787654519081 19.872019073925912 12.593504545046015 546.61241934308782 22.602227088063955 9.844439714914186 50.082224979996681
leaf_count=2095 11962 392 106 164 641 22916 1192 3813 367 1805 5673 529 15910 1076 910 314 272 89 1021 5491 159 3187 23 1799 333 463 186 1809 550 8767 5527 17919 1405 713 1528 210 29 80 29 897 150 2799 173 79 2477 256 327 320 127 176 820 41 90 4252 1743 129 191 102 2826 86 378 424
internal_value=-2.70095e-11 -0.0137117 0.00211949 0.00440466 0.00325982 -0.0232296 -0.0011581 0.00600143 0.000910549 -0.00184323 -0.00273869 0.0164198 -0.0283569 0.00539371 0.00712509 0.00588652 0.00476453 -0.00460231 -0.010814 -0.00529496 -0.0103225 0.00282131 0.000244058 0.00254726 0.00268681 0.00957361 0.0141597 -0.00635972 -0.00598798 -0.00366941 -0.00468564 -0.00310371 -0.00349443 0.0142872 -0.00728521 -0.0104485 0.000733892 0.0130893 0.011003 -0.00770021 -0.00891317 -0.00622759 0.00430656 -0.0149512 0.00625396 -0.00852509 0.0020152 0.00957923 0.00439842 -0.00409077 -0.00260576 0.0115641 0.0214235 0.00403408 -0.000591702 0.00523486 0.00164892 -0.0135501 0.00784607 0.0224893 -0.00939392 0.00915852
internal_weight=8685.28 1162.79 7522.49 5925.54 5410.05 704.328 2071.68 3338.37 458.462 2013.35 1887.3 515.488 502.677 3191.18 1907.39 1621.84 1466.83 1404.77 273.038 267.12 175.319 1283.79 765.682 586.325 482.529 191.343 285.553 1596.95 1563.19 872.011 815.082 1131.73 1112.46 451.396 179.357 201.651 83.268 23.1792 227.537 468.551 691.176 146.596 91.8004 18.4744 316.14 174.39 52.9776 224.74 130.394 166.39 158.98 126.051 48.9611 1384.27 285.281 1098.99 261.433 32.4655 588.588 58.3316 679.061 73.326
internal_count=140317 51587 88730 58690 56837 43930 33233 23604 7657 33041 31718 1853 38826 22963 12030 10739 9829 26107 6694 6798 5730 10933 7746 5612 5611 859 1291 30040 28231 15741 15191 19413 19324 1689 2134 5104 492 239 1105 9664 12490 3009 1068 252 2810 2111 583 976 656 2801 2625 1323 131 9557 2350 7207 2036 293 2955 192 12340 816
is_linear=0
shrinkage=0.03


Tree=17
num_leaves=63
num_cat=0
split_feature=0 10 10 10 0 4 4 1 4 10 4 10 10 0 4 0 4 4 4 5 10 2 0 4 10 4 10 0 6 4 0 11 0 1 11 1 11 5 1 3 0 1 10 0 1 0 6 5 5 2 6 5 11 4 5 5 1 6 4 10 0 2
split_gain=258.2 175.056 161.718 84.4464 70.8259 48.066 40.1319 24.1946 27.4802 23.2492 20.621 24.2902 20.8982 19.3902 17.0362 16.3039 15.4423 16.0857 12.0742 11.8769 11.066 10.44 10.3454 9.98819 11.1292 9.88971 12.8362 10.5102 9.77095 9.49747 9.48524 9.32361 9.29271 13.9678 9.04193 9.47098 9.4776 8.95919 10.8246 8.89219 9.47769 10.8107 8.51644 8.58675 10.8762 10.4248 8.51776 8.48707 8.35662 9.26961 8.71567 10.1196 9.46024 10.4448 8.3273 15.9214 11.1636 8.75134 10.6615 9.88789 15.6313 10.3016
threshold=0.66169357299804699 6.7487567987550685 5.6612213479477846 7.3849183426978353 0.87482494115829479 24287.500000000004 2167.0000000000005 25.500000000000004 1608.0000000000002 7.3581864408406057 10269.500000000002 6.62737956271428 6.1954247594495966 1.001074552536011 4334.0000000000009 0.42663881182670599 25177.500000000004 60596.000000000007 23754.000000000004 3.8747856574761594 6.3216667670889342 3.2175070204115852 0.41077405214309698 26301.000000000004 5.3729582179059152 2976.5000000000005 4.7833076179467886 0.41833950579166418 1.0097055128015251 15127.000000000002 0.86198595166206371 4.1388403968468381 0.9139937460422517 117.50000000000001 3.8033128547471624 601.50000000000011 3.8433423180593 3.9360312238930666 1248.5000000000002 1.6051568819807567 1.1584513187408449 821.50000000000011 5.7899554948754268 0.97619104385375988 144.50000000000003 1.0272182226181032 0.80729925227953248 3.8000212699882194 3.8795026676421074 3.4414317074843939 0.83744053458150924 3.8977631933165147 4.0761444022361362 8369.0000000000018 4.199685737614046 4.1648433724409371 925.50000000000011 0.75500320772010088 20881.000000000004 6.7339755422285394 1.0246953964233401 3.6453529710512957
decision_type=2 2 2 2 2 2 2 2 2 2 2 2 2 2 2 2 2 2 2 2 2 2 2 2 2 2 2 2 2 2 2 2 2 2 2 2 2 2 2 2 2 2 2 2 2 2 2 2 2 2 2 2 2 2 2 2 2 2 2 2 2 2
left_child=1 5 23 4 7 25 47 -4 -9 16 11 42 37 -14 -5 -7 -3 -18 19 28 21 -20 -11 24 29 27 -27 -1 -10 39 -16 -30 33 -26 -13 36 -36 -12 -39 40 -2 -42 -8 46 45 -45 -44 -6 49 -21 52 -52 53 -50 55 57 -56 -15 -59 60 61 -60
right_child=2 9 3 14 6 15 10 8 18 22 12 34 13 54 30 -17 17 -19 20 48 -22 -23 -24 -25 32 26 -28 -29 31 -31 -32 -33 -34 -35 35 -37 -38 38 -40 -41 41 -43 43 44 -46 -47 -48 -49 50 -51 51 -53 -54 -55 56 -57 -58 58 59 -61 -62 -63
leaf_value=-0.026496120220571226 -0.0083193254949775752 0.0053771294082210572 0.011087309421568433 0.030743159909222852 0.012459024005876805 -0.032185227806402511 -0.0060855614234530779 0.020776431293152341 -0.0095791552036307397 0.015207830853413346 -0.0089431891800051209 0.030526345070060707 0.0012876696009131506 0.0200874420417461 0.0063853779841543641 -0.020871080326557042 -0.013564130801750566 0.012716467497931368 0.0034336524170383567 0.037812945694782607 -0.0058278456445484666 -0.021963857315584624 0.0010423445828685726 -0.022814188798344816 0.0048892822933981365 -0.034084181373008435 -0.010270348804828638 0.011593235616684043 -0.0092918764107742021 -0.021927780175908466 0.016495006547383451 0.017098046062807837 0.0017888943346918984 -0.01639233730446573 -0.026776234556849323 0.023434218300883262 0.011111316782618237 -0.0015009046378944304 0.025063538987135585 0.01492536782247402 -0.01215584079930955 0.0063034356666039366 -0.013627744678833788 0.0060014759950564678 0.0092268433914540499 -0.021292581821659967 0.0033089343676969158 0.025645444943409059 0.021689846682022881 0.0044600909644919541 -0.016389201955007423 0.0046694579006934869 -0.017805639914621349 -0.008664400335184938 -0.014171065106972984 0.021154395797147368 0.021753237326308291 0.00074380564726083548 0.011119630466700219 0.0038514219780678778 0.015005181083978214 -0.01432914418983924
leaf_weight=8.3489721193909627 1003.3329032772454 91.888065771898255 107.53797070565633 62.125109009444714 84.835598490666598 302.4949524619733 59.743992364732549 39.919272560626268 206.13501008669846 109.38993513770401 165.57670991122723 26.243110105395317 1067.0071398945292 41.166226617991924 111.24780846014619 184.56910059944494 148.19108945186599 24.414287111954764 18.049822902772576 11.471084192395208 504.25573241605889 75.487269501201808 80.582029642071575 32.883704463602044 44.346868405817077 23.806710758712143 141.17492690053768 29.762248706771061 21.714468739926815 39.762407594593242 335.18606580700725 27.069258684525266 246.82047405955382 74.192323413561098 6.0485708266496649 59.219600195996463 337.91862676967867 160.73409643978812 15.102752298116682 16.388762164162472 42.351362005574629 87.64838986704126 29.222353172954172 30.787329412531108 509.46117781475186 21.31296208081767 312.66605263622478 91.101665776222944 15.525620071683077 21.66151874884963 22.380727181443945 249.34590747556649 43.859826414613053 29.756404784973711 33.111772671807557 73.317693805322051 10.178283533081411 249.68912142841145 27.084453788585961 258.88139065238647 252.64480309328064 30.36559533001855
leaf_count=179 19039 1068 1208 164 491 26707 897 135 4062 367 2675 92 11197 129 558 11939 5491 239 303 51 11099 2625 492 1809 704 1327 3454 324 373 1381 1131 349 3621 1787 39 196 1681 1436 60 170 797 732 418 282 3020 192 2996 297 156 185 422 3058 967 507 342 266 38 1626 159 1346 1220 242
internal_value=1.25124e-12 -0.0132651 0.00203973 0.00434214 0.00323118 -0.0227855 0.00528144 -0.00258271 -0.00372527 0.00119272 0.00462913 0.00752974 0.00293534 0.00408323 0.0160241 -0.0278978 -0.00455787 -0.00984685 -0.0045098 -0.00167615 -0.0075858 -0.0170629 0.00919914 -0.00645244 -0.0061064 -0.0105249 -0.0137067 0.00324905 -0.00672189 -0.00751307 0.0139758 0.00535144 -0.00152678 -0.00843064 0.0134635 0.0123529 0.0104451 -0.00393512 0.000780734 -0.00701455 -0.00733181 0.000289766 0.00488423 0.00560965 0.00789171 -0.00516386 0.0018613 0.0192871 0.00158845 0.0160074 0.000264591 0.00293496 -0.00787537 0.00174301 0.00713809 0.00773481 -0.0057246 0.00659053 0.00591184 0.00817978 0.0117933 -0.00233148
internal_weight=8588.5 1144.62 7443.88 5856.15 5347.59 690.157 3953.42 1394.17 1286.63 454.465 3777.48 1392.62 2384.86 2043.45 508.559 487.064 264.493 172.605 1246.71 648.92 597.793 93.5371 189.972 1587.73 1554.84 203.093 164.982 38.1112 254.919 1189.48 446.434 48.7837 365.36 118.539 429.43 403.187 343.967 341.414 175.837 1149.72 1133.33 130 963.194 903.45 561.561 52.1003 341.888 175.937 394.001 33.1326 360.868 271.727 89.1419 45.282 976.439 933.149 43.2901 859.832 818.665 568.976 310.095 57.45
internal_count=140317 51587 88730 58690 56837 43930 31337 25500 24292 7657 30549 9813 20736 16565 1853 38646 6798 5730 24157 10130 14027 2928 859 30040 28231 5284 4781 503 4784 22119 1689 722 6112 2491 2008 1916 1720 4171 1496 20738 20568 1529 7805 6908 3494 474 3414 788 5346 236 5110 3480 1630 663 5368 4988 380 4722 4593 2967 1621 401
is_linear=0
shrinkage=0.03


Tree=18
num_leaves=63
num_cat=0
split_feature=0 10 10 4 10 4 0 0 4 4 4 10 1 0 10 10 0 3 2 10 4 3 1 5 0 0 0 1 10 4 10 4 5 10 6 0 0 1 4 4 2 6 6 11 0 3 10 11 5 11 5 11 11 10 1 0 2 3 2 4 11 11
split_gain=243.091 155.534 150.275 81.9704 68.2421 56.6052 43.0748 33.2114 26.039 24.9951 22.6929 22.7907 22.1001 16.8313 17.08 13.2978 12.8924 12.7822 16.5442 12.0313 15.6417 15.3068 11.5328 11.3386 11.166 10.8422 10.7806 14.6831 10.2944 10.2702 10.0255 10.0017 9.85843 11.0427 12.821 10.4573 9.73332 9.46512 9.34036 14.2808 13.2282 11.0246 10.1322 9.21091 10.2099 9.16298 9.10572 11.9242 9.07008 8.97348 8.83791 11.9565 8.82256 9.45743 8.69342 10.0848 8.6115 8.29266 8.25993 8.53263 8.24181 12.5552
threshold=0.72987970709800731 6.9809845790130192 5.6612213479477846 25305.000000000004 7.1925524824479465 7012.5000000000009 0.92755046486854564 0.39400137960910803 1608.0000000000002 5476.5000000000009 2040.5000000000002 4.7578820629520608 30.500000000000004 0.97619104385375988 6.3071835403242495 7.4573136929988291 0.48677696287631994 1.0706160111657426 2.4825039517310512 3.8393944990995772 7160.5000000000009 0.93078790088241758 395.00000000000006 4.1777724213056038 1.1018312573432925 0.9343937635421754 0.97841194272041332 20.500000000000004 5.7153802534577958 7264.5000000000009 6.4337433057633175 32156.000000000004 3.9476226038663289 6.3216667670889342 0.8503679992193437 1.172232508659363 0.87245309352874767 68.500000000000014 19254.000000000004 27047.500000000004 4.1598969072164964 0.9379836302745449 0.85114658281092315 4.3546195131301522 0.96739166975021373 0.88432216512695316 6.6052832719652992 4.9982638888888902 4.217058266565366 4.3380111584107333 3.8687948354831319 4.4958928631957162 4.4583612975391516 3.3497501700808394 228.50000000000003 0.84530186653137218 4.3057033096926718 0.68683423776267827 3.2353087503658187 34571.500000000007 3.8385603171301113 3.7913496002205682
decision_type=2 2 2 2 2 2 2 2 2 2 2 2 2 2 2 2 2 2 2 2 2 2 2 2 2 2 2 2 2 2 2 2 2 2 2 2 2 2 2 2 2 2 2 2 2 2 2 2 2 2 2 2 2 2 2 2 2 2 2 2 2 2
left_child=1 3 19 10 5 8 31 30 56 36 16 -12 -3 14 -10 58 -1 18 -9 24 21 54 29 25 43 -22 27 -11 45 -13 -5 -7 33 -8 -35 38 -6 -17 42 40 -40 49 -36 -2 52 -18 47 48 -31 -41 -15 60 53 -45 -21 -56 -4 -43 -14 -60 61 -52
right_child=2 12 4 7 9 6 32 17 13 26 11 22 15 50 -16 37 28 -19 -20 20 23 -23 -24 -25 -26 -27 -28 -29 -30 46 -32 -33 -34 34 35 -37 -38 -39 39 41 -42 57 -44 44 -46 -47 -48 -49 -50 -51 51 -53 -54 -55 55 -57 -58 -59 59 -61 -62 -63
leaf_value=-0.023811236005063467 -0.017891470088430176 0.011297161777914524 0.022675307342156184 -0.034720893013023509 0.010476533722749343 -0.0025092610648496053 -0.0040601124682183186 0.040777943063919631 -0.0025876992610188395 0.022802734620657107 -0.03276277689440877 0.0003787546580756797 0.0063268468136494114 0.007377406690880833 0.0073337839200465294 0.036005866208734756 0.016211247799066037 -0.0062127884744758973 -0.021169550393137032 0.0022821003909780525 -0.017056116229932847 0.0034579282697842799 -0.027075993599166945 0.0074265252950702137 -0.0031526058528237306 -0.0070085676377743145 0.014164984200855239 0.0051956114935217713 0.033224116458903469 -0.01780440106366445 -0.022894780655529353 -0.0096442554208683272 0.0053021392797680377 0.010167702000495911 -0.035355244814683343 0.022000876270616854 0.02544817658733765 -0.0085743061775882534 -0.029774372341437354 -0.0011973974247543114 0.012008205189384738 -0.017524855690233564 0.004843299610658258 -0.020487369743703562 -0.019814644972960326 -0.026563393829358312 -0.001513678594726439 0.026508888450388363 0.014585602266590472 -0.023110543325803243 0.014781293909932195 -0.0073899940401863339 -0.019160276666107284 0.04432047955570436 -0.033694731954182176 -0.006924574910874115 -0.014028496575127601 0.021356683808377668 0.0020672576132747074 -0.014780582019260094 0.017957029737198794 -0.042754841000552879
leaf_weight=7.7529150294139972 177.03189881972503 225.74977483382099 122.23227511160076 202.24742100643925 53.642950588837266 871.50619049009401 264.85208531422541 3.9368253014981738 259.86884932406247 46.994395453482866 34.63486094865948 139.47519278852269 40.14415838685818 391.60528856050223 391.31330953119323 12.670144192874433 15.585853675380351 73.899279053322971 269.18607276235707 95.591074999887496 135.70123935444281 294.70646320376545 25.035816840245388 36.635345230810344 101.13692782097496 335.95928125875071 280.53609048412181 458.66713338601403 21.018653175793588 136.85033562337048 94.73530730814673 221.82491019775625 1128.317964336602 172.92042485624552 5.8130698418244711 19.103011366911232 143.96444947272539 6.4777588010765603 33.088647509459406 76.39609829057008 8.58988393191248 6.0656963693909338 193.12702527665533 2.6072395015507999 12.706147797172887 6.3408863069489589 76.360464512952603 6.2037832243368021 8.2500067600049061 21.566703315358609 9.9717605449259263 20.545215948950499 4.5968797204550347 9.0992846796289069 13.256444056052713 283.9332773295464 6.0372123010456553 26.527285608928651 39.975656187394634 83.700215499382466 219.24957328964956 5.1899234466254702
leaf_count=115 3627 1633 399 19934 201 14943 3676 14 3674 159 1693 2151 383 2569 2983 34 121 2794 15741 1944 4698 3878 669 271 1199 6911 1035 2689 87 4704 5881 5839 7844 1081 100 108 444 34 358 618 96 59 1679 49 430 93 1681 63 139 220 39 119 170 57 272 4886 30 165 272 1631 906 25
internal_value=1.96681e-11 -0.0108265 0.00237946 -0.0166003 0.00469195 0.00311944 0.000812417 -0.0235841 0.00805328 0.0118459 -0.00718136 -0.00943537 0.00501685 0.00677878 0.00337439 -0.00273193 0.0117943 -0.0172817 -0.0202766 -0.00602065 -0.00466023 -0.00170995 -0.00737522 -0.00865058 -0.0113165 -0.00989934 0.00944857 0.00683196 0.0182221 -0.00603179 -0.0309485 -0.00395687 0.00347777 0.00099185 0.00336761 0.00035469 0.0213839 0.0209243 -0.000759361 -0.005874 -0.021163 -0.000993141 0.00366869 -0.0153238 0.000345537 0.00384146 -0.00995911 -0.0142214 -0.0159628 -0.00602162 0.0102075 0.0145544 0.0160575 0.0298867 -0.00558745 -0.00811868 0.0209478 0.0141207 -0.00549696 -0.00933487 0.0164778 -0.00491362
internal_weight=8492.71 1530.23 6962.48 1121.51 5459.52 4475.71 3049.7 644.005 1426.01 983.805 477.509 426.81 408.718 1297.74 651.182 182.968 50.6983 347.022 273.123 1502.96 1195.78 687.487 392.176 508.296 307.178 471.661 786.198 505.662 42.9454 367.14 296.983 1093.33 1956.37 828.05 563.198 390.277 197.607 19.1479 371.174 172.234 41.6785 130.556 198.94 206.041 29.0096 21.9267 227.665 151.304 145.1 97.9628 646.562 254.956 16.3034 11.7065 392.781 297.19 128.269 32.593 163.82 123.676 234.411 15.1617
internal_count=140317 59867 80450 55880 52058 47530 36786 44364 10744 4528 11516 11100 3987 10315 6657 2354 416 18549 15755 28392 22860 10980 9407 11880 5532 11609 3883 2848 301 8738 25815 20782 16004 8160 4484 3403 645 68 3295 1516 454 1062 1779 4333 706 214 6587 4906 4843 838 3658 1089 276 106 7102 5158 429 224 2286 1903 970 64
is_linear=0
shrinkage=0.03


Tree=19
num_leaves=63
num_cat=0
split_feature=0 10 10 4 0 4 5 10 4 10 10 1 0 0 4 4 4 0 0 0 6 10 10 6 4 10 1 6 9 6 6 6 1 1 0 0 6 10 4 0 1 1 6 1 3 11 6 6 10 4 6 2 0 5 2 11 10 3 4 2 1 0
split_gain=228.102 158.052 142.211 72.6039 58.3416 43.2089 41.0776 33.6712 25.9317 23.2604 22.1215 16.8386 15.116 14.8254 12.4883 11.8658 18.8213 12.0012 11.5302 10.1012 10.0625 10.1126 9.90267 9.78747 9.60987 11.7969 10.6556 9.56261 9.51838 9.93602 16.1406 10.3058 9.63339 11.3349 9.46948 9.44284 9.43833 9.33924 14.4748 11.4326 9.26729 9.23283 8.91348 8.83138 8.77458 8.73508 8.57413 8.31817 10.4799 10.3094 10.2809 8.92573 9.54598 9.66975 8.53029 8.23613 8.1599 11.901 8.04013 8.01941 11.1643 10.7613
threshold=0.66169357299804699 6.7487567987550685 5.6612213479477846 5989.5000000000009 0.92755046486854564 24287.500000000004 3.8747856574761594 7.1572056814289775 2684.5000000000005 7.08965930037769 7.4280360173618503 27.500000000000004 0.87245309352874767 0.42663881182670599 34352.500000000007 60596.000000000007 27324.000000000004 0.39400137960910803 1.0459632873535158 0.93201935291290294 0.89501902689674295 6.4353484435784418 7.2760554143373364 0.90993585065314864 1887.5000000000002 4.5379471377116305 13.500000000000002 0.7414357866343898 1.0000000180025095e-35 0.92296539553083601 0.95821353528948638 1.0097055128015251 144.50000000000003 103.50000000000001 -0.023482100106775757 1.0126122832298281 0.91518211215892442 5.3729582179059152 15127.000000000002 0.89031925797462474 82.500000000000014 153.50000000000003 0.99644161235166917 117.50000000000001 0.62804627038576288 3.672178777017487 0.80235340630207119 1.0564216622645717 3.8393944990995772 1684.5000000000002 0.91620536554455156 3.3604605564148935 0.79505184292793285 2.9814168244342087 3.5981436763702193 3.9986073696289073 7.4573136929988291 0.60340992478899491 2345.5000000000005 3.8685600297229406 216.50000000000003 1.2163718938827517
decision_type=2 2 2 2 2 2 2 2 2 2 2 2 2 2 2 2 2 2 2 2 2 2 2 2 2 2 2 2 2 2 2 2 2 2 2 2 2 2 2 2 2 2 2 2 2 2 2 2 2 2 2 2 2 2 2 2 2 2 2 2 2 2
left_child=1 5 37 6 7 24 12 14 -8 18 15 -9 -4 -7 27 16 -3 34 20 56 -6 23 -18 -22 26 -26 -1 -5 29 55 32 42 33 -31 -17 -25 -23 38 47 43 -24 -41 -32 -39 -12 -45 -29 48 -2 50 -50 -49 -53 -54 -55 -14 57 -10 -43 -20 -61 -62
right_child=2 10 3 4 9 13 8 11 19 -11 44 -13 28 -15 -16 17 22 -19 59 -21 21 36 40 35 25 -27 -28 46 -30 30 31 -33 -34 -35 -36 -37 -38 39 -40 41 -42 58 -44 45 -46 -47 -48 51 49 -51 -52 52 53 54 -56 -57 -58 -59 -60 60 61 -63
leaf_value=-0.042857399892969189 -0.012555438967958783 0.0041758238151581931 -0.004245006166103309 0.015628286027736603 0.0038189318740783798 -0.031167222872791812 0.026318514528322193 0.017275690357712516 -0.012186212613188654 0.010785568466189221 0.028842706475839367 0.0023770852708943401 -0.008891311601985823 -0.020165316647365341 -0.010756541899037853 -0.010944828799798547 -0.017669555735930789 -0.010745406991420771 0.0088644091777836664 0.016054617449272536 -0.0288802529696085 -0.0071189171692041279 0.00025815119325103071 -0.00063463073605358946 -0.033685084230058011 -0.0096561194947785388 0.017095063446934806 -0.010939824499082677 -0.022286382722569491 0.018966459512666869 0.00021490395996260768 0.010012682892932487 0.02051518926897954 -0.023997873414697102 0.028878978362952775 -0.01546716772688695 0.0063667601247878649 0.00048433318777902295 -0.022657216670965982 0.014879842072710998 -0.028903126376181837 0.014436646224332177 -0.030191277360290664 0.034055246126348804 0.008007178904104309 -0.019572402717321444 -0.0024749351619750867 -0.011654444258082569 0.0085229113873217157 -0.0072674367325983764 -0.010618055258621296 0.034307176688835338 0.026769700324546473 0.012722513433507977 -0.010650462385399391 0.0055756462535182698 0.017675497913777174 0.008097110278526656 -0.0030179848318858341 0.0081259166235189192 -0.0062133567549915629 0.027671226356802192
leaf_weight=3.110515107400718 277.88729590200819 138.80444739840459 128.72172728180885 24.308236020617187 872.73260178952478 287.19761408457998 151.70263683050871 87.988565977662802 31.470220964634791 511.95007491577417 28.655237255617976 304.72420013369992 46.495308156590909 178.89985517220339 222.50489495124202 6.6358222067356101 88.573732089134865 15.049704835750161 492.8054557137657 283.42409902357031 16.160357518354431 64.746486583724618 76.842825514264405 144.63444732641801 20.880771485622972 154.04923338955268 18.759904044680297 120.77805085969158 9.741406918037681 12.054290900472553 67.186818383866921 136.11257750447839 140.06634279852733 10.205039609922094 28.256457096664235 52.705795885063708 167.65247003128752 41.573310371022671 53.668462546775118 38.54700537584722 11.243077884195371 26.886663208249956 9.9637053559999895 2.8591938358731559 49.815141433384269 62.221576058072969 994.08493079571053 36.255023383768275 79.766165797132999 611.13726841181051 36.955400242004544 9.6060652700252813 12.317772019887341 21.784023495391011 39.600100646028295 148.64334146562032 56.134124979376793 150.72493505734019 203.66260752931703 149.06973096902948 122.14914454473183 9.0610897159203869
leaf_count=66 5248 1887 2028 116 7559 26707 436 313 299 2253 99 2380 403 11939 6489 33 4249 169 2709 1150 269 671 633 1824 1162 3909 147 2612 244 73 514 866 686 85 144 598 1317 706 2262 491 228 326 103 21 215 2117 18250 522 862 12218 621 75 142 266 784 1255 180 1097 3379 968 894 49
internal_value=-8.16626e-12 -0.0126907 0.00192528 0.00410503 0.0022047 -0.0219675 0.0100948 -0.00202387 0.0154011 0.00505398 0.00116359 0.00571517 0.00505582 -0.0269444 -0.00425584 -0.00193999 -0.00409098 0.011647 0.00365116 0.0122268 0.00194571 -0.00172065 -0.0105864 -0.00643424 -0.0101803 -0.0125244 0.00856834 -0.00298611 0.00711833 0.00762022 0.0104734 0.00504763 0.0176017 -0.000731021 0.0213053 -0.00459612 0.00260964 -0.00612327 -0.00743591 -0.00200464 -0.00346393 0.00128978 -0.00371194 -0.0103167 0.0156157 -0.0172164 -0.00339197 -0.00670998 -0.00759929 -0.00570709 0.00246266 0.000770774 0.00617814 0.00251189 -0.00235585 0.00212863 0.00767481 0.00459361 -0.000982425 0.00656012 0.00250858 -0.00387336
internal_weight=8402.21 1106.77 7295.43 5740.7 4358.06 662.898 1382.65 1754.39 673.456 2603.67 443.876 392.713 709.191 466.097 1361.68 365.406 315.464 49.942 2091.72 521.753 1318.63 445.9 176.66 213.501 196.8 174.93 21.8704 1139.17 580.469 570.727 375.589 213.263 162.326 22.2593 34.8923 197.34 232.399 1554.73 1178.98 375.75 88.0859 269.096 77.1505 106.654 78.4704 65.0808 1114.86 1125.31 1005.75 727.859 116.722 119.563 83.308 73.7019 61.3841 195.139 238.329 182.195 230.549 773.085 280.28 131.21
internal_count=140317 51587 88730 58690 49271 43930 9419 30160 3162 19111 7657 2693 6257 38646 27467 7343 6997 346 16858 2726 12238 4679 5110 2691 5284 5071 213 20978 4229 3985 2327 1483 844 158 177 2422 1988 30040 23000 7040 861 4196 617 2844 314 2138 20862 20738 18949 13701 1483 1789 1267 1192 1050 1658 1576 1396 3705 4620 1911 943
is_linear=0
shrinkage=0.03


Tree=20
num_leaves=63
num_cat=0
split_feature=0 10 10 4 0 10 4 10 10 4 10 1 4 1 10 0 6 1 0 1 5 4 10 0 6 0 3 10 4 5 0 4 4 10 3 2 11 10 0 1 10 4 1 1 0 2 1 10 10 10 3 6 2 1 6 5 9 6 5 1 0 6
split_gain=211.405 156.317 133.662 73.0103 48.8814 43.8224 39.9664 34.5168 24.4646 24.4391 23.821 18.4936 16.368 14.2106 14.056 13.5439 14.9324 12.0096 11.8703 12.0005 11.8452 11.4749 10.6104 11.0021 9.78919 9.71769 9.65374 9.49401 15.6156 12.604 14.2885 12.0935 9.34059 11.7105 9.28966 9.23429 10.3642 11.0222 8.9965 8.72419 8.64195 13.7149 8.57676 9.96459 12.1786 10.7167 13.1712 9.27043 8.31079 8.30971 7.64626 7.58381 7.57496 7.36727 7.33761 11.5802 11.5183 7.64556 7.32334 7.32453 7.19665 7.13743
threshold=0.66169357299804699 6.7487567987550685 5.6612213479477846 7264.5000000000009 0.92755046486854564 6.6233990098860458 24287.500000000004 7.1572056814289775 7.2121962936013082 4334.0000000000009 7.08965930037769 538.50000000000011 31803.000000000004 27.500000000000004 6.1257619542170465 0.87245309352874767 0.91947103353205861 17.500000000000004 0.97619104385375988 142.50000000000003 4.0250591603038908 46248.000000000007 6.1954247594495966 1.0459632873535158 0.7414357866343898 1.2609406709671023 0.79980447604648008 4.6298509007569537 7160.5000000000009 4.1777724213056038 0.96312779188156139 706.50000000000011 1887.5000000000002 4.7833076179467886 1.6051568819807567 3.3140786430942528 3.8385603171301113 5.8916403962988664 0.73409724235534679 13.500000000000002 6.7598269152733463 20881.000000000004 249.50000000000003 317.50000000000006 1.1584513187408449 3.8488085709008071 444.50000000000006 6.7001142100589774 6.2145760973981492 6.5139714008924194 1.1373554991912018 0.88598485238227431 4.4290293040293056 554.50000000000011 0.9313754960684365 3.4183688637495115 1.0000000180025095e-35 0.91845251156679253 3.8977631933165147 53.500000000000007 1.0077064037323 0.9006995254468102
decision_type=2 2 2 2 2 2 2 2 2 2 2 2 2 2 2 2 2 2 2 2 2 2 2 2 2 2 2 2 2 2 2 2 2 2 2 2 2 2 2 2 2 2 2 2 2 2 2 2 2 2 2 2 2 2 2 2 2 2 2 2 2 2
left_child=1 6 27 5 7 18 32 24 12 -7 22 15 53 -9 -8 16 -11 -10 54 -20 -17 -14 25 61 -5 35 38 34 31 30 -30 -29 39 -34 52 36 37 -6 -26 -1 41 -25 48 44 51 47 -47 49 -43 -45 -23 -44 -2 -3 57 -56 -57 -4 59 -33 -12 -24
right_child=2 8 3 4 10 9 14 13 17 11 60 -13 21 -15 -16 20 -18 -19 19 -21 -22 50 23 40 26 -27 -28 28 29 -31 -32 58 33 -35 -36 -37 -38 -39 -40 -41 -42 42 43 45 -46 46 -48 -49 -50 -51 -52 -53 -54 -55 55 56 -58 -59 -60 -61 -62 -63
leaf_value=-0.040068305240411724 -0.0087465004642218597 0.0023829638708654849 0.00093281837065789118 0.013795582651007618 0.0096604751716123129 0.025246915678678782 -0.031540957661209172 0.016145343661621053 0.016304416555548096 0.0099584780368229334 0.0070536163332336104 0.023865846445623798 -0.025145139690996483 0.0023805679328412562 -0.021010013219884677 0.010294047232344608 -0.010070077628182239 0.0024461207548786305 -0.0086366936881642365 0.0094602428505268805 0.025940891927666108 -0.011152902500685116 0.0036150608493120012 0.0032493404061136803 -0.017227283459041128 -0.039334496346633531 -0.0026531114484728115 0.035340664413861064 -0.016320653744108706 0.0086257364237403086 -0.004741096427883458 0.020723810352225657 -0.031319786383829304 -0.0093640142025587202 0.019387578530516977 -0.0036389493743113812 0.01417769368707174 -0.044222356352913161 -0.006488260803585378 0.015750427563496348 0.00054652516499743202 -0.016708211243281069 -0.041257425253839811 0.019432085789948383 0.029339090718808525 0.017314742184574083 -0.03457396864730141 0.044968917642328535 0.023379503878153508 -0.0029986519402394776 0.020495254113596158 0.0035095318773511858 -0.034911693352718313 -0.052453159557259418 -0.0099814002215179738 0.01091443533195093 -0.036651223436589116 -0.012013682309411817 0.0059100348707520059 -0.0038494482221867162 0.014224744059261126 -0.00234623823167636
leaf_weight=2.9099073810502913 642.20272666786332 114.8167002449045 260.56459137005731 24.925760836806148 7.520797932520507 154.43926654523239 236.95861588529078 86.744855228345841 97.646600575651973 78.923465989762917 286.74148286390118 95.793671533465385 50.263664326630533 304.29548382735811 219.95114990259754 296.99293963378295 58.212827398441732 132.84767637052573 35.386515455087647 484.62115829833783 51.025321338325739 26.292252954852302 698.77399114193395 168.95632309559733 82.260988853522576 6.1038098083809009 630.60006455029361 8.5555220898240787 164.78379608952673 37.472378960810602 229.44698438153137 11.31542063038796 25.630807335837744 148.74965917511145 10.428667814936487 274.33655088418163 56.884119978174567 6.2612078245729208 479.16711363987997 18.809201736934483 121.71383430901915 4.904419317841529 8.991979402489962 60.272164911963046 5.1699706688523284 8.9053540602326411 8.7078158478252572 9.6906687244772893 91.295875388896093 19.7299460968934 9.3011435209773463 5.4821694130077949 10.11490645399317 2.2482129679992786 32.776624631369486 159.56006488809362 4.7173538608476511 48.73096832819283 112.50575287989341 309.92007969738916 224.60819587809965 243.8359203459695
leaf_count=66 11973 2131 3105 116 67 481 22911 313 549 514 1398 305 2592 2380 15735 1409 668 1035 334 2864 163 1087 5891 1042 2987 52 12042 29 5826 283 4631 114 1438 3633 106 3416 449 70 10581 147 689 30 60 246 18 41 65 30 393 117 195 31 411 68 542 1568 121 745 1234 5433 855 2492
internal_value=2.05914e-11 -0.0123385 0.00185525 0.00397601 0.00169957 0.00905015 -0.0216093 -0.00231988 0.00162942 0.0146399 0.00448679 0.0118201 -0.0059669 0.00543402 -0.0264715 0.00944163 0.00145658 0.00831705 0.00504511 0.00822875 0.0125881 -0.0159159 0.00286954 0.00399809 -0.00481142 -0.00181179 -0.0052005 -0.00599527 -0.00394192 -0.00800083 -0.00958121 1.97788e-05 -0.0102804 -0.0125911 -0.00870313 -0.00114794 0.00852254 -0.0148187 -0.00806175 0.00827188 0.00752971 0.00969736 0.0145794 0.00945959 -0.0101844 0.0130558 -0.00833864 0.017257 0.0213358 0.0139003 -0.00288272 -0.0243017 -0.00915222 0.00132984 0.0017756 0.00630007 0.00954855 -0.00110696 -0.000676924 -0.00298386 0.0102035 0.00207298
internal_weight=8311.8 1086.43 7225.37 5688.63 3926.88 1761.74 653.009 1607.99 433.416 735.387 2318.89 580.948 202.922 391.04 456.91 485.155 137.136 230.494 1026.36 520.008 348.018 85.8571 1807.54 1456.43 1216.95 351.106 1192.03 1536.75 874 431.703 394.231 442.297 196.1 174.38 662.746 345.003 70.6661 13.782 561.428 21.7191 513.821 392.107 223.15 126.95 19.6441 107.306 17.6132 89.6928 96.2003 80.0021 35.5934 14.4741 652.318 117.065 506.35 197.054 164.277 309.296 433.741 321.236 511.35 942.61
internal_count=140317 51587 88730 58690 45871 12819 43930 28419 7657 3540 17452 3059 6073 2693 38646 2754 1182 1584 9279 3198 1572 3874 15199 11145 25726 4054 25610 30040 17550 10740 10457 6810 5284 5071 12490 4002 586 137 13568 213 2762 2073 1031 608 109 499 106 393 423 363 1282 91 12384 2199 6081 2231 1689 3850 6781 5547 2253 8383
is_linear=0
shrinkage=0.03


Tree=21
num_leaves=63
num_cat=0
split_feature=0 10 10 4 0 0 10 10 10 4 4 4 0 4 10 4 6 5 3 1 4 5 6 0 6 3 4 9 1 2 4 3 10 4 4 0 3 6 6 0 1 10 1 4 6 1 11 4 3 11 11 11 5 2 2 10 0 3 4 10 3 0
split_gain=197.899 132.58 129.004 61.2571 55.8271 41.3899 38.9293 34.3325 31.9657 30.6032 21.6093 21.1179 16.9384 14.7565 13.6963 12.8958 13.1283 12.8601 12.4021 11.2672 11.1975 10.504 10.7609 10.5009 10.4943 10.3629 10.2194 10.1832 9.9608 12.6904 11.0171 10.264 9.80217 9.69324 9.50199 9.30155 9.14974 9.08291 11.5415 9.05573 9.04412 8.86881 8.86272 8.84454 8.73031 8.60436 8.12306 7.92798 8.76072 7.83853 7.81326 7.69954 9.82112 9.07932 7.71765 7.67411 10.2081 10.0877 10.8308 9.79249 8.45267 7.81447
threshold=0.72987970709800731 6.6052832719652992 5.7899554948754268 6151.0000000000009 0.53535157442092907 1.001074552536011 7.3581864408406057 7.1572056814289775 7.4342399374267485 26371.000000000004 60596.000000000007 1608.0000000000002 0.87245309352874767 24540.500000000004 5.3729582179059152 7264.5000000000009 0.88889327264613283 3.8977631933165147 1.0027236635509598 22.500000000000004 2345.5000000000005 3.850610043709318 0.9781808333649068 0.84530186653137218 0.89335755645157666 0.97108269809791736 4664.5000000000009 1.0000000180025095e-35 78.500000000000014 2.9800720106232252 35874.000000000007 0.5532471949433968 5.2067464199591091 32156.000000000004 15127.000000000002 0.87482494115829479 1.1106369731384576 0.97456635066956965 0.96173714330749316 0.73409724235534679 117.50000000000001 6.6567190895965176 261.50000000000006 706.50000000000011 0.97165484723458106 988.50000000000011 4.8237971230158747 24495.000000000004 0.86266927945526672 3.9986073696289073 4.9982638888888902 4.3237030552516957 3.4906805048282687 3.6259047619047622 3.3067585760065801 3.8393944990995772 1.1018312573432925 0.89762493857296022 1188.5000000000002 4.6774800307930642 0.86266927945526672 0.84809651970863353
decision_type=2 2 2 2 2 2 2 2 2 2 2 2 2 2 2 2 2 2 2 2 2 2 2 2 2 2 2 2 2 2 2 2 2 2 2 2 2 2 2 2 2 2 2 2 2 2 2 2 2 2 2 2 2 2 2 2 2 2 2 2 2 2
left_child=1 4 14 8 13 7 9 23 11 26 -11 42 24 32 34 16 -6 20 -17 -9 -16 -7 44 33 -13 -12 -3 41 -8 -30 -31 -32 43 46 39 -10 47 38 45 -2 -39 -14 -4 -1 -23 -25 -5 48 -24 -49 -34 53 -53 54 -22 56 61 58 59 -57 -60 -41
right_child=2 6 3 5 15 21 28 19 35 10 25 12 27 -15 17 18 -18 -19 -20 -21 51 22 36 37 -26 -27 -28 -29 29 30 31 -33 50 -35 -36 -37 -38 40 -40 55 -42 -43 -44 -45 -46 -47 -48 49 -50 -51 -52 52 -54 -55 -56 57 -58 -59 60 -61 -62 -63
leaf_value=0.023698163028852998 0.035083554716836426 0.026576665716708796 0.011899011598039249 -0.0039545355141498801 -0.014657365965926221 0.0018032293818635277 0.013244243130759448 0.019692399862050566 0.012415838204698508 -0.015508246409190315 -0.0064555369532468326 0.0066455599445671785 0.0072572996815504463 -0.029462522642346101 0.0067764628529591499 -0.01816024788881546 0.0060862339423631466 0.0047829397511005628 -0.0036156031468373992 0.0053759147214406146 -0.013992193693193742 0.0080775082503306717 0.019661247624631853 -0.0013286647564520534 -0.0086897927838314112 0.030085414529179011 0.0012330488267342061 -0.025167056512301892 -0.041655983648646019 0.019095773895648403 0.036468761875384489 -0.027466846806781894 -0.013134425567991945 -0.01401931456379627 -0.020537493778300428 0.028848427652419253 -0.04086443017551767 0.022180810177156184 -0.019366201671237714 0.00084291360290033072 0.0028881316165641816 0.014139462298532688 0.029171552455092235 -0.034839762760470155 0.02181113773359375 0.0081457914531796842 0.026820193904331099 -0.051951050275338542 -0.022315989246828934 -0.0042424038508809764 0.019889364316266946 -0.016865801693874988 0.0081434530800706655 -0.016464516335451734 0.0013135815367513359 -0.0075345216000622783 -0.0027966099071313664 -0.0014061341425843426 -0.008372350427989032 0.023149351865581109 -0.023965663746495041 -0.017106083801963316
leaf_weight=2.5314002213999656 4.7104506681207559 15.430745225399731 49.520303294062614 411.87005341274198 44.453418757999316 310.46346157020889 175.45692542241886 54.800736705772579 45.246165327727795 222.55782889557304 13.488920121919366 74.282846667338163 562.67469250399154 306.98740761756198 63.806331249885261 180.17214984138263 71.82543675834313 203.34335588454269 74.613894478534348 509.06935610901564 47.375303520122543 1049.5660671992227 18.490394432097677 1102.7973930102307 87.431084734387696 14.48644775431603 198.84988798212726 7.7810436568688592 6.505526974797248 19.154428553767502 2.7857897244393817 11.96927038580179 58.783757235039957 94.354947186773643 44.708972546854056 98.474255990236998 5.9814398325979701 29.157007439527661 30.199512326274998 25.103536195121706 87.48674894683063 240.57543210033327 58.109283019322902 28.212114401510917 43.380099488189444 93.589748925762251 7.8666622436139724 4.3867320846766225 5.9031445924192658 10.561996120028196 7.2423451315844423 19.274004960665479 52.97081537777558 101.25777393887984 79.243188655702397 19.631827133707702 96.158755043055862 363.31405874760821 338.94843587290961 17.892207189463079 34.468294373713434 167.42883429257199
leaf_count=17 41 56 171 7911 765 2552 761 188 151 9599 196 903 3746 28935 604 8615 1126 2180 2485 3092 888 5656 94 15021 1309 90 3321 222 58 76 20 173 2134 3396 1915 291 41 301 513 461 1243 998 187 1381 159 683 117 33 51 66 59 619 1086 2666 1288 357 1199 5793 7373 156 875 3854
internal_value=-1.4871e-11 -0.0100362 0.00215656 0.00453388 -0.0185226 0.00268365 -0.000376142 0.000283734 0.0103833 -0.00526542 -0.0123845 0.00861512 0.00721995 -0.0262425 -0.00505342 -0.0101227 -0.00184405 -0.00125989 -0.0139009 0.00676729 -0.0046363 0.00669451 0.00802861 -0.00168463 -0.00164554 0.0124664 0.00305809 0.00898767 0.0101514 -0.00327575 0.00408749 -0.0153957 -0.0160273 -0.00533088 -0.00698799 0.0236751 -0.0062952 -0.000289106 -0.00104985 -0.0064206 0.00771065 0.00931852 0.0212245 -0.0300198 0.00862261 -0.000587507 -0.00337776 -0.00103944 0.00950291 -0.0182426 -0.00951208 -0.00706268 0.0014713 -0.00976825 -0.00441319 -0.00660452 -0.010779 -0.00504801 -0.0082678 0.00709616 -0.00981169 -0.0147658
internal_weight=8229.16 1455.51 6773.66 5094.02 774.822 3869.93 680.686 2421.19 1224.1 464.814 250.533 1080.37 972.745 403.757 1679.64 371.065 116.279 567.271 254.786 563.87 363.927 1448.73 1138.27 1857.32 161.714 27.9754 214.281 811.031 215.872 40.415 33.9095 14.7551 96.7696 514.092 1112.37 143.72 45.3237 1343.23 1226.59 1067.66 116.644 803.25 107.63 30.7435 1092.95 1196.39 419.737 39.3423 24.3935 14.9487 66.0261 300.121 72.2448 227.876 126.618 1062.95 288.691 774.255 410.941 37.524 373.417 192.532
internal_count=140317 59867 80450 49095 45517 41117 14350 32465 7978 13262 9885 7536 7178 32526 31355 12991 1891 9331 11100 3280 7151 8652 6100 29185 2212 286 3377 4966 1088 327 269 193 3591 11424 22024 442 285 17761 16217 20109 1544 4744 358 1398 5815 15704 8028 244 145 99 2193 6547 1705 4842 2176 20068 5514 14554 8761 513 8248 4315
is_linear=0
shrinkage=0.03


Tree=22
num_leaves=63
num_cat=0
split_feature=0 10 10 4 0 10 4 10 10 4 10 1 4 0 0 1 1 0 1 6 4 6 10 4 6 0 6 0 11 6 1 4 10 0 1 3 5 11 4 0 1 5 0 4 10 10 2 0 2 4 1 3 3 11 2 3 4 5 2 10 6 5
split_gain=186.549 140.319 121.039 63.9092 44.3757 41.0402 35.1062 30.5535 23.1336 21.6315 20.2844 14.333 14.2983 13.8039 11.8217 10.9399 10.5943 10.5377 9.95553 9.80746 13.7056 11.1285 12.0031 9.57805 9.49538 9.47786 10.3505 9.35751 9.09185 8.99026 9.46612 8.98551 12.6081 11.1727 10.7048 11.2652 8.94403 15.6344 9.82276 11.2826 9.11587 8.67311 8.53658 8.25301 10.1622 8.8416 8.22842 8.21337 8.17898 8.1242 9.52189 8.12018 8.07377 10.1002 9.76891 9.64429 8.24171 8.00965 14.1842 7.9863 12.3904 13.5185
threshold=0.66169357299804699 6.7487567987550685 5.6612213479477846 7264.5000000000009 0.92755046486854564 6.6233990098860458 24287.500000000004 7.2121962936013082 7.2121962936013082 4334.0000000000009 7.08965930037769 538.50000000000011 31803.000000000004 0.41833950579166418 1.001074552536011 27.500000000000004 5.5000000000000009 0.95213070511817943 142.50000000000003 0.75500320772010088 20881.000000000004 0.78834395721242612 6.7001142100589774 46248.000000000007 0.7414357866343898 0.87245309352874767 0.91947103353205861 1.2609406709671023 4.8237971230158747 0.94465251782277593 36.500000000000007 2684.5000000000005 3.2769667020129059 0.9139937460422517 126.50000000000001 0.93078790088241758 3.8687948354831319 4.5081843335160157 2167.0000000000005 1.0581573247909548 224.50000000000003 4.0250591603038908 1.1902310848236086 1887.5000000000002 4.5379471377116305 6.3429916439295981 2.8793456694271913 1.0613698959350588 3.3301767223856329 19254.000000000004 1859.0000000000002 0.79980447604648008 1.1524820569999437 4.2993314908492586 4.1110104279036328 0.35298259519309683 6896.0000000000009 3.9950572238212492 2.9563332324455209 3.8393944990995772 1.0630863632332095 3.8687948354831319
decision_type=2 2 2 2 2 2 2 2 2 2 2 2 2 2 2 2 2 2 2 2 2 2 2 2 2 2 2 2 2 2 2 2 2 2 2 2 2 2 2 2 2 2 2 2 2 2 2 2 2 2 2 2 2 2 2 2 2 2 2 2 2 2
left_child=1 6 31 5 7 17 43 24 12 -7 14 25 -3 -8 -6 -9 -10 29 -19 -16 27 22 -22 -14 -5 26 -11 49 48 52 -31 59 -33 -34 -35 57 38 40 -20 -40 -38 -27 -37 45 -45 -1 -44 -42 -23 -21 -51 -26 53 -4 -55 -56 -57 58 -36 60 -2 -62
right_child=2 8 3 4 10 9 13 15 16 11 -12 -13 23 -15 19 -17 -18 18 36 20 21 28 -24 -25 51 41 -28 -29 -30 30 -32 32 33 34 35 42 37 -39 39 -41 47 -43 46 44 -46 -47 -48 -49 -50 50 -52 -53 -54 54 55 56 -58 -59 -60 -61 61 -63
leaf_value=-0.0054890304319064392 -0.0098883307544005081 0.00080825455144128576 -0.0045131647954765371 0.014078923874405883 -0.00040575709822111697 0.02429662864608818 -0.029774286429595759 0.015179382524455054 0.026089893499612649 0.0092617303805790484 0.0096378130986637008 0.022119750061972206 -0.024124624105328958 -0.01888447694591892 0.019341636049622687 0.0026577929318002086 0.0057601220899441792 -0.0064748151562213268 0.01626069047678742 0.0023212158090974259 -0.029659961269876491 0.01637166662036808 0.010485682247299229 -0.0034271791976072195 -0.0074401028063374904 0.0099919552400378718 -0.0078441687264973418 -0.035137932368128434 -0.036105133264617943 -0.036703392457904209 0.0080657157788438204 -0.025796278839127183 -0.011991509942490633 0.011615694759395664 0.035647932069260778 -0.002786230062647286 0.029873270929482103 -0.038811646839212982 -0.0011974720026012016 0.010298693967577972 0.015821001989150308 0.023635473767968571 -0.037374080096477393 -0.032149251709401902 -0.0095316961907149968 0.035842550275164267 0.018907597639826881 -0.0028291855173154406 0.0068313714856356516 -0.013088106890377118 0.043449740917470676 -0.0025077261355956884 -0.018823098435528686 0.022552795803870131 0.051062633436733819 -0.0090930209490226559 0.042619357250160125 -0.0013892182792301269 -0.011922214455200619 0.00082305591022278229 -0.0066797069397275749 0.040756677318354695
leaf_weight=14.95754495682195 168.36585492361337 118.11370080139022 172.37801733985543 24.391730697825551 651.28027668665163 147.50629089260474 264.62831321608974 82.166156355291605 26.094093980267644 80.620593884959817 502.33871938078664 93.94475432485342 48.058172855118755 173.41287041979376 39.605966910719872 266.38762972177938 199.07254546415061 44.104140889365226 66.560084636323154 441.53951520822011 14.803880472434686 98.822914155200124 12.248868104070423 34.617625978746219 567.07971423037816 294.8216374986805 52.610656085424125 6.5390021074563256 4.1320484820753327 4.3748064092360428 149.80227516009472 32.34331013134215 269.21458109514788 33.913043632986955 5.7445569005794814 247.30054011452012 32.376077460125089 4.8948723804205647 184.8339616144076 131.49130225740373 107.55625765863806 48.887284316122532 2.5546469418332007 20.338514982257038 147.83288956386968 6.7648206334561101 27.554438491119072 26.485018905252218 445.32568259909749 50.4273811862804 2.8314748108386985 638.77074616320897 24.233176958281547 28.435748394578695 3.0125941298902026 33.353222805773839 3.0253727305680505 101.37752449826803 313.85290969361085 283.2006928413175 12.364179687807338 9.6089443047530931
leaf_count=189 2807 2199 2281 116 7589 481 26322 273 133 514 2253 305 2592 12324 129 1925 1451 445 341 3363 199 491 79 1282 13837 1409 668 66 39 88 1701 1009 7860 585 38 4288 128 50 1688 687 463 163 35 1162 3909 24 276 134 2732 506 6 12268 366 266 13 608 20 1674 7325 3920 166 57
internal_value=-1.14782e-11 -0.0117769 0.00175024 0.00378661 0.00163154 0.00856629 -0.0207928 -0.00223104 0.00151404 0.0140554 0.0043181 0.0114092 -0.00588955 -0.0254632 0.00280625 0.00560956 0.0081161 0.00468858 0.00724303 0.00468026 0.00414093 0.00730055 -0.0114829 -0.0154583 -0.00445244 0.00929953 0.00250691 0.000514961 0.00822734 0.00103764 0.00679538 -0.00579333 -0.0073609 -0.00676554 -0.00484431 -0.0056436 0.00833473 0.0140324 0.00578546 0.0035813 0.0155867 0.0119325 -0.000949951 -0.0100193 -0.012267 0.00738253 0.0141323 0.0121359 0.00856399 0.000986132 -0.0100823 -0.00482729 -0.00231933 -0.000654341 0.00915262 -0.000520703 -0.00479244 -0.00873657 -0.0110672 -0.00237093 -0.00712317 0.0140644
internal_weight=8145.29 1053.89 7091.4 5584 3848.69 1735.31 627.935 1578.8 425.956 718.391 2269.9 570.885 200.789 438.041 1767.56 348.554 225.167 1016.92 598.302 1116.28 1076.67 575.333 27.0527 82.6758 1230.24 476.94 133.231 501.337 548.281 418.615 154.177 1507.4 1033.86 1001.51 732.298 698.385 554.198 171.312 382.885 316.325 166.417 343.709 277.41 189.894 168.171 21.7224 30.1091 134.041 544.149 494.798 53.2589 1205.85 264.438 240.205 67.8269 39.3912 36.3786 420.975 319.597 473.54 190.339 21.9731
internal_count=140317 51587 88730 58690 45871 12819 43930 28419 7657 3540 17452 3059 6073 38646 15199 2198 1584 9279 3936 7610 7481 3540 278 3874 26221 2754 1182 3941 3262 5343 1789 30040 23090 22081 14221 13636 3491 775 2716 2375 725 1572 4599 5284 5071 213 311 597 3223 3875 512 26105 3554 3188 907 641 628 9037 7363 6950 3030 223
is_linear=0
shrinkage=0.03


Tree=23
num_leaves=63
num_cat=0
split_feature=0 10 10 0 4 10 10 0 4 4 10 10 1 3 10 4 0 1 4 10 5 6 0 0 1 0 6 0 3 2 0 2 10 10 5 1 3 2 6 3 0 0 10 6 3 4 5 5 6 0 1 10 6 1 5 0 1 10 5 2 11 6
split_gain=177.682 126.341 112.402 64.694 54.1128 38.0353 36.3724 38.0841 34.109 19.4343 16.9124 14.8822 13.7894 13.5402 13.2381 13.1278 12.6739 11.7726 11.632 15.7595 11.6041 9.77197 15.161 10.861 10.4418 10.585 9.63846 13.3852 9.16735 8.80782 8.74012 8.45607 8.3869 12.4041 10.3815 8.35628 12.4012 10.5522 8.00992 8.00785 7.96588 7.96542 9.31679 10.4056 9.11966 11.613 9.05306 7.89609 7.94635 8.52179 8.63251 9.69376 7.99454 11.2722 9.19635 7.81008 7.6745 7.48521 7.40086 7.36893 9.05011 7.3185
threshold=0.72987970709800731 6.9809845790130192 5.4071617168636603 0.26258775591850286 7264.5000000000009 6.5139714008924194 7.1925524824479465 1.001074552536011 7264.5000000000009 3120.0000000000005 5.8536372009884516 7.4280360173618503 30.500000000000004 1.0346832967846893 6.1954247594495966 2167.0000000000005 0.90227201581001293 538.50000000000011 1887.5000000000002 4.2555875595453383 3.8687948354831319 0.97264051834927623 0.76054066419601452 1.0077064037323 46.500000000000007 0.88502702116966259 0.86285065031944908 0.82861515879631054 0.69301343303212626 3.1242490186038578 1.0489733219146731 4.7271551724137941 6.3162515517017495 6.3216667670889342 3.9360312238930666 147.50000000000003 0.54782774642871102 3.9463209219858162 0.82800806885291112 1.5615182250254129 0.85082200169563305 1.1136734485626223 3.8393944990995772 1.1090001495229092 0.89762493857296022 1393.5000000000002 3.8687948354831319 3.9206037185039846 0.8503679992193437 0.97168874740600597 287.50000000000006 6.8194451588670377 0.87966204658687641 55.500000000000007 3.8840451899537194 1.0581573247909548 44.500000000000007 6.1612050962632878 3.8246373717531927 3.9755521402550094 4.3237030552516957 1.0097055128015251
decision_type=2 2 2 2 2 2 2 2 2 2 2 2 2 2 2 2 2 2 2 2 2 2 2 2 2 2 2 2 2 2 2 2 2 2 2 2 2 2 2 2 2 2 2 2 2 2 2 2 2 2 2 2 2 2 2 2 2 2 2 2 2 2
left_child=1 3 39 57 5 15 7 32 18 -7 -10 12 -3 -12 -9 -4 31 26 -5 -20 28 23 -23 -8 -24 -26 38 -28 35 -14 -25 61 34 -34 56 -18 -37 58 -11 41 -35 42 43 -2 45 -44 -45 48 49 -42 -51 -52 53 -50 -55 -30 -6 -1 -38 -27 -61 -17
right_child=2 11 4 8 6 9 21 14 10 17 13 -13 29 -15 -16 16 20 -19 19 -21 -22 22 24 30 25 59 27 -29 55 -31 -32 -33 33 40 -36 36 37 -39 -40 -41 47 -43 44 46 -46 -47 -48 -49 52 50 51 -53 -54 54 -56 -57 -58 -59 -60 60 -62 -63
leaf_value=-0.033541618230385047 -0.015362795055382159 0.0081110117907735955 0.012514813958773571 0.013549132325408499 0.019194196480899761 0.023625454761017024 0.0067591787469954397 -0.0011195277475669592 -0.022788361309198431 0.0058869615601366337 -0.014768300489697857 0.015467552357133606 0.0096483820443019428 -0.003199196297308346 0.0062104722883320022 -0.0069756507046450662 -0.029455917312691607 0.020249067475912583 -0.039139514251143454 -0.0013797914069742189 0.010607770485000109 0.040450678110184456 0.017376272806749173 0.022048431086236466 -0.036626470749229187 0.0029034741817847896 -0.011657630457649436 0.0081133745608612771 0.0014669004652984987 -0.0091964386786799711 0.008126141485858827 0.042735183138769714 0.026744328374099725 -0.0051147247250915295 -0.00099712770136870204 0.014476186189916272 0.0035391255203565371 -0.023612278316270777 0.018835231845696909 0.012848108745857525 0.014697662865496772 -0.0017331157563383217 0.0045207756099197244 -0.01576686795302279 -0.0027460748660283318 -0.011445734341184456 0.045808225347617408 -0.0019464642667880697 0.026304845004115032 -0.0293930109495605 -0.024477287109084655 0.037874360845239041 0.0032280209370705894 -0.027931911659747937 0.015246757803316167 0.011156495785959814 -0.010781223829258509 -0.022292317944216041 -0.031720592994388293 -0.058153473583994468 -0.0041298486380683145 0.010715749542944164
leaf_weight=139.8231321630883 185.36413407325745 146.69527350371936 151.74515597568825 43.469251315807924 7.9281481783837071 134.19676095340401 483.96518347854726 291.94944844231941 164.43672310217516 64.81266965973191 328.35702181351371 95.553931232076138 28.31553491903469 125.97901378700044 922.20118998270482 164.16668268537614 11.35174049832858 103.72554766200483 10.711825079750268 139.46992167900316 216.43833034485579 6.6882431260310105 12.795927125960587 89.005203448235989 12.762393584474919 28.676053857896477 34.526925993617624 286.92371370061301 223.95460661349352 105.44970793358516 74.594181779772043 3.4429934443905941 14.147892685839905 385.97829640400596 217.8381288824603 28.760730037931353 45.856676384340972 27.324538053944707 127.748809161596 19.026233955519274 85.161975439172238 225.81327303731814 46.548548841616139 3.8926572194322926 326.20724304369651 343.85304392781109 4.7973560141399503 612.5012450692011 5.6506470735184839 8.7455585254356283 3.8183594606816751 5.4429503148421645 168.32609760016203 24.019988555461172 5.4458486884832373 112.46140126185492 252.81705780595075 85.96367768466007 6.066303481347858 4.595544880256055 7.1064119292423129 24.138961628079414
leaf_count=14536 4359 1409 1143 321 144 444 2531 3379 11187 411 17096 394 278 3936 5503 2861 226 350 547 2383 1291 41 73 291 167 190 468 1604 2363 1906 274 32 126 8820 3549 316 427 415 473 237 864 3127 669 67 5845 8688 23 7975 45 116 45 33 2416 436 60 658 6354 5874 75 44 60 342
internal_value=4.49675e-12 -0.00965704 0.00205208 -0.0150533 0.00383913 0.00816308 0.0017912 0.000343015 -0.0111054 0.0132777 -0.0145442 0.00524254 0.00175884 -0.0115604 0.00444793 0.00437671 0.00294735 0.0110297 -0.000117347 -0.00407303 0.00488797 0.00784781 -0.0025871 0.00901809 -0.00695263 -0.0128109 0.00916933 0.00598978 0.00217176 -0.00520735 0.0157005 -0.00385591 -0.00242922 -0.00119508 -0.0058312 -0.00497117 -0.00239781 -0.00852177 0.0144771 -0.00645368 -0.00149796 -0.00677682 -0.00802748 -0.0138586 -0.00644843 -0.00954201 0.0182259 2.08941e-05 0.00395098 0.010733 -0.00801767 0.0121673 0.000511726 -0.0125085 -0.0199517 0.00470606 -0.0098698 -0.0292587 -0.000580364 -0.00528345 -0.0253458 -0.00470778
internal_weight=8069.53 1414.23 6655.31 1038.21 5499.8 1767.64 3732.16 3011.97 812.424 751.934 618.773 376.014 280.461 454.336 1214.15 1015.71 863.963 617.738 193.651 150.182 672.214 720.189 72.6246 647.565 65.9363 53.1404 514.012 321.451 455.776 133.765 163.599 191.749 1797.82 1319.24 478.583 119.36 108.008 79.2475 192.561 1155.5 1305.09 1136.48 910.663 194.054 716.609 390.402 8.69001 919.113 306.611 103.169 18.0069 9.26131 203.443 35.1165 29.4658 336.416 260.745 225.787 51.923 40.378 11.702 188.306
internal_count=140317 59867 80450 55880 57435 13899 43536 39865 35470 3750 32219 3987 3593 21032 8882 10149 9006 3306 3251 2930 5771 3671 575 3096 534 461 2956 2072 4480 2184 565 3235 30983 20936 10047 1459 1233 917 884 23015 20810 22778 19651 4449 15202 9357 90 11990 4015 1058 194 78 2957 541 496 3021 6498 20410 502 294 104 3203
is_linear=0
shrinkage=0.03


Tree=24
num_leaves=63
num_cat=0
split_feature=0 10 10 4 0 4 5 1 10 4 10 0 4 4 0 0 0 0 4 10 6 5 3 0 5 3 0 4 4 10 0 2 10 5 3 2 0 0 11 11 6 10 6 1 6 10 1 1 1 0 4 6 2 3 3 10 5 10 3 10 1 3
split_gain=170.53 122.683 109.047 58.4323 45.5641 31.8565 31.6536 24.0735 21.301 20.3591 15.9941 12.8556 12.0866 17.4248 11.3243 11.1872 10.8646 10.1313 8.80102 13.8034 15.6438 18.6197 11.7614 10.0547 8.65276 8.56498 8.32267 7.95113 7.68344 8.7318 8.66938 8.04087 7.54654 7.42874 9.84131 8.46769 7.13337 7.96102 10.3569 8.63726 7.08728 10.8956 8.31279 7.99705 7.93244 7.98218 7.33364 8.97244 7.06006 7.19537 7.02447 11.7563 7.15607 7.74347 6.98041 7.40149 10.3421 7.64761 6.7821 6.72244 7.03936 6.6804
threshold=0.66169357299804699 6.7598269152733463 5.6612213479477846 5989.5000000000009 0.92755046486854564 24287.500000000004 3.8747856574761594 27.500000000000004 7.4280360173618503 2684.5000000000005 7.1925524824479465 0.42663881182670599 60596.000000000007 31803.000000000004 0.87245309352874767 1.0459632873535158 0.74544954299926769 0.39400137960910803 7160.5000000000009 3.8393944990995772 1.0630863632332095 3.8687948354831319 0.93078790088241758 0.91860780119895946 3.6739338370229802 0.77058020430616736 0.93201935291290294 4688.5000000000009 2167.0000000000005 5.8021138116885078 1.0581573247909548 4.7509259259259267 4.7833076179467886 4.1480391834438821 0.91421843635385969 4.45517212566845 1.0077064037323 1.0489733219146731 4.0484527445734342 4.1027844011334578 0.89501902689674295 6.4583370549748498 0.91518211215892442 29.500000000000004 0.90993585065314864 6.2652994055664939 44.500000000000007 251.50000000000003 228.50000000000003 0.84530186653137218 27194.000000000004 0.85896163798129277 2.5915307424393945 1.0935801904730293 0.86266927945526672 5.1029059508623904 3.7934136783847614 3.9607678160667752 0.62804627038576288 7.2760554143373364 18.500000000000004 1.0641078976307532
decision_type=2 2 2 2 2 2 2 2 2 2 2 2 2 2 2 2 2 2 2 2 2 2 2 2 2 2 2 2 2 2 2 2 2 2 2 2 2 2 2 2 2 2 2 2 2 2 2 2 2 2 2 2 2 2 2 2 2 2 2 2 2 2
left_child=1 5 18 6 7 32 14 -5 12 -8 15 -7 13 -3 -4 40 61 -14 19 20 27 -22 48 -20 -18 -25 -11 -2 -16 31 -31 -30 -1 34 35 -12 -35 -38 -39 -40 43 44 -43 -6 -42 -46 -47 -48 -21 -50 -26 52 -52 -54 -51 57 -57 -56 -10 -15 -61 -9
right_child=2 8 3 4 10 11 9 16 58 26 33 -13 17 59 28 -17 24 -19 23 22 21 -23 -24 25 50 -27 -28 -29 29 30 -32 -33 -34 36 -36 -37 37 38 39 -41 41 42 -44 -45 45 46 47 -49 49 54 51 -53 53 -55 55 56 -58 -59 -60 60 -62 -63
leaf_value=-0.023032329494042183 -0.010187221640316237 0.0031837556191668544 -0.003639453555839381 0.0098217282478321039 -0.031931894662306372 -0.028708796839835179 0.02414425904024619 -0.011321667309421675 0.026464169644257522 0.006890504539069693 -0.0050869604520495425 -0.017977708276635584 0.022296729806570159 -0.017900214708363525 0.013683151277437728 0.0063287841529819609 -0.010606821319383643 -0.0085652974646059487 -0.015117118570170049 0.0015956689896187036 -0.01084093258338014 0.039195157884759781 0.0028828505670810455 -0.012396299598899074 0.00081470727438826831 -0.0027480558599147008 0.014667175729395051 -0.027919950503646308 -0.013181455350516869 0.0034940133407137886 0.013565514327577011 0.053814839847849322 -0.0070436419246258973 0.0083726113011944724 0.01604434927830288 0.026865915595290897 0.024532005557525827 0.028690128217674634 -0.037697227300482153 0.0057671211000690963 -0.02849568259906763 -0.0068603301284590346 0.0064126106804766941 0.0034816674097493403 0.00021463246975905953 0.026357778516427351 -0.029189667531020317 -0.0068475450026073475 -0.028103660933683203 -0.0044010049295641306 0.028692548919586763 -0.00092963806014294465 -0.0093112271124134154 -0.029415440193641038 0.013436121856220158 0.016562032946121481 -0.039460310070754491 -0.034639670869030734 0.0083004997806902063 0.005720442343036424 -0.012834395815605928 -0.00015487931197503068
leaf_weight=31.944590459694155 213.49181132414378 143.1740423188312 121.93704562308267 143.39974588330369 5.7758384463377288 258.00148472888395 137.97030251473188 197.83155483286828 30.075009688735008 227.45297965337522 76.151150031480938 164.55357189534698 30.230502872727811 73.819267601706088 106.91600959468633 754.74191281152889 94.76180015259888 14.009830598719416 153.55870763969142 105.90617248020135 14.647310454514811 12.326141749508677 299.63354612863623 124.70702626183629 674.77339579560794 246.46738117816858 271.93377198558301 25.472547483164817 32.427223956212401 317.97365326958243 101.46598034910858 1.6966505050659169 157.86460650654044 153.59692244813778 40.43163379188627 8.2754199467599374 71.672353897243738 16.511266162618995 4.7580767050385466 30.437469508498907 13.811768873361869 56.758740190416574 168.66007328312844 898.81063231499866 110.05512772360817 4.1339490925893179 25.031088923802599 45.735246011056006 14.448079574154688 231.57704937376548 3.9673282299190751 355.12694426137023 121.76325446926057 20.087163783609867 3.4589001126587418 9.6554011274129135 4.2804582188837221 21.416113710030913 48.076030508615077 31.302651016507298 44.650358045706525 63.753855568589643
leaf_count=1558 3980 2329 2028 1457 73 26707 436 5890 99 1576 408 11939 177 3766 610 4696 2232 169 5584 2136 270 57 4019 3404 10467 4536 1150 858 514 2620 480 5 3767 606 187 35 217 54 20 109 269 646 1383 7961 1523 21 395 508 310 4125 31 5979 2665 398 39 139 77 506 215 290 571 1041
internal_value=-2.02405e-11 -0.0114074 0.00168401 0.00363584 0.00189125 -0.0199439 0.00913598 -0.00193233 0.00117847 0.0139435 0.00446886 -0.0245298 -0.00209232 -0.00429958 0.00464595 0.00341196 -0.0030325 0.0125235 -0.00553873 -0.00382567 -0.00963288 0.0120242 -0.00158869 -0.00866074 -0.00188616 -0.00598967 0.0111252 -0.0120775 0.00644851 0.00474313 0.00593039 -0.00985038 -0.00973451 0.00994888 0.00387358 -0.00195497 0.0126876 0.0180593 0.0090874 -0.000108813 0.00175521 -0.00144429 0.00307059 0.00325555 -0.00656454 -0.00492681 -0.0124814 -0.0147503 -0.00501761 -0.00747653 -0.00118328 -0.00387457 -0.0110467 -0.0121581 -0.00637432 -0.0181487 -0.000645467 -0.0279547 0.0152905 -0.0114532 -0.00518736 -0.00860009
internal_weight=7989.34 1027.7 6961.63 5480.59 4160.81 612.364 1319.77 1675.47 415.338 637.357 2485.35 422.555 337.187 292.946 682.417 2083.51 1532.07 44.2403 1481.05 956.314 265.938 26.9735 690.376 524.733 1270.48 371.174 499.387 238.964 560.48 453.564 419.44 34.1239 189.809 401.834 124.858 84.4266 276.976 123.379 51.7068 35.1955 1328.77 424.186 225.419 904.586 198.767 184.955 74.9003 70.7663 390.742 284.836 1175.72 500.945 145.818 141.85 270.388 38.8109 13.9359 24.875 78.151 149.772 75.953 261.585
internal_count=140317 51587 88730 58690 49271 43971 9419 30160 7616 3162 19111 38646 7302 6956 6257 17475 28703 346 30040 16516 5165 327 11351 13524 21772 7940 2726 4838 4229 3619 3100 519 5325 1636 630 443 1006 400 183 129 12779 4745 2029 8034 2716 2447 924 903 7332 5196 19540 9073 3094 3063 4886 761 216 545 314 4627 861 6931
is_linear=0
shrinkage=0.03


Tree=25
num_leaves=63
num_cat=0
split_feature=0 10 10 4 0 0 10 4 10 10 0 5 4 5 4 4 4 1 3 5 1 10 0 1 0 0 0 4 0 0 2 0 1 0 1 6 5 5 4 6 2 10 4 2 10 5 6 0 6 5 11 10 3 1 5 5 2 0 4 1 4 1
split_gain=159.867 117.262 104.958 69.7323 39.4983 30.3093 28.5928 28.1293 20.3451 17.309 16.9813 16.762 16.69 14.6576 14.2319 11.3897 14.7997 10.8406 10.6664 10.3703 10.2986 10.2606 9.58369 9.31043 9.15051 8.81592 9.01045 8.80977 8.55191 8.20648 8.18875 9.10573 8.3771 8.91207 8.16042 7.75316 12.7402 7.6945 8.20675 7.66311 10.3354 8.11447 9.51706 8.38028 7.70108 7.75236 7.46162 7.43794 7.98502 7.39452 7.37925 7.33622 7.29656 10.204 8.63316 13.7784 8.19901 7.29233 7.86486 8.43495 6.97442 6.88209
threshold=0.66169357299804699 6.7487567987550685 6.3071835403242495 5375.5000000000009 0.92755046486854564 0.26258775591850286 5.4071617168636603 7805.0000000000009 7.4280360173618503 7.1970604017887565 0.96312779188156139 3.9435993215326381 2976.5000000000005 4.0007652761942145 3120.0000000000005 60596.000000000007 27324.000000000004 1707.0000000000002 1.0295518320738788 3.9049010079671125 237.50000000000003 7.1925524824479465 1.0459632873535158 25.500000000000004 0.39400137960910803 0.77502173185348522 0.87740182876586925 15127.000000000002 0.85082200169563305 1.1902310848236086 3.7209751626469219 1.1584513187408449 413.50000000000006 0.96955910325050365 90.500000000000014 0.81579862322943819 3.6399758062857384 4.0157280648804488 2167.0000000000005 1.0553871577644773 3.3604605564148935 3.8393944990995772 3034.5000000000005 2.717393359328844 4.0163424379838117 3.6184412205555789 1.0401251343566733 0.87245309352874767 0.82800806885291112 3.9830383364500257 4.4958928631957162 6.5027855503920424 0.9995484412068294 53.500000000000007 4.1337901208034502 4.2955414246853163 2.8793456694271913 1.0715189576148989 11186.000000000002 1489.0000000000002 26888.000000000004 144.50000000000003
decision_type=2 2 2 2 2 2 2 2 2 2 2 2 2 2 2 2 2 2 2 2 2 2 2 2 2 2 2 2 2 2 2 2 2 2 2 2 2 2 2 2 2 2 2 2 2 2 2 2 2 2 2 2 2 2 2 2 2 2 2 2 2 2
left_child=1 5 6 14 9 -1 27 10 15 13 25 -9 50 18 -4 16 -3 29 28 -16 -14 22 52 60 -17 34 46 39 49 30 -13 32 33 -32 -8 -36 -37 38 -12 41 -41 57 43 -43 -42 -46 -27 -21 -49 -5 -7 -15 54 -54 -6 -56 -55 -2 59 -59 -11 -40
right_child=2 8 3 4 21 12 7 11 -10 23 37 17 20 51 19 24 -18 -19 -20 47 -22 -23 -24 -25 -26 26 -28 -29 -30 -31 31 -33 -34 -35 35 36 -38 -39 61 40 44 42 -44 -45 45 -47 -48 48 -50 -51 -52 -53 53 56 55 -57 -58 58 -60 -61 -62 -63
leaf_value=-0.029456485794714056 -0.015695394888530126 0.0029697140724234765 0.021784754680208712 -0.0078278188801815824 0.0059810539757639645 0.010724110482926413 0.017508897317406884 -0.0078895260880509875 0.01501441298008179 -0.012508737446371996 0.014837381982118687 0.0021457905096258691 -0.013536907447278984 -0.0001305686219992542 0.0067390166091200196 0.021234139186457016 -0.010510050259268764 0.026100667154703525 0.007909449376349343 0.0075625380775670272 -0.024515101938359662 0.010109158195260632 0.008304277954387736 0.0026046962379546483 -0.0083042255420128028 -0.014040304293332391 -0.0001211834838218634 -0.01719975017321454 0.0025913009152738128 0.017368819437479994 -0.01057948960637525 -0.05825256445944816 -0.022555282045776542 0.0048878053095673972 0.020935910953670766 0.010110655249682922 -0.035772235751465618 0.015934422935712983 -0.014128635433354183 -0.01199373721120485 0.018954248630363619 0.020838967878682689 -0.0072398941235524246 -0.0014881339740787471 0.0061273651915749947 -0.021863911635149193 0.017898247096899935 0.0046007525039076097 0.023907090381097697 0.005371503977956508 -0.049215928984404432 -0.0088766333748990997 0.020341638506066885 0.012063744700169148 -0.0053146810737815945 0.018849514577719859 -0.0057718729597604308 -0.014592458156169092 0.046605482373900511 0.0024858758672933268 0.017563421029459531 0.0046837685929376838
leaf_weight=192.44767087453511 141.6410220292164 137.80942293920089 171.26697005936876 207.48371674458031 687.24322586786002 27.586287864949558 37.80527384695597 469.71888836263679 77.022741398774087 7.7389698289334765 71.68621143233031 223.75130752311088 266.55780267389491 116.16682758450042 204.38044990459457 30.60188572248444 156.60836570127867 14.226283733732997 135.66913559962995 58.233858668478206 108.09143043262884 417.87051759194583 488.03249137918465 289.29566624574363 13.648447244893758 84.458426538156345 192.60747955623083 62.988920936128125 229.34871311183088 21.784556524828076 67.436844108277 3.0302415757905683 22.811096483608708 66.674729204503819 8.4845563336275536 10.87530276249163 10.910674929153172 75.163188816746697 18.421347417868674 36.126094962470233 31.420217629522085 16.274625632911921 516.11463152465876 215.1052106807474 42.460339681245387 11.268128386233 7.1398616456426671 23.489829415455461 107.59358804579824 46.818218330387026 1.9812649837695051 335.90020237211138 17.590512316441163 26.645413533784449 140.24660749430768 25.026949534192681 179.22681194264442 55.575774576514959 2.5623128199949852 48.954107129015028 67.314691696316004 350.47502880671527
leaf_count=19405 3597 1887 672 5118 5590 336 483 10444 314 41 464 2441 15987 2179 1536 177 5110 68 1929 304 8149 1719 2672 2092 169 1798 2418 2632 3152 102 1618 20 315 633 80 154 241 403 224 528 369 107 11008 3301 678 255 92 103 364 747 53 7901 109 160 1291 184 1648 1061 21 565 221 2878
internal_value=5.15533e-13 -0.011135 0.00162885 0.00480206 0.00318806 -0.0196572 -0.00267264 -0.000247057 0.00109747 -0.000601164 0.00359486 -0.00399651 -0.0149917 -0.00252207 0.0145656 -0.00206764 -0.00420052 0.000360308 0.000475875 0.0114251 -0.0167043 0.00593309 0.00481733 0.00504735 0.0121234 -0.00148221 -0.00380489 -0.00628373 -0.00160932 -0.000542774 -0.00155969 -0.00674314 -0.00574847 -0.00288979 0.00821463 -0.0033931 -0.012868 0.00706277 0.00554927 -0.00566844 0.00145178 -0.00653521 -0.00497338 8.22934e-05 0.00715632 0.000256934 -0.0115508 0.0164841 0.0204474 -0.00539776 0.00670764 -0.00662917 0.00323576 -0.00158958 0.00450058 -0.00165556 -0.00346346 -0.0112288 -0.00532135 -0.00659422 0.0144626 0.00374435
internal_weight=7932.89 1012.36 6920.54 3982.58 3417.62 596.664 2937.95 1757.46 415.691 1435.74 868.027 889.434 404.217 1071.39 564.965 338.668 294.418 419.715 619.32 393.698 374.649 1981.88 1564.01 364.349 44.2503 352.282 284.206 1180.49 483.651 405.489 383.704 159.953 156.923 134.112 68.0758 30.2705 21.786 515.746 440.583 1117.5 121.275 996.228 747.494 231.38 85.1487 53.7285 91.5983 189.317 131.083 254.302 29.5676 452.067 1075.98 223.463 852.517 165.274 205.872 248.733 107.092 104.53 75.0537 368.896
internal_count=140317 51587 88730 39732 36753 43930 48998 24876 7657 23380 9235 15641 24525 21026 2979 7343 6997 5197 10946 2307 24136 13373 11654 2354 346 5266 4308 24122 9017 5129 5027 2586 2566 2251 958 475 395 3969 3566 21490 1830 19660 14416 3408 1302 933 1890 771 467 5865 389 10080 8982 1917 7065 1475 1808 5244 1647 1626 262 3102
is_linear=0
shrinkage=0.03


Tree=26
num_leaves=63
num_cat=0
split_feature=0 10 10 4 0 0 10 10 4 4 4 10 4 10 3 0 10 10 5 1 11 10 3 1 2 4 3 0 0 10 1 4 4 11 2 1 3 10 6 4 10 4 4 1 11 3 4 5 0 5 1 1 4 5 3 10 0 10 4 2 11 3
split_gain=153.104 100.333 97.0219 48.2351 43.2577 31.6705 26.8309 24.7519 23.3039 19.4366 18.8191 18.5214 15.4908 15.0519 13.0716 12.7075 11.7502 11.7054 10.1534 9.95407 9.90805 9.87711 9.61501 9.07145 10.8424 11.9869 8.90922 8.77949 8.67906 8.63541 8.49474 8.42885 8.20726 11.2346 8.14036 8.13156 8.10328 9.00948 7.84713 7.75664 7.59783 7.78816 7.58597 7.27512 10.3635 7.26551 7.26519 7.12171 7.29717 8.83834 8.51163 7.1863 7.15176 7.5209 7.06687 7.03483 7.00913 6.97776 6.95918 6.8851 6.78955 6.5508
threshold=0.72987970709800731 6.6052832719652992 5.7899554948754268 6151.0000000000009 0.41833950579166418 0.92755046486854564 7.3581864408406057 7.4342399374267485 26371.000000000004 7939.0000000000009 60596.000000000007 7.1572056814289775 1608.0000000000002 7.3786877324789293 0.97108269809791736 0.97619104385375988 5.3729582179059152 6.2859963606162941 3.9188515862364635 48.500000000000007 4.3097311368926166 5.8707073513045964 0.55680537506968031 75.500000000000014 3.1017983292594491 35874.000000000007 1.0027236635509598 0.87482494115829479 0.998887598514557 5.8707073513045964 261.50000000000006 66438.000000000015 706.50000000000011 3.8631777408718242 3.5881882802669405 20.500000000000004 0.8923457497943601 4.5379471377116305 0.75500320772010088 4664.5000000000009 2.524928003624769 15127.000000000002 35874.000000000007 343.50000000000006 4.034568676588882 0.75784209389503576 34352.500000000007 2.9546192980335042 1.1469420194625857 3.9969980377027814 352.50000000000006 173.50000000000003 12040.000000000002 4.003953171900581 1.5157144465159309 5.2067464199591091 1.2609406709671023 4.6774800307930642 2916.5000000000005 3.4839397482632921 4.4277815022710874 1.2966208818720983
decision_type=2 2 2 2 2 2 2 2 2 2 2 2 2 2 2 2 2 2 2 2 2 2 2 2 2 2 2 2 2 2 2 2 2 2 2 2 2 2 2 2 2 2 2 2 2 2 2 2 2 2 2 2 2 2 2 2 2 2 2 2 2 2
left_child=1 4 16 7 19 11 8 12 39 36 -10 46 30 28 -12 17 32 58 20 21 34 -1 -8 -24 -25 45 -11 -9 -7 -28 -4 38 33 -2 -18 42 -6 -38 -30 -3 -34 47 -13 44 -19 -26 -5 -42 49 51 -50 60 55 -54 -23 56 -52 -35 -14 -58 61 -49
right_child=2 6 3 5 9 13 22 27 10 26 14 35 15 -15 -16 -17 18 43 -20 -21 -22 54 23 24 25 -27 29 -29 31 -31 -32 -33 40 57 -36 -37 37 -39 -40 -41 41 -43 -44 -45 -46 -47 -48 48 50 -51 52 -53 53 -55 -56 -57 59 -59 -60 -61 -62 -63
leaf_value=-0.027364786355565756 -0.026495669143881143 0.023916505558822767 0.0096840740826595415 -0.002116339063567113 0.0034896785599037561 0.001360153689655363 0.020269780014818398 0.010163812000881976 -0.014276958716260718 -0.018559766690939762 -0.01005951331319997 -0.012030088488770969 0.0070325658546180328 0.012677961802069797 0.030856533918752687 0.010329744533189833 -0.0015865630890877207 -0.0068611637530561877 0.0048127057320063579 -0.03147868073405391 0.0040776574509923382 -0.013237936813892891 0.0086911829918806544 -0.042053127034667827 -0.017299083914384714 -0.026050165722934435 -0.020950050828273965 0.026808738885136442 0.018275204824093477 -0.00093973790812039903 0.02719437680406946 0.025337279868729662 -0.023234500954818018 0.0049514035186162307 -0.012300213723402818 0.0031914521204751364 -0.040342603029431649 -0.0058258217831380866 0.0045736212382758538 0.0010343862693855945 0.01284366694446013 -0.019124568808544178 0.023270828633062304 0.014177811789649556 0.006913532732814461 0.028443395751338758 -0.0088760229717628879 0.00091210035148510068 -0.023144975341072033 -0.0011853743004166565 0.0055768052535065671 -0.010287156757149736 0.035418229624160628 -0.01829521005781256 0.026575585573564781 -0.0499665232312414 -0.0023965581005249295 0.036938676800638427 -0.0083222856195003143 -0.042205699587003792 -0.014418897563716563 0.032986834874528664
leaf_weight=66.843228200217709 9.4330734414979798 14.306928073987363 46.905613780021667 872.79327921487857 90.22292705392465 834.6910720274318 47.905084229074419 41.642670441418886 207.41309940823703 221.17902089975541 13.138562042498963 6.5340802781283847 36.28210103046149 184.82826838851906 15.10750973690301 435.21914807357825 126.64534411055502 62.952363291988149 186.07780722016469 151.47816170495935 101.93143458478153 45.547097486443818 119.67044715653174 7.0603244313970199 4.2826379574835327 9.8600762260612083 28.52047463087365 90.502560634166002 38.761318878270686 60.759951224783435 53.233328219503164 18.558296881616116 25.189873129012994 50.820037146564573 128.68276367045473 283.38580558332615 8.2422153041698021 39.053354076109827 1276.9443188768346 195.83387655089609 17.750091894762591 42.3920651137596 33.921774143353105 78.939709910191596 224.3209859598428 11.562726558186112 171.16189916734584 57.218018235289492 12.31721136253327 164.14648660435341 75.563301603775471 543.80064285360277 10.587978058028964 3.0139305405318728 4.4000616637058547 2.4447198668494812 12.027025745250286 6.9807630330324164 99.188972078030929 5.7936626449227324 24.663188982987776 6.3685906156897536
leaf_count=5185 117 56 171 16002 1612 8571 230 151 9599 12946 196 26 470 671 90 2420 2060 577 2115 17792 2080 3094 554 66 23 170 1637 291 132 2055 187 51 553 670 3076 2119 335 706 8400 3321 274 1915 113 370 1701 45 5032 1245 315 3231 901 11527 96 43 155 36 94 25 1640 110 818 54
internal_value=-4.61768e-11 -0.00914473 0.00191536 0.00402005 -0.0168773 0.00235014 -0.00057318 0.00933545 -0.00467136 -0.011172 -0.0111484 -0.00128028 0.00777729 0.0044598 0.0118246 0.00657858 -0.00446291 0.00332439 -0.000869767 -0.0264045 -0.00382947 -0.0198233 0.00854609 0.00486177 -0.0091244 -8.01047e-05 -0.0153309 0.0215635 0.00375949 -0.007332 0.0189925 0.00526046 -0.0062866 0.00386048 -0.00698613 0.00498761 -0.0017829 -0.0118411 0.00497728 0.00259226 -0.0069666 -0.00654763 0.0175693 0.00611151 0.00389498 0.0160803 -0.00322462 -0.00597783 -0.00634178 -0.00738773 0.00049844 -0.00899851 0.00315968 0.0235163 -0.00973059 0.000270259 0.00158542 0.0088146 -0.00420992 -0.0153389 -0.00105777 0.00412458
internal_weight=7867 1362.39 6504.62 4890.77 716.246 3721.58 646.141 1169.19 445.8 447.978 235.659 1367.8 1037.04 2353.78 28.2461 936.903 1613.85 501.684 543.337 268.269 357.26 116.79 200.341 152.436 32.7658 25.7054 310.459 132.145 2168.96 89.2804 100.139 1334.26 1070.51 67.2339 255.328 323.842 137.518 47.2956 1315.71 210.141 1003.28 978.087 40.4559 366.213 287.273 15.8454 1043.96 935.695 917.945 796.197 121.748 632.05 109.431 13.6019 49.9472 95.8287 93.384 57.8008 135.471 17.8207 88.2498 63.5866
internal_count=140317 59867 80450 49095 45517 41117 14350 7978 13262 19291 9885 23292 7536 17825 286 7178 31355 4758 9331 26226 7216 8434 1088 858 304 238 16638 442 17154 3692 358 8583 22024 812 5136 2258 2653 1041 8532 3377 21212 20659 139 2648 2278 68 21034 18744 18470 16875 1595 13644 1280 139 3249 1141 1105 695 2110 204 2117 1299
is_linear=0
shrinkage=0.03


Tree=27
num_leaves=63
num_cat=0
split_feature=0 10 10 4 0 4 10 0 10 10 4 4 5 10 4 4 5 10 1 5 4 0 2 4 1 3 0 2 0 0 0 5 2 0 10 3 1 0 4 10 0 9 11 0 1 4 10 4 10 3 3 11 2 3 1 4 11 11 4 1 5 5
split_gain=142.517 103.148 91.2267 59.0046 33.9826 28.3122 27.434 25.5787 17.8225 17.5297 15.7083 13.9613 12.9575 12.5017 11.8328 10.6388 10.1203 10.1124 9.24624 9.08501 8.7049 12.2335 9.68006 8.60372 8.42293 8.40019 7.94646 8.98611 8.19013 7.8569 7.81945 7.70421 7.60031 8.31744 7.47777 7.45126 7.43225 7.35581 7.27149 8.77728 7.75635 9.56244 9.05306 7.50906 8.55985 8.19554 8.11158 7.44651 8.07602 7.56454 7.47014 9.39979 9.09096 7.26105 12.2629 10.0683 7.24572 12.7822 10.2785 8.75132 7.63176 7.08053
threshold=0.66169357299804699 6.7487567987550685 6.3071835403242495 5375.5000000000009 0.92755046486854564 24287.500000000004 5.3729582179059152 0.96312779188156139 7.1970604017887565 7.2121962936013082 7805.0000000000009 3120.0000000000005 4.0007652761942145 6.1257619542170465 31803.000000000004 15127.000000000002 3.9652997397415706 7.3786877324789293 5.5000000000000009 3.9049010079671125 23754.000000000004 0.86445453763008129 2.5915307424393945 46248.000000000007 25.500000000000004 1.0295518320738788 0.77502173185348522 2.717393359328844 0.74544954299926769 0.85082200169563305 1.0077064037323 3.5976493878543825 3.5592939189480313 0.83407032489776622 4.7833076179467886 1.1587003830048637 1424.0000000000002 0.87245309352874767 706.50000000000011 4.6774800307930642 0.89275124669075023 1.5000000000000002 3.8837022018109573 1.1469420194625857 749.50000000000011 10438.000000000002 3.8393944990995772 7160.5000000000009 4.0163424379838117 1.6051568819807567 1.1438312733557212 4.4223634704835701 4.0119425354026044 0.89762493857296022 2578.5000000000005 5135.5000000000009 4.239827983347042 4.2681264868764872 40838.500000000007 774.50000000000011 4.2319617102140397 3.5856925817692082
decision_type=2 2 2 2 2 2 2 2 2 2 2 2 2 2 2 2 2 2 2 2 2 2 2 2 2 2 2 2 2 2 2 2 2 2 2 2 2 2 2 2 2 2 2 2 2 2 2 2 2 2 2 2 2 2 2 2 2 2 2 2 2 2
left_child=1 5 6 11 8 34 15 20 12 14 -9 31 25 -7 -3 38 35 30 -11 32 26 22 -22 -16 -10 29 27 -8 -29 -5 -6 61 -13 -34 -1 -12 -18 -21 39 40 -2 -42 -43 46 -45 -46 53 49 -49 -48 51 -50 -53 55 -55 -40 58 -58 60 -59 -32 -4
right_child=2 9 3 4 17 13 7 10 24 18 16 19 -14 -15 23 -17 36 -19 -20 37 21 -23 -24 -25 -26 -27 -28 28 -30 -31 56 -33 33 -35 -36 -37 -38 -39 43 -41 41 42 -44 44 45 -47 47 48 50 -51 -52 52 -54 54 -56 -57 57 59 -60 -61 -62 -63
leaf_value=-0.022248840756688978 0.020704051357440488 0.00039637514147660769 -0.047820047560906048 -0.005222912111353499 0.0027999861307166246 -0.028469116281248593 -0.042385369306770886 0.0065842707467301887 0.01443140441575015 0.024243636786511469 -0.0071704292952475893 0.014220661930571702 -0.0064442811924317308 -0.017851566329813589 -0.023036624153890996 -0.020183455357125873 0.0018775046675946849 0.012270678478924582 0.004563553622531572 0.0064528897489933949 0.030322408871297623 0.00068550940041102275 -0.018245760339057612 -0.0031380422637839627 0.0029394842514082484 0.0068806672393062597 -0.0043672680160717374 -0.00093467741663198984 0.01491104147461569 0.0025146377995361314 0.0076435072383176554 0.022401427585932804 -0.016770258789721802 0.0049326304551389182 -0.0060476566452842056 0.0096927410786900141 0.02190641246234994 0.019295308311018496 -0.0045700100329126008 0.03437151047007133 -0.027792847480020581 -0.029310432882529044 0.0094255518035754066 -0.010899343486188555 0.00094299439155148455 0.023247916583532795 -0.0042151996011655247 -0.037729572779347735 -0.0097428475522029472 0.022932907652601458 -0.027134200176809765 0.040775328654514963 -0.0024454002199878989 -0.023476882347944868 0.029459304695166708 -0.031062626568467977 -0.015185419634176823 0.0061995723096291639 0.018463375692591738 -0.018291713622427683 -0.022509383728370736 0.010720778230355051
leaf_weight=31.056544053601101 12.948356211185454 119.70744251302676 2.5995177347213012 250.19731405482162 848.71884591784328 203.32018071133643 3.6370343503076574 518.03702885226812 71.720890805125237 24.244410993531346 213.53097472165246 69.145826996769756 438.25282105826773 196.04141915147193 45.657196035957895 47.183038968825713 231.76127021177672 183.96868764376268 188.8394734764006 58.509404754964635 3.8319161653053007 57.631796309957281 102.11307512095664 34.208710553037236 287.49527544248849 136.30329909035936 495.63266280130483 72.648660401930101 49.264213495887816 223.72176964418031 490.45793709391728 157.0038004971575 18.364017062587664 118.09520718385465 147.01688057393767 26.51057963212952 17.966969064436853 127.85428924486041 96.386715512839146 7.5109325433149925 12.7196684256196 6.6324082491919389 29.954964268952608 40.542978389305063 68.3208982499782 18.934702889295295 451.99112622195389 9.3770181220024806 157.14589062775485 9.4300409832503629 18.938670558622107 6.6642993937712189 12.777844588388687 67.225277578225359 4.1836027344688764 14.907485816394908 30.536082753213122 303.0167047730647 85.05203989893198 13.725631995126603 7.672750848112627 6.5317310765385628
leaf_count=1558 118 2199 40 5865 7432 22911 81 4095 262 133 3511 397 10080 15735 2592 2262 1842 671 1451 304 39 1233 4009 1282 2092 1929 8786 1281 678 3152 2578 591 301 838 3726 368 75 467 1897 27 260 81 337 863 731 134 8234 284 3915 77 624 48 527 1984 44 553 197 1880 436 109 70 41
internal_value=-2.59438e-11 -0.0106356 0.00154509 0.00452001 0.00302407 -0.0188213 -0.00250444 -0.000219796 -0.000533089 0.000818754 0.0029425 0.0135552 -0.00250893 -0.0232571 -0.00557032 -0.0062487 -0.000909456 0.00557476 0.00680273 0.0104661 -0.00428089 -0.0104381 -0.0164891 -0.0145135 0.00523395 0.00031739 -0.00265951 0.00408221 0.00546848 -0.00157027 0.0048824 0.0208434 0.0061178 0.00201196 -0.00887319 -0.00530803 0.00331851 0.0152634 -0.00562048 0.00373637 4.03329e-05 -0.0053861 0.00240365 -0.00628876 0.000490825 0.00578322 -0.00730925 -0.00577377 -0.0105329 -0.00366038 -0.00922862 -0.00730829 0.0123696 -0.0129092 -0.0203755 -0.00811861 0.00678187 0.00335122 0.00882478 0.00513827 0.00717906 -0.00594484
internal_weight=7805.38 990.092 6815.29 3928.94 3370.84 577.435 2886.34 1792.57 1407.69 412.657 1007.81 558.104 1048.48 399.362 199.573 1093.78 489.77 1963.15 213.084 391.969 784.759 163.577 105.945 79.8659 359.216 610.222 621.183 125.55 121.913 473.919 1779.18 166.135 205.605 136.459 178.073 240.042 249.728 186.364 1046.59 69.7663 62.2554 49.307 36.5874 976.827 127.799 87.2556 849.028 666.325 204.904 461.421 195.527 176.588 19.4421 182.703 71.4089 111.294 930.461 347.278 583.183 316.742 498.131 9.13125
internal_count=140317 51587 88730 39732 36753 43930 48998 25998 23380 7657 9891 2979 21026 38646 6073 23000 5796 13373 1584 2307 16107 5281 4048 3874 2354 10946 10826 2040 1959 9017 12702 672 1536 1139 5284 3879 1917 771 20738 823 796 678 418 19915 1728 865 18187 13709 5398 8311 5114 4490 575 4478 2028 2450 5270 2186 3084 1989 2648 81
is_linear=0
shrinkage=0.03


Tree=28
num_leaves=63
num_cat=0
split_feature=0 10 10 0 10 0 4 10 10 10 4 4 10 1 0 4 4 4 1 4 5 1 0 4 5 2 2 1 1 6 11 5 11 2 3 0 0 1 3 10 4 2 4 5 11 11 4 0 1 4 11 2 10 0 4 1 4 2 1 4 3 3
split_gain=136.366 96.8426 85.8636 46.1195 35.6064 27.7203 22.8837 18.134 17.5344 16.6785 15.3855 14.1666 13.9029 11.5331 11.2748 11.1124 10.6502 9.97759 8.60779 8.52127 8.34227 14.6094 10.5735 8.17264 8.14561 7.86328 9.17962 8.94036 10.4241 7.72681 7.72031 7.91221 7.68231 8.36063 7.63853 14.8569 7.58857 10.5536 8.07738 8.38357 8.13573 9.69059 7.79949 8.6383 8.212 9.12243 7.54485 7.98315 8.05284 7.48252 7.12401 7.078 7.06632 7.04479 7.00218 6.97157 12.6577 9.6924 6.93694 6.87351 6.78789 6.62735
threshold=0.66169357299804699 6.7487567987550685 5.6612213479477846 0.87482494115829479 7.3849183426978353 0.26258775591850286 10058.500000000002 7.2121962936013082 6.62737956271428 7.2121962936013082 1887.5000000000002 1608.0000000000002 6.1954247594495966 237.50000000000003 1.0077064037323 4334.0000000000009 31803.000000000004 23754.000000000004 5.5000000000000009 2167.0000000000005 3.9915660740319692 83.500000000000014 1.0647479295730593 1779.0000000000002 3.8747856574761594 3.7252232142857147 3.7651166060920738 501.50000000000006 1248.5000000000002 1.0097055128015251 3.8333654043513961 3.9360312238930666 4.1666795131548051 4.4355333465268165 0.70705606441917246 0.97619104385375988 1.1136734485626223 153.50000000000003 0.93078790088241758 3.8393944990995772 7264.5000000000009 3.8719504132231406 14264.000000000002 3.691564838827754 3.9011734126946958 4.1817060493085512 16081.000000000002 1.0102434158325198 1284.0000000000002 46248.000000000007 3.8033128547471624 3.8396696696696702 4.7833076179467886 0.83965697884559642 706.50000000000011 48.500000000000007 35874.000000000007 3.923183563202048 554.50000000000011 5877.0000000000009 1.6707443833964062 0.35298259519309683
decision_type=2 2 2 2 2 2 2 2 2 2 2 2 2 2 2 2 2 2 2 2 2 2 2 2 2 2 2 2 2 2 2 2 2 2 2 2 2 2 2 2 2 2 2 2 2 2 2 2 2 2 2 2 2 2 2 2 2 2 2 2 2 2
left_child=1 5 36 7 6 -1 8 11 19 16 -7 -4 25 51 60 -6 58 24 -11 -5 22 -22 -21 -10 29 27 -27 -8 34 -13 -30 -32 -31 -34 35 -29 37 -2 -39 54 -41 42 -42 -44 -45 -46 47 -16 -49 -18 -25 52 -12 -26 -40 -9 -57 61 -3 -55 -14 -58
right_child=2 9 3 4 15 10 12 55 23 18 13 17 14 -15 46 -17 49 -19 -20 20 21 -23 -24 50 53 26 -28 28 30 32 31 -33 33 -35 -36 -37 -38 38 39 40 41 -43 43 44 45 -47 -48 48 -50 -51 -52 -53 -54 59 -56 56 57 -59 -60 -61 -62 -63
leaf_value=-0.028207721832836666 0.00023660890498501162 0.0010402508286952545 0.016153984058480658 0.01246760695232072 0.031397277864112082 0.013320152448544927 0.0067209986803887685 0.011288442492773977 0.026748338793554247 0.023419306974338267 -0.030035107415078793 -0.0082011524046200109 0.0011664533484181793 -0.023782412364798517 0.028728536551583483 0.012744333084985123 -0.0222877957985856 -0.0069915008118247102 0.0043243407369220254 0.00054962387621163228 -0.024120525056215602 0.013306531456134368 0.0089574995584201476 0.026746755604036991 0.0037771985896177564 -0.038157057562142473 -0.0071643185716577596 0.035057443386450053 -0.023868944161308202 -0.0080488862023709029 -0.015919480706339782 0.036150115345884547 0.021095528632730592 -0.040561085655750138 -0.017701490064028411 -0.023721780250969309 -0.00026881045246512588 -0.00953067976328195 0.0048497949704962157 0.0015185718080118343 -0.018328476258206571 0.015262456928253308 -0.020413497077814695 -0.053961600462965685 0.024044141456050834 -0.014124888319570667 0.0071105989685653062 -0.0029791887259573587 0.028682462405497718 -0.003629517283381014 0.0099184061154390275 -0.017500270872561809 -0.0057318855967702538 -0.02346516202100575 -0.019186105086015908 0.0098903294362818368 0.055975175053149445 -0.0244132437648409 -0.051466132779858946 -0.0018906432024431139 -0.044312975590703643 -0.0024052599594456205
leaf_weight=180.5151573343901 201.19418430305086 117.06481524126139 33.338035430759192 116.72709858696908 32.039778109639883 17.738507926464081 93.744819756597281 109.96482964139432 31.704777803272009 23.953003635630012 11.6839545230614 192.49393180361949 1033.9437250131741 103.4295500824519 8.2835956728085858 279.48636010056362 44.564324103994295 470.69196791166905 188.06987860007212 560.51921827252954 10.12381206336431 128.8824537852779 177.15976927382872 24.084286365658045 291.90463708504103 9.2676921864040178 119.55624542268924 7.9151781601831299 3.9293561428785351 21.549112818203866 3.4613115545362225 10.889471399597822 24.316459627123553 2.1547440551221362 51.673203983576968 7.5727964318357408 250.150786426384 587.70771567337215 13.968871288001536 209.50976640998852 61.299117040936835 13.827565436949952 14.547928732237777 1.7996388453757415 18.268465540604669 8.1494175055995566 679.01302409847267 152.26259243732784 7.5901716277003279 34.181012931192527 377.64176000864245 116.92262512183515 137.24876651488012 16.366373908240348 49.786053391755559 85.288712372072041 1.7973750084638584 20.449342350009829 2.3092430373653761 70.715164311463013 2.9620314603671423 66.450168461538851
leaf_count=19405 4573 2131 136 636 96 159 1138 499 93 133 870 4160 11658 8174 36 1074 2592 13667 1451 5757 112 721 1081 93 4260 179 2087 46 36 399 62 36 296 49 570 91 3555 14211 232 2983 1445 363 663 48 240 191 3789 1069 31 1282 1974 8867 6455 195 1536 410 5 325 68 1153 42 629
internal_value=2.78811e-11 -0.0104731 0.00151288 0.00326195 0.00493065 -0.0184996 0.00409288 -0.00139796 0.00704976 0.000633606 -0.0139716 -0.00310984 0.00216821 -0.0152825 0.00313422 0.0146627 -0.00562475 -0.00369893 0.00648157 0.00485305 0.0038392 0.0105807 0.00256885 0.0120846 -0.00119726 -0.00374076 -0.00939396 0.000323549 -0.00669563 -0.00551547 0.0133896 0.0235913 0.00525035 0.0160767 -0.0121625 0.00631753 -0.00501508 -0.0060212 -0.00730742 -0.003967 -0.0020289 -0.00833323 -0.0114685 -0.00163556 0.00804566 0.0122697 0.00570177 1.22603e-05 -0.00147582 -0.0141888 0.0109273 -0.0119757 -0.0076385 0.00154318 -0.0139198 0.00537562 0.00163851 -0.00629623 2.4536e-05 -0.00594543 0.00103654 -0.000867746
internal_weight=7745.81 977.681 6768.12 5337.92 3930.43 567.539 3618.91 1407.48 1426.84 410.142 387.023 1123.53 2192.07 369.285 1884.06 311.526 198.119 1090.19 212.023 993.412 876.685 139.006 737.679 433.431 619.5 308.01 128.824 179.186 85.4413 240.514 18.2801 14.3508 48.0203 26.4712 67.1612 15.488 1430.21 1180.06 978.865 391.157 327.402 117.892 104.065 42.7655 28.2175 26.4179 847.149 168.136 159.853 78.7453 401.726 265.855 148.933 378.986 63.7549 283.95 173.986 88.6969 119.374 87.0815 1036.91 68.2475
internal_count=140317 51587 88730 58690 32507 43930 31337 26183 10467 7657 24525 24315 20870 24366 16625 1170 6073 24179 1584 8307 7671 833 6838 2160 10512 4245 2266 1979 841 4904 134 98 744 345 707 137 30040 26485 21912 7701 5933 2950 2587 1142 479 431 4925 1136 1100 3874 2067 16192 7325 5608 1768 1868 1369 959 2199 1348 11700 634
is_linear=0
shrinkage=0.03


Tree=29
num_leaves=63
num_cat=0
split_feature=0 10 10 0 10 4 0 10 10 10 4 4 0 4 5 4 4 4 4 4 0 4 1 10 0 10 5 6 6 2 0 4 1 0 2 4 4 10 10 11 1 1 2 1 11 10 10 6 6 6 3 3 0 2 5 0 5 3 3 0 3 11
split_gain=130.529 88.014 80.828 47.0856 32.9729 25.7397 25.6556 21.2379 15.32 13.9962 15.9108 12.9917 12.9287 12.758 12.4307 12.0988 11.4316 9.32187 8.28744 13.0205 12.8165 8.09484 10.1647 8.63158 8.07706 8.04315 7.69937 8.69893 10.7496 8.54968 8.30338 7.67451 8.00634 7.57327 7.244 7.21627 7.59813 7.15057 7.97279 11.7754 8.25568 6.82348 6.71056 6.62735 10.4701 11.0922 10.1747 9.5718 11.532 7.92839 6.55274 16.0238 7.64345 7.09579 6.43459 6.48506 6.42497 7.95023 7.1729 6.39501 6.59713 7.40451
threshold=0.65099284052848827 6.7487567987550685 5.4071617168636603 0.87482494115829479 7.3849183426978353 2167.0000000000005 0.26258775591850286 7.2121962936013082 7.4280360173618503 6.3071835403242495 12329.000000000002 1608.0000000000002 1.0077064037323 23754.000000000004 3.9652997397415706 7805.0000000000009 21918.500000000004 23754.000000000004 60596.000000000007 31803.000000000004 0.39400137960910803 2684.5000000000005 1859.0000000000002 3.2769667020129059 0.85082200169563305 6.3216667670889342 3.7203262920471061 1.0097055128015251 0.99644161235166917 2.8593933470554922 1.0680485367774966 8949.5000000000018 1424.0000000000002 0.8425346612930299 4.3223376623376639 17339.500000000004 15748.000000000002 6.3630266172124541 6.62737956271428 4.2211676074381002 398.50000000000006 330.50000000000006 4.4450995807127898 434.50000000000006 4.1909359712759775 6.0438190738591979 6.256705137820199 0.92879186842355244 0.85691131800928011 0.94262550171690973 0.67047917064007312 0.60064323903960581 1.0403208136558535 3.0720395049599092 3.2267394201280459 1.2163718938827517 3.6095556034141643 1.2966208818720983 1.0684649245088083 0.72585380077362072 0.84275608964572812 3.776826347994112
decision_type=2 2 2 2 2 2 2 2 2 2 2 2 2 2 2 2 2 2 2 2 2 2 2 2 2 2 2 2 2 2 2 2 2 2 2 2 2 2 2 2 2 2 2 2 2 2 2 2 2 2 2 2 2 2 2 2 2 2 2 2 2 2
left_child=1 6 21 7 5 -5 -1 11 18 14 26 -4 -12 -8 15 43 -6 35 19 -3 -20 24 23 -23 33 -19 27 28 29 -11 -31 34 -33 56 -16 36 -13 42 39 50 41 -41 -28 46 47 -46 -7 48 -45 -49 51 -39 -53 -52 -51 -56 -2 58 -58 -25 -61 -62
right_child=2 8 3 4 16 9 13 -9 -10 10 12 17 -14 -15 31 -17 -18 25 20 -21 -22 22 -24 59 -26 -27 37 -29 -30 30 -32 32 -34 -35 -36 -37 -38 38 -40 40 -42 -43 -44 44 45 -47 -48 49 -50 54 53 52 -54 -55 55 -57 57 -59 -60 60 61 -63
leaf_value=-0.027793555809511178 -0.016100990256750547 0.0018910499859292381 0.014555052463192898 0.014757842922433487 0.021437446718531733 3.8704005132789526e-05 -0.0068507749060533777 0.0056560764981292248 0.012631782202967904 0.04851126131177156 0.00058787893186492107 -0.0022836000193987931 0.0059529754593342591 -0.018352467789255721 0.013216167411091813 -0.0060098266539717364 0.0095375754786653257 -0.014467519406324521 0.020126913629529019 -0.011116429617446567 -0.016866792385533243 -0.02595292107105706 0.0062866966782439701 -0.022765702245595591 -0.0043163357852331347 -0.0050814317920594822 0.015591376507059437 0.034111636363976419 -0.032968234435629455 -0.0068959450272423773 0.016516571226944776 0.0011521787435514927 0.022713783936453916 0.032903598953053996 -0.028326024413202446 0.0047706368231775226 -0.017829430927232878 0.012787567820896623 0.010857392147734164 -0.0047725525419050662 -0.032824229552073356 0.027524278001058149 0.050847983029384702 0.0068147725016306148 0.0068344678247176755 0.034973634965017111 -0.021616804488917517 0.026710703652205667 -0.014461890640824353 0.04073287434218998 -0.0095134425367201861 -0.044063601469490538 0.0023903854196153239 0.01505392887694707 -0.0019645730383450548 0.046969395785588598 0.0092653665888985156 0.042138999879481227 -0.024292799737266998 -0.010724540046126673 -0.045906738980819421 -0.0041698882916695818
leaf_weight=175.79978941846639 12.359974083025007 142.27309832256287 35.254326563328505 184.34771245135926 116.17131900787354 243.55887905263808 142.89121339446865 290.05732558411546 73.504189118742943 3.283673256635665 933.62249942566268 514.44241489563137 712.92679042043164 221.09652430124697 105.54064736189321 323.34149490232812 193.95962946629152 104.04286914831027 30.355970816686749 134.96141366401571 11.668428953504188 24.793668160680681 44.07149539841339 25.159837087383494 335.80706520692911 390.79906544683035 66.731077264761552 6.2412421396002165 9.3281803922727686 53.996895360294729 18.238127682125196 269.96294737304561 16.443446016870439 8.8440276284236443 3.9180728620849541 128.28476764680818 29.942710113245994 24.323091103229672 378.00725310482085 68.465420588850975 8.7286538733169419 6.4413790176622561 5.2402419387362889 41.96973354043439 36.347534785047174 19.303505868650973 21.22857454768382 18.564308861270547 50.529138788580894 3.9197295713238409 11.823917276225982 8.9789431551471335 4.9424682557582846 100.65508717019111 44.375212367624044 2.5791151672601691 34.712669182335958 5.4885610258206716 6.8663718858733764 288.22969675814966 3.8675178668927392 352.9793295058189
leaf_count=19405 183 2273 168 1062 430 3070 4208 1925 305 11 10278 9005 4097 19485 641 6098 740 4172 177 4474 156 926 491 986 5505 11153 413 32 162 537 93 2712 71 74 58 2126 735 191 2015 676 58 33 28 348 316 76 291 96 426 27 79 105 24 622 363 5 473 31 106 7937 78 7476
internal_value=3.45957e-11 -0.0105209 0.00145265 0.00293402 0.00458868 0.00382259 -0.0183826 -0.00163046 0.000283653 0.00326626 0.00457952 -0.00338767 0.00291087 -0.0138372 0.000619175 -0.00151965 0.0139951 -0.00392947 -0.0025593 -0.00444116 0.0098553 -0.00581807 -0.00768466 -0.00857058 -0.00240389 -0.0070549 0.00812275 -7.10061e-05 -0.00258544 0.00116748 -0.000984679 0.0049724 0.00239009 0.00700287 0.0117292 -0.00163028 -0.00313866 0.00921337 0.00816206 0.00381466 -0.00521276 -0.00199529 0.0181584 0.00149016 0.00536925 0.016595 -0.00169746 0.00151143 -0.00480798 0.00992951 0.00882391 -0.00190346 -0.0275712 0.0124714 0.00380593 0.00072328 0.00314832 0.00820319 0.00372356 -0.00792756 -0.00734883 -0.00462223
internal_weight=7686.59 932.551 6754.04 5610.86 4118.04 3807.9 539.788 1492.82 392.763 3623.56 2421.97 1202.77 1646.55 363.988 1201.58 805.717 310.131 1167.51 319.259 277.235 42.0244 1143.18 739.102 695.03 404.079 494.842 775.426 91.0881 84.8469 75.5187 72.235 395.865 286.406 68.2716 109.459 672.67 544.385 684.338 612.366 234.359 83.6355 74.9068 71.9713 482.376 217.588 55.651 264.787 161.937 92.4989 69.4384 150.724 38.2445 13.9214 112.479 50.8741 46.9543 59.4276 47.0676 41.579 670.236 645.077 356.847
internal_count=140317 50483 89834 65568 36284 35114 43098 29284 7385 34052 19454 27359 14375 23693 14598 11116 1170 27191 7080 6747 333 24266 17894 17403 6372 15325 5079 835 803 641 630 3482 2783 867 699 11866 9740 4244 3803 1788 767 709 441 5018 1657 392 3361 1265 774 491 1021 320 129 701 395 368 793 610 579 16477 15491 7554
is_linear=0
shrinkage=0.03


Tree=30
num_leaves=63
num_cat=0
split_feature=0 10 10 4 0 0 10 10 4 4 4 0 10 4 3 4 3 1 5 1 2 3 0 3 11 4 10 4 10 10 5 6 11 2 10 2 4 4 9 10 5 3 1 5 0 0 11 2 1 0 6 6 4 0 3 4 0 11 11 2 0 10
split_gain=124.122 77.2896 75.5257 49.992 38.5696 26.8519 20.8205 20.2886 19.4239 16.6188 16.4296 15.6208 14.47 14.1182 12.6712 11.4957 10.1541 8.78721 8.60718 8.03979 8.07717 8.91236 8.02023 7.96142 9.55481 7.22317 7.19468 7.14619 7.14207 7.05556 7.06144 6.84938 8.06114 6.99602 6.90657 7.64003 7.99572 7.07754 7.45423 8.21111 6.90049 7.0467 9.75051 6.66977 6.79728 6.62262 6.56046 6.55224 7.95935 8.64747 6.46681 6.44569 6.42137 6.41903 6.47968 6.28721 6.27594 7.62907 13.866 12.3419 6.23878 6.14928
threshold=0.72987970709800731 6.6052832719652992 6.2145760973981492 5375.5000000000009 0.27192492783069616 0.97619104385375988 5.3729582179059152 7.3581864408406057 25363.500000000004 7264.5000000000009 60596.000000000007 0.9608236849308015 7.1572056814289775 3120.0000000000005 0.97108269809791736 7805.0000000000009 1.0706160111657426 20.500000000000004 3.9049010079671125 163.50000000000003 3.5689919610746776 0.61821049638833581 0.84530186653137218 0.55680537506968031 3.9925929284603563 15127.000000000002 6.6567190895965176 4664.5000000000009 5.8678824850335358 7.1925524824479465 4.1480391834438821 1.0553871577644773 3.7612681959841043 2.7764857035245751 3.8393944990995772 2.717393359328844 1393.5000000000002 8849.0000000000018 1.0000000180025095e-35 3.9607678160667752 3.4928060033945987 1.0326811524467483 705.50000000000011 3.9655189191151416 1.2609406709671023 1.051822364330292 3.8471216924341931 4.7271551724137941 214.50000000000003 0.78176236152648937 0.82128311095739293 0.91620536554455156 32156.000000000004 1.0347417593002322 0.85913838530541686 2916.5000000000005 1.051822364330292 4.2179538993720795 4.5277991452991468 3.8342731829573942 1.0715189576148989 7.0245920370458128
decision_type=2 2 2 2 2 2 2 2 2 2 2 2 2 2 2 2 2 2 2 2 2 2 2 2 2 2 2 2 2 2 2 2 2 2 2 2 2 2 2 2 2 2 2 2 2 2 2 2 2 2 2 2 2 2 2 2 2 2 2 2 2 2
left_child=1 4 6 13 -1 12 25 8 27 -6 -10 19 22 -4 -12 -13 -11 -14 47 -8 21 -21 52 -9 -25 31 -20 -3 -18 45 46 34 -33 -34 60 37 51 38 -36 -40 41 -38 -43 -17 -45 -7 -31 48 49 -15 -50 -37 -5 54 -48 -23 -55 59 -59 -58 -2 -24
right_child=2 7 3 5 9 29 11 23 10 16 14 15 17 18 -16 43 28 -19 26 20 -22 55 61 24 -26 -27 -28 -29 -30 30 -32 32 33 -35 35 36 40 -39 39 -41 -42 42 -44 44 -46 -47 53 -49 50 -51 -52 -53 -54 56 -56 -57 57 58 -60 -61 -62 -63
leaf_value=-0.028072753002756485 -0.015019127383934405 0.023389686691853376 0.019803397510696263 -0.0028361425692293167 -0.0021861036536678004 0.003050402259456084 0.0009413596149746604 0.017935748747387036 -0.012807919221359437 -0.017274354467515053 -0.011130473136735758 0.0058333298789252329 0.017745330158052335 -0.031436172971947327 0.028846217233853281 -0.0049818920122579038 -0.018006639305503967 0.0036294360925230012 0.0059218123266292196 0.018638446446967456 -0.011701235041907712 0.0096040998865582709 0.0011114159738205794 -0.0085863440406124397 0.0085012951282432987 -0.018183273191754407 0.017873603276653965 0.0011300011408748565 0.00049266352762366487 -0.032436333268558916 0.01381305483089513 -0.049872880525888223 -0.036941714510218306 0.0043385373487382162 0.022152130167211005 0.011075207481595063 -0.021327451113443197 -0.036699551163003594 0.04859014651768636 -0.032209533186368114 -0.0050788375444767199 -0.020280087864066359 0.018218543029226025 0.003625625969991342 -0.047038432921481653 0.0075498520304437917 0.0031309489589089489 0.047033858503480984 -0.026295174932368277 0.0011671565505614291 0.011352243571404448 -0.0086942286844418678 -0.012468147576657479 -0.029180130853390985 0.025921460040776445 -0.006630520844748947 -0.0066003924390156555 -0.041138897224591506 0.028639929130762919 0.045397601182360726 -0.0051162683396031011 -0.0077242031914503788
leaf_weight=165.64672787877498 125.6969878639793 14.023700542747973 164.31556602893397 333.74000020488165 130.77126072032843 703.88854545925278 198.40723609470297 47.036196168512106 218.61866333335638 290.75193905108608 12.751841539749877 448.89963888260536 43.565914279781282 7.9403373983222982 16.203003756701946 202.39177112467587 27.826467873237561 446.06997690256685 67.740105632226914 16.295936353271827 156.63126467273105 24.728264314122498 867.3872857503593 40.784808713942766 105.9800719213672 39.804898341652006 137.0231837881729 174.42863712634426 57.790917279256973 4.3813125099986783 175.71300004096702 2.6626959573477498 3.8246798356994978 108.93832028040197 22.857763989828531 45.037204431369901 50.031315192114562 2.6974905352108172 1.4568947479128826 5.0750060114078224 474.15749276371207 12.116591032128783 11.578753233421592 178.24422260350548 2.4155921665951601 506.08927247754764 26.967862695455551 3.3553924253210416 4.2569902241230002 93.963595187989995 116.08885715901852 22.139735355041921 76.587814961792901 7.2779863495379677 19.236359494738281 162.90003389981575 9.9889736939221674 7.411130581982432 3.9179352931678295 6.9780634567141524 105.15502575784922 77.200920858071186
leaf_count=18843 3467 56 723 6614 2691 5280 4152 230 10175 20217 196 3699 161 146 90 3610 1805 2953 450 163 3978 264 11489 256 602 1915 527 2745 1961 30 629 44 82 1653 190 524 1379 91 7 74 10079 318 148 1511 21 2794 134 26 64 902 730 406 2985 49 74 2906 55 57 18 20 1647 1212
internal_value=-7.80995e-13 -0.008434 0.00173415 0.00431295 -0.0155044 0.0028767 -0.00242646 -0.000881305 -0.00447101 -0.0113992 -0.00999537 -3.01875e-05 0.00046534 0.0123226 0.0112403 0.00257576 -0.0146004 0.00488541 0.00946641 -0.00390884 -0.00657782 -0.00264259 -0.00113197 0.00719503 0.00375277 -0.00565227 0.0139197 0.00278646 -0.00551979 0.00589866 0.0103634 -0.00515017 0.00172012 0.0029384 -0.00605337 -0.0044642 -0.00520872 0.009807 0.0140755 -0.0141877 -0.00640644 -0.0149446 -0.00146769 -0.0012418 0.0029482 0.00493236 0.00332828 0.00542454 0.00479635 -0.00137329 0.0100205 0.00455973 -0.00463396 0.00524438 0.0126194 -0.0044909 -0.00433441 0.00205611 -0.0170073 0.0147849 -0.0105083 0.000389283
internal_weight=7637.85 1302.61 6335.23 3911.09 672.787 3316.4 2424.14 629.827 436.026 507.141 247.574 1390.91 1844.55 594.684 28.9548 831.951 376.369 489.636 430.368 558.963 360.555 203.924 1354.92 193.801 146.765 1033.23 204.763 188.452 85.6174 1471.85 261.873 993.426 115.426 112.763 878 647.148 615.061 32.0872 29.3897 6.5319 547.884 73.7267 23.6953 383.052 180.66 1209.98 86.1596 225.605 222.25 101.904 120.346 67.1769 410.328 81.7783 46.2042 187.628 35.5741 28.2961 11.3291 16.967 230.852 944.588
internal_count=140317 59867 80450 38122 45517 34554 42328 14350 13262 26674 10461 20304 25414 3568 286 8841 23983 3114 2845 11463 7311 3333 22300 1088 858 22024 977 2801 3766 9140 1066 20109 1779 1735 18330 13216 12854 362 271 81 11924 1845 466 5142 1532 8074 437 1868 1842 1048 794 930 9599 407 208 3170 199 150 75 75 5114 12701
is_linear=0
shrinkage=0.03


Tree=31
num_leaves=63
num_cat=0
split_feature=0 10 10 0 4 4 10 0 10 1 10 10 1 10 1 5 3 5 0 3 3 10 4 4 4 2 2 6 4 0 6 11 1 5 5 2 2 4 5 6 1 10 1 1 0 10 5 2 4 10 0 10 2 2 0 4 0 0 11 6 6 6
split_gain=117.604 70.9277 70.2577 46.7446 34.7074 25.5318 23.2973 22.5365 17.8703 15.4716 12.5862 11.95 10.8711 9.40789 8.51552 8.458 9.56308 8.33883 8.31586 8.24368 7.70673 7.80984 8.35929 7.98292 9.42789 8.28692 7.67652 7.64751 10.0013 9.09929 7.78325 7.6449 9.79837 10.392 8.42294 8.38109 7.55708 7.30364 10.0466 7.24638 7.15441 7.13532 8.81763 7.04184 8.61677 7.03524 7.02912 6.94912 7.46967 6.94796 6.83976 6.72886 8.01221 6.69473 6.45715 6.37021 6.31742 6.28261 8.64464 6.6865 6.136 5.99991
threshold=0.72987970709800731 6.9809845790130192 5.6612213479477846 0.26258775591850286 7012.5000000000009 7264.5000000000009 6.5139714008924194 1.0077064037323 7.1572056814289775 333.50000000000006 5.8536372009884516 7.08965930037769 30.500000000000004 7.4342399374267485 20.500000000000004 3.7524788602538277 0.93078790088241758 3.9206037185039846 -0.12404291331768035 1.0346832967846893 0.93078790088241758 3.8393944990995772 706.50000000000011 7160.5000000000009 10596.500000000002 3.3460221962616825 3.5105193847450491 0.75500320772010088 20881.000000000004 1.0102434158325198 0.78834395721242612 4.1758323112310185 244.50000000000003 3.7878754431521329 4.091018831141807 3.8719504132231406 2.4825039517310512 19254.000000000004 3.9009916123405222 0.78305676231369559 2578.5000000000005 7.4573136929988291 68.500000000000014 212.50000000000003 1.1278747320175173 4.2555875595453383 3.4575444304623733 3.3301767223856329 21413.000000000004 6.1047832673922153 0.9230240285396577 5.9309171654189532 3.4414317074843939 3.7434762877240755 0.90007132291793834 24247.000000000004 0.99199840426445018 0.17607796192169192 4.682093285184119 0.83744053458150924 1.0630863632332095 1.1416354283770522
decision_type=2 2 2 2 2 2 2 2 2 2 2 2 2 2 2 2 2 2 2 2 2 2 2 2 2 2 2 2 2 2 2 2 2 2 2 2 2 2 2 2 2 2 2 2 2 2 2 2 2 2 2 2 2 2 2 2 2 2 2 2 2 2
left_child=1 3 20 49 6 17 31 8 50 13 -7 27 18 -8 -10 56 60 45 -3 36 43 22 26 -23 53 -26 -22 -9 29 -29 39 35 33 -33 -35 -4 -12 -31 -39 -30 -24 -14 -43 46 -45 -5 -2 55 -49 -1 -6 52 -34 -25 -27 -32 -11 -20 59 -59 -17 -46
right_child=2 12 4 5 7 10 9 11 14 15 19 -13 41 -15 -16 16 -18 -19 57 -21 21 23 40 24 25 54 -28 28 30 37 47 32 51 34 -36 -37 -38 38 -40 -41 -42 42 -44 44 61 -47 -48 48 -50 -51 -52 -53 -54 -55 -56 -57 -58 58 -60 -61 -62 -63
leaf_value=-0.030649583966166356 -0.017815992428018318 -0.035578487445620331 0.002474925864600009 -0.028187265961712532 -0.0033358345360300925 -0.020017655187500913 0.0059739932961482157 0.017782644360268791 0.01732246776227165 -0.033271619977973635 0.027092633454558639 0.011619381325131132 -0.0048422215992172035 0.016911268079670833 0.0035313962435479258 0.024978791546041552 0.010317402274907052 0.008967614056239602 0.017315323715367734 -0.0030650440611511335 0.014333070598916711 0.0032259319584744483 -0.016790197848558886 -0.021576107288661894 -0.010995687695095586 -0.011474161663604543 -0.024171164546524484 0.023168404435360168 -0.00023318785077396431 0.00038703782592112681 0.027092593022470732 -0.0041785196289066233 -0.028468835544369468 0.013064221444288508 -0.0096045290033612788 -0.010471055567941151 -0.012939162962092566 -0.029422316286337659 -0.00033832430330122824 -0.037015905704641625 0.016375273424503095 0.030983323079153635 -0.01371743219918121 -0.0092851395136804224 0.0011010979469273392 -0.0020255371676694391 0.0015725322767343747 0.023773629686946213 0.004254910660981776 -0.019070407323161828 0.00048731953692067605 0.01694992331245631 0.0079839599203388265 0.0026638276535858262 0.011075029426945125 0.0092779608967998254 0.0082309593750071654 -0.019257718300344152 0.021996336185338399 0.0044486403993576271 -0.0056420299876472919 -0.035970790647801065
leaf_weight=110.93743309413549 19.049170432146639 3.8466799193993202 379.22752124047838 10.135384289431384 930.81798740639351 142.98693705740152 380.24440124607645 33.297067511826754 43.831629958003759 4.5487734116613892 4.3057217656169078 203.7408874197863 139.0215624102857 86.970055196434259 499.49249623366632 135.32444202713668 73.675000232644379 67.224796348251402 56.791315883747302 119.9449899813626 20.368881852831695 276.61331441113725 70.536120229400694 40.225361826829612 39.381999567034654 14.513184355804695 6.0424486580304793 14.580193110508842 16.566611142829064 386.84096647799015 25.437108037527651 104.68694897578098 6.0249523771926752 86.543661599047482 17.78331067180261 51.066799024352804 296.58675043116091 18.397479441482574 25.513402868062258 6.7984387711621812 6.3836722243577233 11.444089375436308 6.0824701040983191 526.94380035722861 110.7162753570592 106.02041900390759 144.38192831561901 18.48133731004782 390.31213793763891 80.467131595010869 769.16453983890824 103.36357813049108 54.648846242809668 13.762993928743525 53.789002209668979 62.334773366106674 12.032462280243633 12.053890430135651 23.172261675237678 95.907521662069485 6.1577143017202607 4.0737113071372724
leaf_count=13957 690 27 3395 466 20051 11187 2497 116 163 37 20 855 2286 323 3180 495 324 916 453 3936 181 3878 2019 1035 943 554 140 101 136 3153 114 1521 71 957 221 638 17076 286 190 111 51 34 34 12345 1543 1869 3587 114 2425 6453 9117 633 415 360 999 345 45 104 165 884 29 67
internal_value=2.81733e-12 -0.00826343 0.00168943 -0.0125538 0.00334299 -0.00916539 0.00714818 0.00168391 -9.22959e-05 0.0111534 -0.012328 0.00499804 0.00329783 0.00800992 0.00464396 0.017491 0.019082 0.00055845 0.00808635 -0.00971531 -0.00438552 -0.00161856 -0.00903779 0.000130616 -0.00516531 -3.56971e-05 0.00552398 0.00364705 0.00315944 -0.000140134 0.0059856 0.00366346 0.00680653 0.0024993 0.00920016 0.000938513 -0.0123663 -0.000929088 -0.0125237 -0.0109357 -0.0140378 -0.00256811 0.0154702 -0.0062468 -0.00766264 -0.00430833 -0.000687352 0.0067818 0.00513734 -0.0257817 -0.00160603 0.0122947 0.00436417 -0.0153967 0.00628367 0.0144408 -0.00315455 0.00898014 0.00537034 0.00180183 0.0236461 -0.000214524
internal_weight=7581.62 1286.93 6294.69 938.61 4947.91 747.205 1502.3 3445.61 2243.31 698.953 563.824 1202.3 348.32 467.214 543.324 231.738 215.157 183.381 191.772 420.837 1346.78 541.617 103.331 438.286 161.673 107.684 26.4113 998.56 965.262 445.332 519.93 803.346 373.051 209.014 104.327 430.294 300.892 430.752 43.9109 23.365 76.9198 156.548 17.5266 805.165 641.734 116.156 163.431 496.565 408.793 191.405 1699.98 164.037 60.6738 53.9884 68.3022 87.7719 16.5812 187.925 131.134 107.961 141.482 114.79
internal_count=140317 59867 80450 55880 52058 35470 11601 40457 32511 3750 32219 7946 3987 2820 3343 930 848 3251 1633 21032 28392 10160 2391 7769 3891 2496 321 7091 6975 3730 3245 7851 3818 2699 1178 4033 17096 3629 476 247 2070 2354 68 18232 13955 2335 4277 2998 2539 20410 29168 1119 486 1395 1553 459 82 1606 1153 988 524 1610
is_linear=0
shrinkage=0.03


Tree=32
num_leaves=63
num_cat=0
split_feature=0 10 10 4 0 0 4 10 4 0 10 10 1 4 5 1 6 4 10 0 4 0 4 11 4 10 0 10 3 2 4 6 10 2 4 2 0 5 2 2 10 4 2 1 6 2 2 11 5 3 5 5 6 0 3 1 11 4 3 3 10 5
split_gain=110.987 69.0955 65.6669 45.1886 44.2317 26.4058 22.3293 17.6966 12.7456 12.1657 11.7273 10.4944 10.1791 9.66349 8.80889 8.5558 7.90737 7.8147 12.5628 7.57071 7.21592 9.44695 9.77596 7.95426 7.14179 6.97422 6.78627 6.63692 9.80128 6.66135 6.54164 6.47893 6.77451 7.135 7.25805 6.50181 7.2253 6.75126 7.48096 6.47674 6.35326 6.25528 6.20151 8.40611 7.31854 6.66517 6.75622 6.63173 6.17123 6.08015 6.66983 6.03265 5.96021 5.94182 7.01146 8.56896 6.28866 10.8832 9.30513 6.51975 7.61553 5.93216
threshold=0.72987970709800731 6.9809845790130192 6.2145760973981492 5375.5000000000009 0.26258775591850286 0.97619104385375988 7264.5000000000009 5.3729582179059152 3120.0000000000005 0.91631132364273082 6.2859963606162941 7.1572056814289775 30.500000000000004 7805.0000000000009 4.112796006759349 20.500000000000004 0.82006162594475207 1887.5000000000002 4.7578820629520608 0.84530186653137218 23651.500000000004 0.77502173185348522 14628.000000000002 4.2812624007936515 3514.5000000000005 6.0544365910765219 0.86198595166206371 7.4280360173618503 0.85125831687902653 3.7745482916114175 15127.000000000002 1.0553871577644773 3.8393944990995772 2.717393359328844 1393.5000000000002 3.3604605564148935 0.79505184292793285 2.9814168244342087 3.5981436763702193 3.5781474521940981 7.3581864408406057 8849.0000000000018 2.5915307424393945 420.00000000000006 0.8723817688977239 3.4001891551071881 3.7902825735390535 4.0318242407528126 3.9435993215326381 0.89762493857296022 3.4928060033945987 3.8108902875775015 1.0618584135524956 1.0403208136558535 0.70839455573897669 3702.5000000000005 3.9231352952824703 10058.500000000002 0.85433729646891454 0.70451532800371786 4.1510089048756029 3.5755405849655997
decision_type=2 2 2 2 2 2 2 2 2 2 2 2 2 2 2 2 2 2 2 2 2 2 2 2 2 2 2 2 2 2 2 2 2 2 2 2 2 2 2 2 2 2 2 2 2 2 2 2 2 2 2 2 2 2 2 2 2 2 2 2 2 2
left_child=1 4 7 8 25 11 17 30 -4 20 14 19 -3 -11 -8 -13 -10 51 -19 -5 21 22 23 24 -9 -1 -17 -14 -29 -30 31 32 -2 41 -35 -33 -37 -38 39 52 -7 -34 -18 44 -44 -46 -47 -45 -15 50 -36 -6 -39 54 -52 -56 57 -55 59 61 -61 -58
right_child=2 12 3 5 6 40 10 9 16 13 -12 15 27 48 -16 26 42 18 -20 -21 -22 -23 -24 -25 -26 -27 -28 28 29 -31 -32 35 33 34 49 36 37 38 -40 -41 -42 -43 43 47 45 46 -48 -49 -50 -51 53 -53 -54 56 55 -57 58 -59 -60 60 -62 -63
leaf_value=-0.030360253932929824 -0.010122272701823325 0.0081001404681416873 0.018923924097268518 -0.0045207823967013689 -0.0074197087015912032 0.0050211511259934611 -0.018778765242488938 0.010248756781924632 -0.023873397005731854 0.0044123145909617427 -0.0084596690095969374 0.016717997139576526 -0.0055685570795363489 -0.004877770376249365 0.0070714850810575883 -0.0023555582912118426 -0.021960996471552009 -0.029606800443086619 -0.00031273995223668488 0.0003953812283452786 -0.012601510090262018 -0.0051323656103766336 0.026704859358440008 0.017422251640534767 -0.023340083773014168 -0.018638228699933427 0.0054762297163912172 0.020110776043493782 -0.035499260749250014 0.015072051867953663 -0.017338299076181573 -0.0091993018758064794 0.013460331796813574 0.0045284772225479986 -0.021028467132281268 0.034104831259893234 0.024739192112629718 0.040630272453313514 -0.0082688658209082878 0.047118899361761196 0.011465210400557882 -0.035731605957608006 0.012144337648611069 0.011062110445779068 0.017222932934378102 -0.0097224120410614821 0.0048676928811970518 0.026793965735807782 0.0020421879398138075 -0.0024663474991324392 -0.0035203997724135186 0.018505848812146074 -0.0022703114332846882 -0.029691485791957326 -0.017647305554235566 0.056062242359771343 0.027028324893208944 0.012609281216445807 -0.028501796106372677 -0.01996628933331596 0.016416091418078298 -0.013091261729940365
leaf_weight=107.42074504491757 226.85249488928821 188.73846084123943 160.83234426355921 403.56752921547741 11.050192797556518 1300.126723191468 212.2574178086943 9.191686150152238 6.4810940844472489 538.54474556236528 331.84402867453173 43.71936634555459 120.59074677526951 237.20749967428856 12.566485073417423 151.04251814377494 5.5574485510587683 14.675191277870907 128.93254166655242 935.27967671735678 80.849813963053748 234.70669883885421 18.090819306438789 14.685453954385592 14.985375798307357 79.479267781483941 292.22681736410595 23.437571596354246 5.9546056236140412 3.8662859490141273 38.799070618115366 33.649613227229565 29.874741063918918 66.545029824832454 35.666266478481703 7.711090385913848 11.477759004803373 3.5905637117102804 39.305197079433128 4.1603681752458206 154.00631792051718 2.5229667073581359 155.89760133577511 58.599492630921304 24.916423664893955 41.514151966199279 91.574417982250452 40.982144600711763 226.96457729907706 244.09419263841119 65.705937897902913 30.030493727419525 15.481406844919546 15.911070440895857 87.30215067579411 1.4429197311401356 3.9320758569519993 8.3449788975995016 7.9866859421599647 5.8924768767319611 42.703156827716157 21.204076728434302
leaf_count=13953 5114 1633 723 9599 115 8546 16340 124 135 4930 15575 161 2184 4630 304 1339 32 778 2152 12701 2818 4979 202 198 303 6457 1614 107 44 19 1915 515 271 930 1093 51 142 14 802 20 594 91 851 277 164 370 859 157 2120 4475 2024 206 235 301 2308 3 69 107 224 117 622 581
internal_value=-2.59066e-11 -0.00808326 0.00164054 0.00405871 -0.0123329 0.00268741 -0.0090448 -0.00226256 0.0117295 -4.16884e-05 -0.0120437 0.000285219 0.00343132 0.00167813 -0.0173339 0.00405638 0.00901028 -5.72451e-06 -0.00330628 -0.00108649 -0.00467107 -0.00247271 0.00848782 7.64499e-06 -0.0105702 -0.0253755 0.00280757 -0.00229627 0.00956859 -0.0155904 -0.00525643 -0.00477876 -0.0056685 -0.00408767 -0.00482013 0.00189939 0.0064691 0.00358995 -0.000291656 0.0132044 0.00570364 0.00962952 0.00951888 0.00994198 0.00753274 0.00298264 0.00031662 0.0175364 -0.00149414 -0.00597178 -0.00886161 0.0115322 0.00580632 -0.00719531 -0.0109489 -0.0164489 -0.00172472 -0.0151385 0.0022568 0.0055886 0.0120045 -0.00681531
internal_weight=7532.55 1270.84 6261.71 3866.32 928.256 3279.97 741.356 2395.38 586.355 1375.23 556.668 1825.84 342.588 1002.72 224.824 486.989 425.523 184.688 143.608 1338.85 372.51 291.66 56.9533 38.8625 24.1771 186.9 443.269 153.849 33.2585 9.82089 1020.16 981.357 865.981 639.129 606.731 115.376 81.7264 74.0153 62.5375 23.2323 1454.13 32.3977 419.042 413.484 313.903 158.005 133.089 99.5816 464.172 540.186 296.092 41.0807 19.072 260.426 154.451 88.7451 105.975 24.256 81.7185 73.7318 48.5956 25.1362
internal_count=140317 59867 80450 38122 55880 34554 35470 42328 3568 20304 32219 25414 3987 11680 16644 3114 2845 3251 2930 22300 8624 5806 827 625 427 20410 2953 2354 170 63 22024 20109 18330 13216 12854 1779 1264 1213 1071 269 9140 362 2710 2678 2244 1393 1229 434 6750 11924 7449 321 249 6356 4335 2311 2021 408 1613 1389 739 650
is_linear=0
shrinkage=0.03


Tree=33
num_leaves=63
num_cat=0
split_feature=0 10 10 0 4 0 4 10 0 4 10 4 5 1 4 5 10 3 10 4 4 10 2 1 0 0 11 3 2 2 0 4 4 0 5 5 3 2 2 4 3 10 10 4 0 3 6 6 4 10 0 10 3 2 11 4 2 2 6 3 4 5
split_gain=106.538 64.8377 60.9666 42.553 40.1325 21.7532 19.8118 18.3606 13.1885 11.6646 11.6264 11.1336 10.3746 10.0941 8.70829 8.66592 8.26712 7.58393 7.39722 7.72951 7.00861 10.558 6.95206 6.94686 7.78321 11.6348 8.48619 10.0118 7.49642 6.85122 6.70131 6.69041 9.68714 6.73851 6.78715 7.8199 6.96329 7.70695 7.29736 7.6932 6.6784 6.58452 6.48389 6.47646 8.4688 6.45536 6.4313 7.41583 7.09522 11.3358 11.02 8.46153 8.32146 13.0736 9.83741 6.9192 9.60057 6.6594 6.36188 6.35115 6.45373 6.34916
threshold=0.72987970709800731 6.9809845790130192 6.3071835403242495 0.26258775591850286 5375.5000000000009 0.92755046486854564 7264.5000000000009 5.3729582179059152 0.95213070511817943 2167.0000000000005 5.8536372009884516 3514.5000000000005 3.9652997397415706 30.500000000000004 9148.0000000000018 3.9049010079671125 7.3786877324789293 1.0346832967846893 7.2121962936013082 32156.000000000004 1887.5000000000002 4.7578820629520608 2.4825039517310512 136.50000000000003 0.77502173185348522 0.87740182876586925 4.4583612975391516 0.74234973647542135 3.5689919610746776 3.6636545091634916 0.73786181211471569 12329.000000000002 12507.500000000002 1.001074552536011 4.2319617102140397 4.1648433724409371 1.0813705572633359 3.2574149151819056 4.0430671088129504 42245.000000000007 1.1587003830048637 6.0544365910765219 6.3162515517017495 22444.500000000004 0.98539662361145031 1.0166575460971263 0.75500320772010088 0.75689947191989082 20881.000000000004 6.7339755422285394 1.0246953964233401 6.4353484435784418 0.62804627038576288 3.7745482916114175 3.9535384784387992 19254.000000000004 3.0185803037275662 2.8113300064551372 0.86006047212007142 0.53758331329190989 2916.5000000000005 4.0395720250521929
decision_type=2 2 2 2 2 2 2 2 2 2 2 2 2 2 2 2 2 2 2 2 2 2 2 2 2 2 2 2 2 2 2 2 2 2 2 2 2 2 2 2 2 2 2 2 2 2 2 2 2 2 2 2 2 2 2 2 2 2 2 2 2 2
left_child=1 3 7 41 11 18 20 -2 23 -10 -8 -4 14 -3 -11 -13 31 22 19 -6 -5 -22 -12 24 -9 -26 27 -27 59 -29 -20 42 -33 43 35 46 37 -36 39 -39 58 -1 45 44 -34 -7 -35 -48 55 50 51 -50 53 -51 -54 56 -49 -52 -16 -25 -61 -53
right_child=2 13 4 6 5 16 10 8 9 12 17 15 -14 -15 40 -17 -18 -19 30 -21 21 -23 -24 28 25 26 -28 29 -30 -31 -32 32 33 34 36 -37 -38 38 -40 -41 -42 -43 -44 -45 -46 -47 47 48 49 52 57 61 54 -55 -56 -57 -58 -59 -60 60 -62 -63
leaf_value=-0.029999359235119278 -0.0050364029307309096 0.0078786491238545479 0.018655963329859252 0.010550757281710104 -0.00030261754623113295 -0.04761616176889772 -0.019290784947211443 0.011513220011239358 0.012905989341595363 0.001358669954040465 0.025467416051195266 0.0043958271556595431 0.0055587289836946932 -0.0025371555878187036 -0.026834564028436765 0.013989038183567604 0.011011488968303609 -0.0028144013673385409 0.030378423727799739 -0.0073531405193950575 -0.028309096224083171 -0.00084400344998596349 -0.012378227399722797 0.024267228698423963 -0.010079371590546365 -0.0055605848346127387 -0.011695483575765393 -0.0038039253400321943 -0.0099822184888217359 0.030293031081817173 0.0030890933681556806 -0.036988401641280061 -0.0013796358415485747 0.01696203541631313 -0.051594314526659225 0.015628271480221865 -0.044090667333800342 -0.016346733249172945 -0.027535871122614759 0.022055434720739679 0.0093232327189110009 -0.018488367383643421 0.0077339828009080651 0.0025389021406390911 -0.020942354759878826 0.024738644068724048 -0.036497565249926686 -0.042251038812505859 -0.046073429203084583 -0.051128184115271536 0.039650737109895168 -0.012865668599588834 0.018833500244505724 -0.0036193156609654726 0.00091298948319318274 -0.02175373907489506 0.0021282298482288432 0.012891990848825641 -0.0065269788937692775 0.01094336240057866 -0.0047759250560451246 0.012591426747483651
leaf_weight=104.43942650599638 1007.4802629870828 188.10600979242008 157.63305933820084 41.005910090636462 714.46753225463908 3.6733530667843288 137.74056045466568 49.999738703481853 84.003960401052609 419.57660329644568 4.4353779640514395 176.27132546901703 326.17086815880612 150.92546477692667 15.243983475957064 163.22196900821291 177.79772165603936 118.4292914022808 8.3464213167317194 174.03074769175146 13.951363495900294 129.74103788356297 289.37326648604358 8.0568780018948001 77.618974261917174 16.542120881378651 16.158725190442055 6.7041773181408635 188.73907306895126 25.389274357352406 272.88983777095564 5.3987611355260006 100.4356156704016 36.62368293851614 2.6635860763490227 65.537698520347476 4.1950238654389969 6.8663376425392988 5.9713635318912557 14.847101911902426 21.716785309603438 78.220271461177617 449.6385974753648 408.22554655373096 24.842371316859499 1.5901619023643432 4.0389556800946584 4.5271046017296603 3.7663714257068923 6.1390362679958335 8.797444658353923 15.950312053784726 33.777336026541889 34.558911006897688 149.99588159262203 13.416542018298058 141.87575805699453 172.43641594657674 155.61118547571823 26.780971754575148 192.25112773885485 19.717136335559189
leaf_count=13953 22024 1633 736 321 11871 50 11187 812 555 4289 20 1308 2480 2354 308 700 671 3936 53 5089 778 2152 17076 92 2022 351 347 91 4976 268 1802 101 1179 129 20 266 50 73 80 97 330 6457 2815 3829 323 15 65 45 40 44 26 125 174 204 867 152 972 843 2757 294 3522 118
internal_value=1.83765e-11 -0.00796852 0.00160898 -0.0121117 0.00415664 0.00288273 -0.00888991 -0.00185239 0.000114921 0.00219603 -0.0117448 0.0120673 0.00123721 0.00324188 -0.00106543 0.00900806 0.00484976 -0.0092235 -0.000341402 -0.00168361 -0.000388791 -0.00351064 -0.0118069 -0.00338297 0.00133024 -0.00224489 0.00714026 0.0133983 -0.00556389 0.0231703 0.00389898 0.00421996 0.0031128 0.00328204 0.00512374 0.00575453 -0.00786248 -0.0028547 0.00183459 0.0099117 -0.00634706 -0.02507 0.00734647 0.000707816 -0.00525888 -0.025757 0.00475223 0.00401797 0.00428846 0.00623521 0.0110637 -0.00330869 0.00148853 -0.0107857 0.00420676 -0.00113372 0.000755923 0.0141909 -0.00833886 -0.0018917 -0.00285393 0.00120714
internal_weight=7478.58 1256.37 6222.21 917.337 3584.17 3087.04 734.677 2638.04 1630.56 1022.32 549.978 497.126 938.319 339.031 612.149 339.493 1917.3 412.238 1169.73 888.498 184.698 143.692 293.809 608.241 192.413 142.413 64.7943 48.6356 415.828 32.0935 281.236 1739.51 1284.6 1279.21 745.702 711.159 34.5434 30.3484 27.6848 21.7134 192.572 182.66 454.902 533.504 125.278 5.26351 645.621 608.997 604.958 445.139 220.668 39.4338 224.471 40.6979 183.773 159.819 146.403 181.234 170.855 227.089 219.032 35.6674
internal_count=140317 59867 80450 55880 34932 32188 35470 45518 23494 10719 32219 2744 10164 3987 7684 2008 13373 21032 18815 16960 3251 2930 17096 12775 3891 3079 1057 710 8884 359 1855 12702 9822 9721 4390 4070 320 270 250 170 3395 20410 2880 5331 1502 65 3804 3675 3610 2441 1152 283 1289 248 1041 1169 1017 869 3065 3908 3816 243
is_linear=0
shrinkage=0.03


Tree=34
num_leaves=63
num_cat=0
split_feature=0 10 10 0 4 0 4 10 1 1 10 10 6 1 1 4 5 3 0 5 0 0 4 10 0 10 4 5 10 4 4 4 1 2 2 11 4 10 5 5 4 4 9 4 5 6 6 3 11 10 11 3 3 11 5 10 5 3 2 1 2 3
split_gain=102.641 63.6136 58.5336 40.2038 33.2525 25.0122 18.8444 16.9407 12.26 11.7547 10.7214 9.41688 9.35478 9.17299 8.86635 7.57668 7.30816 7.00222 6.85457 6.83427 7.02205 6.76629 6.43674 9.95738 6.43244 8.47143 9.63763 8.20711 6.16587 6.14072 6.07906 5.90402 11.8281 10.1959 8.11344 5.89485 5.83559 8.29414 9.12349 6.85435 6.62505 6.41592 6.53774 5.83296 6.52488 5.78712 12.9501 6.91942 7.33013 6.82406 6.13879 8.21994 9.58491 11.8132 8.08748 7.26806 5.84674 5.95173 5.75462 5.77479 6.94858 5.89113
threshold=0.72987970709800731 6.9809845790130192 5.7899554948754268 0.26258775591850286 6151.0000000000009 0.92755046486854564 7264.5000000000009 7.4342399374267485 372.50000000000006 41.500000000000007 5.8536372009884516 7.3786877324789293 0.97264051834927623 32.500000000000007 173.50000000000003 1779.0000000000002 3.4575444304623733 1.0346832967846893 1.001074552536011 3.9049010079671125 0.96739166975021373 0.87482494115829479 1887.5000000000002 4.2555875595453383 1.1136734485626223 3.8393944990995772 706.50000000000011 3.9188515862364635 5.8707073513045964 6443.5000000000009 14374.000000000002 5285.5000000000009 251.50000000000003 3.6923659673659679 3.3944466675559117 4.8571581881340116 14960.500000000002 4.5591125415341898 4.0354969933020568 3.9969980377027814 2345.5000000000005 10596.500000000002 29.500000000000004 5135.5000000000009 3.4045926749800262 0.94830587851309611 0.95821353528948638 0.7945701744608159 3.7612681959841043 5.9121498248393989 4.1817060493085512 0.6901838359989908 0.44092250166709118 4.3237030552516957 3.7524788602538277 5.9545336228087553 3.8317718465623094 0.50894394515092134 2.4825039517310512 103.50000000000001 3.5105193847450491 0.83390485080928267
decision_type=2 2 2 2 2 2 2 2 2 2 2 2 2 2 2 2 2 2 2 2 2 2 2 2 2 2 2 2 2 2 2 2 2 2 2 2 2 2 2 2 2 2 2 2 2 2 2 2 2 2 2 2 2 2 2 2 2 2 2 2 2 2
left_child=1 3 14 28 7 9 22 8 19 12 -8 18 -6 -3 16 -10 -2 58 35 45 31 -9 -5 -24 25 -16 -27 -28 -1 -25 -30 -21 33 34 -33 -7 37 38 39 41 -39 42 -26 44 -42 50 -47 48 -48 -49 54 52 -52 56 -4 -53 57 -54 -12 60 61 -60
right_child=2 13 4 6 5 11 10 21 15 -11 17 -13 -14 -15 24 -17 -18 -19 -20 20 -22 -23 23 29 36 26 27 -29 30 -31 -32 32 -34 -35 -36 -37 -38 40 -40 -41 43 -43 -44 -45 -46 46 47 49 -50 -51 51 55 53 -55 -56 -57 -58 -59 59 -61 -62 -63
leaf_value=-0.029722820819622051 -0.01225854060470131 0.0075818702957809918 0.0050277570919637768 0.0098315830894598159 0.0032620401607308604 0.00083421863335592593 -0.018999231784870594 0.0081876841649278394 0.024107465803685925 -0.0026049248165441112 0.022471568354494233 0.010434146492196098 0.0251076517969459 -0.0024056081714164332 -0.011923939008928967 0.0095519336712021237 0.0036692368532893261 -0.0031097090504314585 0.0045874509309387747 0.010049311968452844 0.015101521921147439 0.023502197304272547 -0.035098546962386776 -0.0053105856789587976 -0.007802926712888565 0.02189868668615582 -0.0066984006934533401 -0.00028305149332667669 0.017431581877457025 0.0095229078639475634 -0.02042933694898541 -0.010584172155459497 -0.032506281120206836 -0.0056227690833757556 0.030053130250637043 0.027723787714503807 -0.017792263212985559 0.024118747401876989 -0.029303361802780141 0.019998569992732002 0.018051714780380146 0.022667079538558104 0.02568768283305272 0.0078240167427178747 -0.022207919737789721 0.013959724952438003 -0.063118465505216367 -0.045349364069569381 0.0064217660629258596 -0.005910884300925544 0.031741626715842422 -0.022648643757281997 0.026760625341194645 -0.034855857166479341 -0.016499236903157428 0.0092596819090694799 0.035734158189014743 -0.034894390017453598 0.024342052443863463 -0.016745390085915739 -0.010739656822533954 -0.0083825197711745961
leaf_weight=99.413009299169062 29.51073867327068 191.29586119172745 23.740161097608507 41.491269646212459 156.56354517256841 823.89323858148418 135.20336942287395 38.473473273217678 35.922431965824217 1124.4733441706048 4.3525063784327349 174.84419090393931 19.882395680062473 145.87805482931435 159.58309572504368 309.42669539921917 213.4513719540555 118.53310572548071 1252.5068687604507 78.81021106778644 83.35175993014127 79.862225815653801 8.4918231460032967 100.36151065886952 95.563256683060899 12.359060829039661 601.28376370045589 255.82961972604971 4.0200200709514311 33.501930632162839 75.492395619978197 6.0298246685415533 9.7586496267467719 43.465074795531109 16.580822628457099 7.4034262043423942 15.97006235970184 17.426101618912071 11.742108302190898 11.915363497100769 4.9827164225280312 7.5713266313541672 5.5506555130705229 69.754569919663481 13.277349683921782 86.936219875235111 1.3907455420121539 4.2716668555513015 71.507377996342257 52.211807907558978 3.9534075348638025 6.9893950484693042 2.2715996326878685 15.461380195338277 46.417076985817403 79.520304386503994 3.8973328601568937 3.7113579125143588 10.123691451037304 136.47196752758464 129.39456010668073 9.6898082466796023
leaf_count=13736 882 1678 293 321 1955 8750 11187 151 148 21186 20 671 151 2309 4091 1709 4522 3936 8332 484 370 291 547 1893 1394 129 13927 4189 63 490 6611 43 61 341 73 72 346 136 227 114 68 77 29 1000 224 591 23 85 750 564 39 124 26 234 703 775 27 73 266 8707 7709 394
internal_value=1.61532e-11 -0.00786427 0.00158029 -0.0120021 0.00324904 0.00183828 -0.00886917 0.00779785 0.00651016 -0.0014753 -0.0116764 0.00374681 0.00572366 0.00326079 -0.00352024 0.011066 0.00173461 -0.00925315 0.0031857 0.00405287 0.00808248 0.0185231 -0.000566061 -0.00359659 -0.0045155 -0.00557041 -0.00440429 -0.00478356 -0.0247423 -0.00159822 -0.0185151 0.00429929 -0.00167637 0.00287686 0.0192159 0.00107369 -0.000237496 0.000941521 -0.00405963 -0.00160181 0.00721866 -0.0039699 -0.00596446 0.0038726 -0.0112221 0.00166888 0.0050051 -0.00101184 0.00509508 -0.00889349 -0.00221193 0.00203059 -0.0117044 -0.0184821 -0.00921482 0.00668171 0.00714066 -0.0114853 -0.0117639 -0.0122855 -0.0082063 0.00833807
internal_weight=7433.01 1243.71 6189.3 906.541 4663.53 3559.57 727.616 1103.96 985.625 1300.92 543.769 2258.65 176.446 337.174 1525.77 345.349 242.962 408.566 2083.8 640.276 237.996 118.336 183.847 142.355 1282.81 1029.06 869.472 857.113 178.925 133.863 79.5124 154.645 75.8344 66.0757 22.6106 831.297 253.754 237.783 132.343 120.601 105.441 108.685 101.114 88.0146 18.2601 402.28 216.318 129.382 72.8981 56.4835 185.962 115.805 29.2951 25.3417 70.1572 86.5097 9.88029 5.98296 290.033 285.68 149.208 19.8135
internal_count=140317 59867 80450 55880 49095 41117 35470 7978 7536 23292 32219 17825 2106 3987 31355 1857 5404 21032 17154 5679 1372 442 3251 2930 25951 22336 18245 18116 20410 2383 6674 1002 518 457 116 8822 3615 3269 1841 1614 1428 1500 1423 1292 292 4307 2013 1422 773 649 2294 1298 399 360 996 899 126 99 17096 17076 8369 660
is_linear=0
shrinkage=0.03


Tree=35
num_leaves=63
num_cat=0
split_feature=0 10 10 0 4 10 0 10 1 0 1 10 1 1 4 5 4 0 4 10 0 10 3 4 2 4 0 4 10 1 4 2 6 6 5 10 11 11 1 10 6 3 10 11 3 5 0 10 5 11 5 0 11 1 4 3 11 11 11 3 9 0
split_gain=99.122 62.9566 58.2519 40.0016 26.6776 22.0739 19.8829 14.1081 13.8464 12.7182 12.0558 11.6566 10.8407 10.7525 9.15787 9.13474 8.89408 8.03269 7.69654 7.60353 8.08891 7.54242 7.27286 7.94143 7.24711 6.86591 6.74176 6.72803 7.64458 8.39561 6.70903 6.64098 6.51542 8.07403 8.72546 7.42825 6.60995 9.13892 6.74011 6.59183 6.50574 7.93891 6.43486 6.33341 6.31677 9.92103 9.7449 6.11685 6.09032 6.04929 6.65884 6.044 5.937 5.90628 5.82963 5.73783 5.72376 11.023 6.35573 5.61405 6.85685 5.88705
threshold=0.65099284052848827 6.7487567987550685 5.4071617168636603 0.87482494115829479 7012.5000000000009 6.5139714008924194 0.26258775591850286 6.1643663291330322 78.500000000000014 1.0077064037323 100.50000000000001 7.4342399374267485 333.50000000000006 237.50000000000003 23754.000000000004 3.8317718465623094 60596.000000000007 0.39400137960910803 2167.0000000000005 7.2121962936013082 0.86198595166206371 7.4342399374267485 1.3756366968172358 31803.000000000004 3.6335105320954382 3244.5000000000005 -0.023482100106775757 2684.5000000000005 3.2769667020129059 1859.0000000000002 29155.500000000004 2.5915307424393945 1.1993854077450534 1.0564216622645717 3.8687948354831319 3.8393944990995772 4.1845871911794719 4.125003052503053 168.50000000000003 4.7140145363037149 0.91518211215892442 1.2107612152136944 6.1257619542170465 4.4958928631957162 0.93444098112168839 3.7524788602538277 1.0347417593002322 7.08965930037769 3.8687948354831319 4.3312563387423948 3.9830383364500257 0.33578409254550939 3.9783254797079306 66.500000000000014 5135.5000000000009 1.3512332335396433 4.0063018728601785 3.9867278355899085 3.9616852916810177 0.84275608964572812 10.500000000000002 0.9230240285396577
decision_type=2 2 2 2 2 2 2 2 2 2 2 2 2 2 2 2 2 2 2 2 2 2 2 2 2 2 2 2 2 2 2 2 2 2 2 2 2 2 2 2 2 2 2 2 2 2 2 2 2 2 2 2 2 2 2 2 2 2 2 2 2 2
left_child=1 6 27 8 5 18 53 -6 19 -9 16 12 -7 30 15 25 21 26 -5 54 -21 22 23 51 -23 -10 -18 32 -29 59 -8 -16 33 35 -35 -2 37 40 55 -39 -37 52 -33 -19 45 46 -14 -11 -20 50 -40 -3 -42 -1 -4 -38 57 58 -50 60 -30 -61
right_child=2 10 3 4 7 11 13 9 14 47 -12 -13 44 -15 31 -17 17 43 48 20 -22 24 -24 -25 -26 -27 -28 28 29 -31 -32 42 -34 34 -36 36 38 39 49 -41 41 -43 -44 -45 -46 -47 -48 -49 56 -51 -52 -53 -54 -55 -56 -57 -58 -59 -60 61 -62 -63
leaf_value=-0.019892131713997511 -0.0080651209766284936 -0.014975374467501752 0.0082648940565956119 0.011202056181118292 -0.0024169304800924878 0.0068134408349623705 -0.0059542171736993253 0.0013661853591907542 0.0050141778534714063 0.0047291983390830485 -0.012293568117872286 0.023057488176912191 -0.032751291452600875 -0.021214065792653451 0.013761150292469814 0.0018991706055888078 -0.0068558667815153658 -0.024080054885442254 0.00098293909699417501 0.0054333927889125824 0.028028175454544842 -0.0059668398823966972 -0.020583686911125124 -0.0071261356887547551 0.021132708723368695 -0.010320140616184643 0.023573025839877575 -0.021984762214711694 -0.010443269689329286 0.0076922583263389736 -0.016476907026132918 -0.018864881362613425 -0.02780137675023242 -0.00060588134381039764 0.025370759599958378 0.0070710634081627187 -0.00069906836471014702 0.032717301071934234 -0.030185141943530155 -0.008760203771913045 -0.0025787743340091448 0.027343147527421684 -0.006496481654095972 0.020725445426256889 0.007887363837906591 0.022913373659222427 0.025631543134083685 0.010609602577326316 -0.001287982717775947 -0.0020562711502436545 0.016184210879786748 0.007780404625995766 -0.029461391071633865 -0.031703623555698883 -0.0018087698688402257 0.036762621822984502 0.010424168625668048 -0.04684093558397124 0.024082208018149136 -0.010697832395235984 0.049873660895784926 -0.0020777116075761303
leaf_weight=80.293596714094747 144.22296231682412 11.920984772616064 61.888305272324942 124.62802337040193 456.87793840857921 277.81652800342999 172.39584967819974 1251.0476920874789 33.533605536213145 778.0325467849616 61.462760200840421 77.865333661437035 5.9791848957538587 93.069304973440012 13.3833181776572 313.69241714640521 7.8846826553344718 8.2165497327223402 427.85802096454427 135.08951498987153 15.942799791693686 13.526942379772661 18.236013235058635 92.006592799385544 25.861314706504345 121.47539400612004 38.801012711133808 28.533775922493078 283.07494314771611 37.354199012042955 79.761489155062009 41.924640507844742 8.5253283514175546 27.87445444543846 19.978849797509611 65.330458625219762 17.743468479253355 15.760255476925524 20.07577717630193 4.4143247255124143 16.372497957665477 4.6702822707593432 390.26464961736929 4.3386005191132417 54.320888806134462 108.8655302003026 4.5168019980192184 200.16305745672435 52.071833860594779 22.975569393718615 3.2366343755275002 88.418600734090433 13.482398597290738 72.510640557273291 314.12778165889904 4.6425141971558324 149.4803741814103 4.2572763171046963 10.716004852205513 98.211103956447914 1.7064711577258993 260.25884847913403
leaf_count=8441 2799 354 796 855 7436 1483 8041 13561 523 4913 2137 291 36 7890 168 4153 41 87 4733 793 57 64 375 2780 115 2896 171 1014 8448 403 7762 2155 154 415 144 765 252 135 407 102 277 39 10667 28 248 407 13 855 342 506 39 1233 314 10964 7076 24 1018 40 53 2880 13 5136
internal_value=-1.03092e-11 -0.00951977 0.00126756 0.00254302 0.00409227 0.00762304 -0.0164872 0.00238561 -0.00173984 0.00336988 -0.000158439 0.0123377 0.010489 -0.0124993 -0.00397236 -0.0010449 0.00225369 0.0127052 0.00437762 0.00213293 0.00781847 -0.000223219 -0.00247696 -0.000760297 0.011826 -0.00700282 0.0184339 -0.00503264 -0.00677226 -0.00613449 -0.00928272 -0.00705178 -0.00186383 -0.00128311 0.0102394 -0.0029393 0.000978265 0.00522525 -0.00644472 0.0236418 0.00150442 -0.00902909 -0.00769628 -0.00859691 0.0163682 0.0202278 -0.00762705 0.00593247 0.00305773 -0.0129807 -0.0237473 0.00507687 -0.0147189 -0.0254971 -0.00015075 0.00706992 0.00715755 -0.000125548 0.00304195 -0.00693743 -0.0100818 -0.00443939
internal_weight=7392.97 868.705 6524.26 5425.82 3984.5 1298.38 498.031 2686.12 1441.32 2229.24 370.674 529.364 451.499 345.227 914.274 468.701 309.211 59.2408 769.012 527.048 151.032 249.97 210.582 192.346 39.3883 155.009 46.6857 1098.45 709.139 680.606 252.157 445.573 389.306 380.78 47.8533 332.927 188.704 120.03 68.674 20.1746 99.8556 34.5252 432.189 12.5552 173.682 119.362 10.496 978.196 644.384 46.288 23.3124 100.34 29.8549 152.804 376.016 22.386 216.525 67.0451 62.7878 643.251 284.781 358.47
internal_count=140317 50483 89834 65568 36284 9519 43098 26765 29284 19329 7385 2478 2187 23693 20562 7572 5248 327 7041 8722 850 4921 4742 4367 179 3419 212 24266 17894 16880 15803 12990 6372 6218 559 5659 2860 1632 1228 237 1395 630 12822 115 704 456 49 5768 6186 952 446 1587 591 19405 7872 276 1453 435 395 16477 8461 8016
is_linear=0
shrinkage=0.03


Tree=36
num_leaves=63
num_cat=0
split_feature=0 10 10 0 4 10 0 4 4 1 10 10 6 2 1 1 5 5 3 0 2 6 6 3 3 0 10 0 1 5 11 11 1 4 10 11 10 4 1 0 4 5 0 4 11 3 5 4 10 2 2 2 3 1 4 0 1 3 2 10 4 10
split_gain=91.6321 57.7276 53.4936 37.8785 30.5237 21.0969 20.9126 17.925 14.5188 11.7532 9.70916 9.63376 9.51196 8.94367 8.4797 8.08741 8.07328 7.71557 7.54842 7.10753 7.10221 6.98503 7.94939 8.04378 6.96746 6.83706 7.17445 10.8858 8.52496 11.0269 7.26469 6.70207 7.2705 6.709 7.52904 10.1641 7.44539 6.7999 6.59521 6.49379 8.09982 7.76616 7.26083 9.34102 8.95189 7.19219 6.49205 6.55528 8.46037 6.35046 6.32831 6.30525 6.30384 11.1433 6.20406 6.18455 7.98032 7.56308 6.37014 6.14178 6.12445 9.54558
threshold=0.72987970709800731 6.9809845790130192 5.4071617168636603 0.26258775591850286 6151.0000000000009 6.2859963606162941 0.92755046486854564 7264.5000000000009 3514.5000000000005 50.500000000000007 6.2859963606162941 7.3786877324789293 0.9635598348906742 2.5915307424393945 153.50000000000003 52.500000000000007 3.8259861355406968 4.112796006759349 0.46521925953078708 0.96523165702819835 3.2794849785407729 0.92296539553083601 0.95821353528948638 0.54782774642871102 0.70575273062277677 1.051822364330292 6.8062637065364582 1.0489733219146731 242.50000000000003 3.8279245164120428 4.0230769878400716 4.239827983347042 216.50000000000003 41723.000000000007 6.2235673486733658 4.5277991452991468 6.8062637065364582 9148.0000000000018 201.50000000000003 1.1018312573432925 37404.000000000007 4.1657807218954046 1.0831648111343386 6658.5000000000009 4.5345132099164109 1.1797435604204705 3.6739338370229802 32156.000000000004 7.1572056814289775 3.3067585760065801 4.1896650171298075 4.7271551724137941 0.48238486337018077 339.50000000000006 2528.5000000000005 1.1584513187408449 786.00000000000011 1.6051568819807567 3.7095552236328939 5.4680512393485436 1887.5000000000002 4.7578820629520608
decision_type=2 2 2 2 2 2 2 2 2 2 2 2 2 2 2 2 2 2 2 2 2 2 2 2 2 2 2 2 2 2 2 2 2 2 2 2 2 2 2 2 2 2 2 2 2 2 2 2 2 2 2 2 2 2 2 2 2 2 2 2 2 2
left_child=1 3 55 -1 5 19 9 60 -7 12 17 25 -6 -10 -15 -3 18 -9 -16 51 -17 54 24 -24 -23 26 -8 28 38 30 -30 -27 33 34 35 37 -35 -33 -28 42 41 45 43 -34 -44 -41 -11 48 -48 -26 -49 -4 53 -31 -21 57 58 -2 -57 -25 -5 -62
right_child=2 15 4 7 6 8 11 10 13 46 -12 -13 -14 14 16 20 -18 -19 -20 21 -22 22 23 59 49 31 27 -29 29 52 -32 32 39 36 -36 -37 -38 -39 -40 40 -42 -43 44 -45 -46 -47 47 50 -50 -51 -52 -53 -54 -55 -56 56 -58 -59 -60 -61 61 -63
leaf_value=-0.024165333244020662 -0.0058574576901447946 0.0062449278811158703 -0.0031672090800165661 0.0097555190336088005 0.0016405946438878556 0.017889819410477265 -8.4905225263504628e-05 -0.017639167648567156 -0.031471813976017907 -0.010023427711137246 -0.0079559667335941022 0.0099059895904983816 0.016991533117772302 0.0035142163110252812 0.047205461395575618 0.0064057094977449268 0.012953118228062407 0.0070576596263670129 -0.001010067051345289 0.0097985662594488546 -0.010135395442102634 0.0018031620044573775 0.032795399500652633 0.026818295784672781 -0.0046205567398215222 0.0070755370213263866 0.0023697737491532203 -0.036391289906404653 0.0031530110216677312 0.028830993275052154 0.040567799748346692 0.011042638601243028 0.036817372752481523 0.016695536953836985 0.011107996193717117 0.017196087252957588 -0.030496804568380349 -0.03165492423482022 -0.013216009468623578 0.013104232108630345 -0.03851598730183322 -0.042268848809075374 -0.042340477814917822 -0.010247749029220897 0.014337454211192702 -0.01772135435314233 -0.0016086674766627451 -0.0044242079769105302 0.0094132325501566257 0.0259086293161165 -0.019044542422539491 0.038647745154853863 0.0073730048904806153 -0.047231344800957149 -0.0035624688653397305 -0.025451454846568133 0.0068564596801041237 0.016369089700730814 -0.00033411750687886672 -0.0031037869573158233 -0.027806198705015165 -0.00084467925415213313
leaf_weight=171.67011819279287 910.48690891673323 231.44386928138556 191.11570286087226 41.642944404389709 181.15397062536795 163.04288109205663 990.66951906657778 199.88432697072858 5.1761526288464657 100.91582090413431 320.38127255969448 173.65022821072489 45.440612176433206 223.1296730726026 3.0680336789228013 37.251132484641857 305.78542192978784 12.072485169395803 61.521012698765844 43.985520601272583 62.656519734533504 21.490316049195826 7.2743525221012524 6.8134780800901344 7.0405320329591623 474.52907516551204 227.2641533492133 5.8770001586526623 6.8063181620091227 2.6793044023215762 14.884737976361064 4.5499062510207358 4.2274268548935643 4.5258164987899354 107.03334322501905 10.269402610370888 8.975962901953606 12.80266273464076 27.378833381924778 42.988836337812245 4.0427246126346281 2.8975195572711518 11.499452127143739 37.122375804930925 3.2075763428583732 8.0948276468552631 699.70678705524188 252.4983762211632 68.845662895124406 47.531597144901752 29.788425681297667 3.3015674008056513 249.54665015218779 4.9104978982359171 108.26456324779429 14.355081951478494 83.899707946460694 13.990066644619217 24.765029580099508 65.760366395581514 13.025502605596555 127.52045537740923
leaf_count=20410 21172 2187 3215 321 2675 795 11289 16340 38 3140 15575 671 341 1718 13 401 1436 304 559 392 1399 168 53 60 40 3084 1843 39 47 25 75 44 21 22 605 111 77 139 256 345 42 27 140 402 25 97 13453 4969 452 216 906 29 1613 36 1089 330 794 165 554 603 778 2152
internal_value=2.23905e-11 -0.00751734 0.00149296 -0.0115117 0.0027651 0.0068054 0.00142746 -0.0084716 0.00995321 -0.00152658 -0.0112514 0.0030959 0.00471903 0.00779178 0.00813421 0.00316559 0.0109175 -0.0162325 0.00128021 0.00203448 -0.00396795 0.0048682 0.00933152 0.00271997 0.0162721 0.0025742 0.00143088 0.00421506 0.0046624 0.00828658 0.0288276 0.00494849 0.00109952 0.00548281 0.00750431 -0.00645974 -0.0146779 -0.0204595 0.000694014 -0.00459308 0.0024421 0.0055095 -0.0118751 -0.00543601 -0.0299791 0.00821954 -0.00275533 -0.00205735 -0.000621344 0.02197 -0.00596702 -0.00245711 0.00655382 -0.0203803 0.000297576 -0.00468022 0.00163895 -0.0055211 -0.0095509 -0.000294601 -0.00034939 -0.00334342
internal_weight=7348.13 1217.55 6130.58 886.197 5083.08 1264.3 3818.78 714.527 761.723 1378.35 532.338 2440.43 226.595 598.68 593.504 331.352 370.374 211.957 64.589 502.578 99.9077 308.161 155.911 79.8482 76.0624 2266.78 1530.02 539.347 533.47 278.828 21.6911 736.767 262.238 148.157 134.655 27.622 13.5018 17.3526 254.643 114.081 58.0239 53.9812 56.0568 41.3498 14.707 51.0837 1151.76 1050.84 768.552 54.5721 282.287 194.417 257.136 7.5898 152.25 1047.5 123.02 924.477 39.1201 72.5738 182.189 140.546
internal_count=140317 59867 80450 55880 57435 10424 47011 35470 4559 25936 32219 21075 3016 3764 3726 3987 2008 16644 572 5865 1800 2621 1140 716 424 20404 15223 3934 3895 1796 122 5181 2097 998 899 294 99 183 2099 1099 511 469 588 423 165 442 22920 19780 13905 256 5875 3244 1674 61 1481 23015 1678 21337 884 663 3251 2930
is_linear=0
shrinkage=0.03


Tree=37
num_leaves=63
num_cat=0
split_feature=0 10 10 4 4 0 10 1 10 1 0 10 3 10 4 6 3 4 0 2 3 0 4 10 1 10 1 1 4 11 4 11 1 0 2 5 1 6 3 10 10 11 6 0 11 2 5 11 4 2 3 5 0 1 11 2 2 5 6 1 1 11
split_gain=88.5363 57.8915 52.4366 32.1772 31.7214 22.6097 20.0727 16.2827 16.0181 15.0387 12.1291 9.30906 8.32002 8.20236 7.60294 7.60156 7.57326 7.71703 6.93603 6.73174 9.51454 6.57923 6.55672 11.8327 7.16104 6.31441 6.26586 8.07977 11.7421 6.64701 6.2165 13.3705 6.07912 5.99417 5.95176 5.96692 6.91932 5.95218 5.93126 5.75494 5.84493 7.6014 5.74062 5.69899 8.20483 9.70554 7.03564 9.12735 6.66209 5.93979 6.57446 5.58479 5.52539 5.49012 5.86264 8.31974 7.80621 5.32518 8.95241 10.5469 9.01277 6.67798
threshold=0.69046753644943248 7.2121962936013082 5.4271478232179229 7264.5000000000009 24540.500000000004 1.0077064037323 6.5139714008924194 333.50000000000006 6.1954247594495966 41.500000000000007 0.86198595166206371 6.1954247594495966 0.60064323903960581 7.1348752960152666 2167.0000000000005 0.97456635066956965 0.91421843635385969 5877.0000000000009 0.41833950579166418 4.7271551724137941 0.38905253547143209 1.1584513187408449 1684.5000000000002 4.7833076179467886 430.50000000000006 7.4342399374267485 2064.0000000000005 902.00000000000011 44676.000000000007 3.9644153018309329 35874.000000000007 3.9897698135198145 34.500000000000007 0.48677696287631994 3.2307207498383974 4.0433932214320656 1001.5000000000001 0.89257896757706801 1.6051568819807567 7.0245920370458128 6.4208085979768308 3.6457952756078358 1.0630863632332095 1.0550453066825869 4.2150601712157458 3.9405770782889431 4.0157280648804488 3.897809452813052 2437.5000000000005 4.5220779220779228 0.45852314103081931 4.0953783513642685 0.5421368181705476 786.00000000000011 3.8703861289828105 3.5011448246339616 3.5417441140024786 3.8246373717531927 0.83483430398231839 372.50000000000006 216.50000000000003 4.7212211399711412
decision_type=2 2 2 2 2 2 2 2 2 2 2 2 2 2 2 2 2 2 2 2 2 2 2 2 2 2 2 2 2 2 2 2 2 2 2 2 2 2 2 2 2 2 2 2 2 2 2 2 2 2 2 2 2 2 2 2 2 2 2 2 2 2
left_child=1 4 21 6 22 9 14 25 52 15 34 -7 -3 39 -4 -5 42 -18 -14 20 -16 38 33 -24 -25 -8 27 -15 -29 -30 31 -20 -27 -1 35 -11 37 -37 -2 40 -12 -42 -9 44 45 46 -22 -48 -46 -50 -51 -38 -6 -23 -55 -56 -57 58 -43 60 61 -60
right_child=2 12 3 5 8 11 7 16 -10 10 13 -13 18 26 19 -17 17 -19 30 -21 43 53 23 24 -26 32 -28 28 29 -31 -32 -33 -34 -35 -36 36 51 -39 -40 -41 41 57 -44 -45 48 -47 47 -49 49 50 -52 -53 -54 54 55 56 -58 -59 59 -61 -62 -63
leaf_value=-0.017391632330621461 -0.0058566591612106396 0.014819480069036557 0.009417096230595846 0.0046186326091618261 -0.026243217626699927 -0.00093839471686314431 0.0051133172468416817 0.022008613651405624 -0.012366841704556104 0.0063835538238137361 -0.0037390096198295316 0.0056101459850542556 0.0082456447020647274 0.0050030355831925371 -0.04984201056578752 0.023645106737395644 0.0150673741875421 -0.0051729625091393771 -0.032483791564300833 0.026968902232596518 -0.0027283664455827463 -0.0074360093923451298 -0.026346409831438364 -0.0034558640273506299 -0.033313734380426868 -0.018869223135271847 0.042579646118340538 -0.046703284452237197 0.017909836532717573 -0.031651556611307294 -0.011522745734747356 0.017245511761138643 0.016034960793523876 0.017521849253731243 -0.0062588855455752018 -0.021873705932449743 -0.0244803860811359 -0.00044875383704831009 0.013583172504472392 -0.009284355949513776 -0.056994420712923446 0.020279588571856182 -0.0095398239736818359 0.0065531961362599329 -0.023114959805973282 -0.018474222101083956 -0.01135922753192658 0.015206621328428404 0.006922614877976848 0.034155696997913473 -0.027855885554007673 0.025105173809226191 -0.013679513541353511 -0.013101656814018472 0.017917733233281365 -0.055946083987421874 0.0016976410545641429 -3.5448834921775228e-05 -0.0067110792819729172 -0.014079608100222702 0.022197834975963823 0.040080789462385372
leaf_weight=5.6863707206212011 936.63063455512747 62.74822370451875 149.1010234367568 230.28973987547215 152.29474074291647 244.97710678610019 391.5646957103163 134.87910792790353 276.69688102044165 75.27872147387825 358.49529238883406 964.81786696356721 74.823047746205702 292.87544096633792 3.2044563968665889 20.588114167563617 60.694396108388901 23.524337066337466 6.2337301205843714 9.6393297445029003 287.13467877404764 39.982656273292378 23.734552302863449 266.54800672462443 7.4309181112330398 4.7543671727180472 3.7940863706171504 6.8247698247432735 8.0582793951034528 3.4903623829595736 45.886466926662251 22.176310037262738 81.022703222930431 19.963243637233973 549.06389190605842 24.270671421429142 2.6272447621449819 22.478878554189578 14.341815595049409 74.42960490542464 2.0275389943271866 32.906420697458088 5.3987061437219372 186.15595494629815 7.3672037173528215 30.241720120189711 15.60326197138056 45.820952369365841 217.52062362572178 1.8856183243915428 8.3637039544992131 9.2128247395157796 39.721166239876766 12.339528386015443 42.228487783577293 2.2821269109845188 28.761479869717732 554.65894396789372 27.218313271878291 25.889651391422376 25.573129080468789 3.0529219983145586
leaf_count=91 22151 449 1170 2841 22061 3119 2674 535 18780 1323 6822 5675 510 1750 50 187 250 133 47 88 3630 892 1579 6826 330 21 11 52 39 29 608 122 326 139 14484 506 41 295 174 1065 18 331 28 1240 189 527 149 340 2812 30 215 74 3357 125 275 25 373 7193 484 333 295 29
internal_value=3.46851e-11 -0.00827436 0.00131787 0.00255969 -0.0120002 0.000951126 0.00600413 0.00986195 -0.0169868 -0.000762447 -0.00159096 0.0042841 0.00565479 -1.02613e-05 0.00318973 0.00618003 0.016525 0.00941376 0.00179837 0.00204757 0.00174852 -0.00471119 -0.00477212 -0.00602601 -0.00426568 0.00672826 0.0042595 0.00379238 -0.0155057 0.00293083 -0.00469459 0.00633391 0.0141003 0.00978173 -0.00487601 0.000795874 -0.00638344 -0.0115718 -0.00556348 -0.00122842 -0.000646187 0.00100541 0.0207944 0.00195515 0.000560945 -0.00217149 -0.000757025 0.00845824 0.00496283 0.005871 -0.0164473 0.0141024 -0.0236442 0.00174219 0.00602863 0.00925031 -0.00253996 0.00118111 0.00706714 0.00174776 0.00908538 -0.00199201
internal_weight=7307.29 1003.94 6303.34 5226.78 792.076 3562.9 1663.88 701.838 468.713 2353.1 2102.23 1209.79 211.868 1419.29 962.039 250.878 224.497 84.2187 149.12 812.938 803.298 1076.57 323.363 297.713 273.979 477.342 315.043 311.249 18.3734 11.5486 74.2965 28.41 85.7771 25.6496 682.932 133.868 58.5896 46.7495 950.972 1104.25 1029.82 671.327 140.278 800.094 613.938 378.801 348.559 61.4242 235.137 227.77 10.2493 11.8401 192.016 125.594 85.6116 73.2721 31.0436 669.299 114.64 81.734 55.8444 30.2712
internal_count=140317 54899 85418 61403 53163 46996 14407 3967 44198 38202 35174 8794 1736 18451 10440 3028 946 383 1287 9270 9182 24015 8965 8735 7156 3021 1881 1870 120 68 777 169 347 230 16723 2239 916 801 22325 16570 15505 8683 563 9132 7892 4646 4119 489 3246 3057 245 115 25418 1690 798 673 398 8665 1472 1141 808 513
is_linear=0
shrinkage=0.03


Tree=38
num_leaves=63
num_cat=0
split_feature=0 10 10 4 0 10 10 0 4 0 4 0 1 4 4 4 10 5 2 6 11 1 2 10 1 0 0 1 0 4 3 6 6 0 0 4 3 10 5 5 6 11 4 2 0 2 6 4 11 10 10 11 1 1 1 10 2 3 4 2 6 1
split_gain=86.3417 59.9058 49.8411 46.4411 32.4368 18.3263 14.2059 21.3775 12.9556 11.3772 11.1992 10.2585 9.40147 9.29643 8.82719 8.48094 8.45956 8.29442 9.16138 8.17949 9.17133 7.64016 9.0587 7.49891 7.41734 7.21326 7.09806 9.14577 6.89612 6.82399 6.56687 6.56406 6.55055 6.47379 6.51593 6.44397 7.22146 6.39509 6.37676 9.58657 7.78663 7.01476 6.23341 6.21584 6.77402 6.2098 6.08555 6.07085 8.07658 5.98511 6.26908 7.7794 6.46596 7.11511 6.61579 7.36275 6.26254 6.27551 6.06752 6.13643 8.48603 5.74843
threshold=0.53535157442092907 7.0854786740153477 6.3071835403242495 3514.5000000000005 0.86198595166206371 5.8707073513045964 5.2729864091469238 0.96312779188156139 12329.000000000002 1.0077064037323 26056.500000000004 0.41077405214309698 20.500000000000004 7805.0000000000009 2684.5000000000005 2916.5000000000005 7.1348752960152666 3.7203262920471061 2.8593933470554922 0.9781808333649068 3.8837022018109573 142.50000000000003 3.5689919610746776 3.2769667020129059 171.50000000000003 1.0680485367774966 1.1902310848236086 786.00000000000011 -0.023482100106775757 54212.000000000007 0.61821049638833581 0.97165484723458106 1.0326803174210952 1.0174360871315005 0.99199840426445018 31341.500000000004 0.42924616824828549 7.3849183426978353 3.8283893275392922 3.8611557759882613 0.8298651490961847 4.566670017613415 3402.0000000000005 2.5915307424393945 0.83965697884559642 4.5220779220779228 0.96390774924329892 44676.000000000007 4.2886921018407369 6.3252510118282403 6.62737956271428 4.2150601712157458 398.50000000000006 821.50000000000011 322.50000000000006 6.3877175330315383 3.0010526315789479 0.74859115571003776 7604.0000000000009 3.4839397482632921 0.94262550171690973 1359.0000000000002
decision_type=2 2 2 2 2 2 2 2 2 2 2 2 2 2 2 2 2 2 2 2 2 2 2 2 2 2 2 2 2 2 2 2 2 2 2 2 2 2 2 2 2 2 2 2 2 2 2 2 2 2 2 2 2 2 2 2 2 2 2 2 2 2
left_child=1 5 6 -4 12 15 14 21 17 16 -7 28 -5 -9 24 -1 38 18 -6 31 -21 -8 30 -16 -2 33 -25 -28 -3 -30 -23 46 -22 34 -20 36 -14 43 40 -40 -10 -42 -32 -37 -45 47 -11 48 -13 -19 51 56 54 -54 55 -53 -51 -58 -59 60 -60 -46
right_child=2 11 3 4 8 10 7 13 9 19 -12 45 35 -15 23 -17 -18 49 25 20 32 22 -24 26 -26 -27 27 -29 29 -31 42 -33 -34 -35 -36 37 -38 -39 39 -41 41 -43 -44 44 61 -47 -48 -49 -50 50 -52 52 53 -55 -56 -57 57 58 59 -61 -62 -63
leaf_value=0.00090755030014239403 0.0086775502429041629 -0.011387147104252773 0.018365185244652051 0.007324885122354601 0.045767175923776687 -0.0030566823694348094 -0.00022458053152489115 0.0052501742052803784 0.017444960298283199 0.005969023031876913 -0.016524929124544362 0.0050190567878926522 -0.023054446648296905 -0.00057372461967537152 -0.022470370100359807 -0.026344772163409875 0.0047310694855479734 0.018462940393858457 -0.01094073877762961 -0.046012686079381505 -0.015012775849829206 0.012133372980152988 -0.010680405117707048 -0.0076219262363183887 -0.0032062691701229503 0.01194744296847914 -0.014086319164019855 0.013475320402892533 0.0031315686714421392 0.018361293949647646 0.0059818541556400416 0.018632076733314452 0.0089248749009565188 -0.027259357392624903 0.015147789323536392 0.016834809347455685 -0.00072137116636045661 0.0036107207334675063 -0.031140687659653214 -0.0017118483666954368 -0.0030270923709218981 0.024657370014804822 -0.0061295676829695341 -0.011158581123615315 -3.7888628976535901e-05 0.026190590835594534 -0.029762589011155357 -0.030710970822421652 -0.028847176916033817 -0.014184949282763318 0.0096575426543865049 0.016646589244024988 -0.045650077677186811 0.014030895955202273 0.024305050422256582 -0.0079639441686495185 0.0023920753008989629 0.021373963814546908 3.5223225738204569e-05 0.015581039417941433 -0.063663429104910255 0.053028805128467416
leaf_weight=10.975238740677012 55.475425537209958 13.532150539569555 172.62101900903508 89.918518391670659 3.4671743102371684 85.092738441715483 295.29414067522157 511.13101313903462 34.483189145103097 668.01517607620917 160.13395617762581 22.219672459643338 13.293597395182585 476.77683268988039 28.062971574836411 161.61456645134604 339.43220529984683 48.673158552497625 30.988925528246909 4.7670908612199119 19.032450939062983 24.367086505168118 232.85113639576593 512.22562442830531 319.55041140830144 18.907256422564387 16.206891249516048 32.694380649365485 49.080721215344965 57.499110190663487 45.879842961672693 37.525560778565705 22.394938953686506 13.875154510140417 11.934617636725305 8.5897234487347287 659.1113509478746 48.439483746886253 10.128143185283987 608.39920382597484 68.269187663216144 9.367538439575581 229.83569316891953 214.76781279913848 35.022706989198923 4.3715844932012251 4.3175278436392537 10.842950881458817 8.866893024183808 10.841906624846159 459.86196009954438 13.344086142489685 6.0621895492076856 2.5558157647028565 8.5735644688829762 60.74141131946817 63.581154725281522 50.508716891519725 10.251734259538354 18.270120540866628 2.3056183485314241 1.9388688355684269
leaf_count=221 686 129 844 1391 14 2864 7176 4461 335 3780 13998 193 404 6478 1043 21344 2009 269 458 36 153 334 8014 13871 5516 103 400 247 538 337 548 146 152 132 100 96 12628 375 194 8156 1052 137 5275 7978 735 40 67 242 89 77 2521 101 51 15 49 663 537 246 96 143 24 6
internal_value=-4.07368e-11 -0.0110598 0.000966568 0.00315246 0.0024488 -0.0171224 -0.00210319 -0.000540689 0.00422328 0.00280798 -0.0118515 0.00416193 -0.00195952 0.00243949 -0.00504621 -0.0246118 0.000817577 0.00731947 -0.00191871 0.0056251 -0.00660695 -0.00409544 -0.00624024 -0.00733628 -0.00144836 -0.00410262 -0.00657939 0.00434082 0.00878651 0.0113479 -0.00279487 0.00642111 -0.00207249 -0.0094454 -0.00368699 -0.00281039 -0.0011629 -0.00639823 -0.00100049 -0.00219373 0.00558223 0.000313276 -0.00411419 -0.00826066 -0.00911699 -0.00783494 0.00573956 -0.0113824 -0.00464069 0.0082875 0.00758687 0.00373228 -0.00322212 -0.0279507 -0.000643931 -0.00353116 0.00780766 0.00945303 0.0149726 0.00448447 -0.0116603 0.0027458
internal_weight=7269.16 584.23 6684.93 3904.58 3731.96 417.816 2780.35 1816.14 2660.88 1826.13 245.227 166.413 1071.08 987.908 964.216 172.59 1070.08 834.745 79.1731 756.053 46.1945 828.228 532.934 589.19 375.026 75.706 561.127 48.9013 120.112 106.58 300.083 709.858 41.4274 56.7987 42.9235 981.164 672.405 308.759 730.647 618.527 112.12 77.6367 275.716 260.319 251.729 46.3011 672.333 41.9295 31.0866 755.571 706.898 247.036 91.2771 8.61801 82.6591 74.0855 155.759 144.917 81.3362 30.8275 12.5574 36.9616
internal_count=140317 39995 100322 46273 45429 38427 54049 32286 21816 16217 16862 1568 23613 10939 21763 21565 11883 5599 807 4334 341 21347 14171 15561 6202 793 14518 647 1004 875 6157 3993 305 690 558 22222 13032 9190 9874 8350 1524 1189 5823 8815 8719 564 3847 524 282 4792 4523 2002 879 66 813 764 1123 1046 509 263 120 741
is_linear=0
shrinkage=0.03


Tree=39
num_leaves=63
num_cat=0
split_feature=0 10 10 4 0 0 10 4 5 1 10 5 0 11 2 1 6 4 0 4 1 0 4 0 4 10 5 6 5 4 2 0 3 3 6 3 11 0 4 5 0 5 11 0 10 11 11 2 11 11 6 0 9 6 9 0 11 3 4 10 4 10
split_gain=81.0895 53.5572 48.996 38.9513 26.6053 17.4569 14.1762 18.9595 14.2685 12.7183 12.6118 9.32065 9.03725 8.03995 8.88825 8.18172 10.2794 7.88654 7.67144 8.36327 8.71339 7.63588 7.34476 7.30908 6.96568 6.86908 6.66917 10.7671 8.52335 6.44939 6.30465 6.15402 7.40355 6.50962 6.89462 6.56362 6.137 6.13104 7.86021 6.10956 7.31291 6.10341 6.1984 6.23542 5.99245 5.94334 5.91081 5.9097 6.72871 8.17927 8.12094 7.04067 9.00913 6.97082 5.98369 5.73999 6.68305 5.715 10.6076 8.34926 5.68382 5.6765
threshold=0.5934351682662965 6.9809845790130192 6.3071835403242495 3514.5000000000005 0.97619104385375988 0.26258775591850286 4.6298509007569537 7264.5000000000009 3.9435993215326381 237.50000000000003 7.1572056814289775 3.9963265940970101 1.0489733219146731 4.575187969924813 3.1242490186038578 925.50000000000011 0.82006162594475207 706.50000000000011 1.0550453066825869 6896.0000000000009 434.50000000000006 0.81980663537979137 6614.0000000000009 0.9139937460422517 29424.500000000004 6.3252510118282403 3.9539109144387941 0.77695542054782607 3.944187960877731 5375.5000000000009 2.7764857035245751 0.9343937635421754 0.77058020430616736 0.80323390459402033 0.8298651490961847 0.82114168615190652 3.8631777408718242 0.41077405214309698 54212.000000000007 3.9915660740319692 0.85368806123733532 3.691564838827754 4.3984787166027912 1.0965285301208498 6.3216667670889342 4.7500191307009496 4.7081773618538332 4.4290293040293056 4.1501430571930689 4.165179755184087 0.7969513554969393 0.85082200169563305 1.5000000000000002 1.0039728935540719 45.500000000000007 1.1902310848236086 4.4128614122880192 0.68470398080948736 1512.0000000000002 2.524928003624769 2224.5000000000005 6.9410703201310193
decision_type=2 2 2 2 2 2 2 2 2 2 2 2 2 2 2 2 2 2 2 2 2 2 2 2 2 2 2 2 2 2 2 2 2 2 2 2 2 2 2 2 2 2 2 2 2 2 2 2 2 2 2 2 2 2 2 2 2 2 2 2 2 2
left_child=1 5 6 -4 10 -1 26 17 31 24 11 13 -10 14 15 25 -17 -8 19 -19 -21 -16 41 -13 -7 -5 28 -28 47 57 -22 -9 -33 -34 -35 -36 -27 38 -3 -23 -41 42 43 -6 -24 -20 -12 48 -2 50 -50 52 -51 54 -53 56 -55 58 -29 -59 -52 -15
right_child=2 37 3 4 22 9 7 8 12 -11 46 23 -14 61 21 16 -18 18 45 20 30 39 44 -25 -26 36 27 29 -30 -31 -32 32 33 34 35 -37 -38 -39 -40 40 -42 -43 -44 -45 -46 -47 -48 -49 49 51 60 53 -54 55 -56 -57 -58 59 -60 -61 -62 -63
leaf_value=-0.023229959308355037 -0.010634382290177805 -0.00071402025697609014 0.017297271053426651 0.036428110010336835 -0.03476539625969903 -0.004395896897178694 0.033027124140953712 -0.010282459510708667 -0.0026520645627640619 -0.021906250007539783 0.0033947628222410569 -0.006066952467857243 0.0061329857144309784 0.012033543726890234 -0.0055796999668674139 0.041126967222236042 -0.027499001060349519 -0.00050187595563408092 0.0066687889381509512 0.018636258912249296 0.038296884499732557 -5.4955380924703887e-05 0.022454797063473551 0.00065385836083367511 -0.015142675519615619 0.018463104298872681 0.022673933860081288 0.028653062622497619 -0.037632050196804274 -0.013825363596157362 -0.027398014643091412 -0.0097370301353405433 0.013958425670959528 -0.025363207079087777 -0.031875560178868653 -0.00012005658501519271 0.0022916074874080672 -0.0033688583901659822 0.014305322770256276 0.036425564471066881 0.0057334572233289655 0.011832505174259251 0.026511563853141549 0.013195594269862327 0.0045554022690715412 -0.039965852552379937 0.015633345048985278 -0.035778843058380298 0.052787445061826359 0.021625397892256454 0.02584721462036936 -0.013026727927566666 -0.027837091459630703 -0.011835592539014299 0.049419814003813158 0.03100558479840736 0.022204331600658826 -0.031107779219168546 -0.0092064588755769571 -0.0011614169744922865 -0.020800667005194912 -0.019463956745308524
leaf_weight=162.32365355524234 219.57151012611575 59.883913398603909 169.44604392582551 8.7219808408990485 7.4974697083234769 167.39247219904792 7.3054630812257519 255.61744509392884 328.47566837631166 76.053303016582504 582.33283319929615 414.28856579051353 155.17340078321286 77.069124371395446 230.85159272816963 2.4236745382659128 10.366752258501945 741.46063266100828 257.01644077780657 38.446915303356946 1.6240808209404329 472.96957702434156 17.078016446204856 224.57942973927129 80.3302527879423 34.392738845665008 15.046153041534124 14.972698704805227 8.8214093144051713 43.45986305817496 6.9025889099575579 133.03026969335042 24.074423462618142 11.261893598828463 6.0594309857115141 176.20479172002524 54.728107741568238 82.624625424621627 65.83761871419847 8.5096657057292742 39.042167796287686 222.16573808249086 3.5221574935130766 3.6164746023714542 1174.9893609175924 2.4833134412765494 37.823075897525996 6.67314659198746 4.4793557098601005 16.315521776443351 4.9576185611076635 82.771190226543695 4.1589652213733634 17.398159160977237 1.4044359959661949 6.0071139067877075 7.3981701731681815 9.1003410788252932 11.997553653549401 105.73985441355035 4.4707868783734739 5.5182912957388899
leaf_count=20410 4613 886 830 53 74 7524 30 10238 6215 6774 4107 11386 1200 1290 6186 24 145 11002 2318 526 13 6190 105 2675 7779 316 195 156 267 1217 115 3396 423 250 96 3229 686 1188 402 58 311 1122 28 17 7626 47 218 293 24 240 59 2243 145 390 4 51 164 227 389 1893 120 119
internal_value=-3.59703e-11 -0.0097464 0.00103621 0.00323789 0.00258206 -0.0152007 -0.00203009 -0.000901375 -0.00367655 -0.0111753 0.000514629 -0.000905698 0.000166521 0.000987185 0.000130488 0.00806937 -0.014495 0.00196494 0.0017484 0.000275819 0.0125515 -0.00103844 0.00577048 -0.00370441 -0.00788081 0.0110191 -0.00617079 -0.00173243 -0.00848353 -0.00371451 -0.0148851 -0.00674244 -0.0041617 -0.00075321 -0.00258332 -0.00117578 0.00853237 0.00297927 0.00715128 0.000975606 0.011226 0.0105963 -0.00816837 -0.0191589 0.00481184 0.00622251 0.00414119 -0.00779895 -0.00729286 -0.00238059 0.0195286 -0.00463012 0.0115781 -0.00751635 -0.0119848 0.00469454 -0.00167953 -0.000615898 0.0118115 -0.00353447 0.0037276 0.00992896
internal_weight=7226.26 694.446 6531.81 3801.93 3632.49 486.1 2729.88 2145.14 1089.9 323.776 2203.62 1583.46 483.649 944.594 862.006 110.633 12.7904 1055.24 1047.93 788.434 46.9736 751.373 1428.87 638.868 247.723 97.8428 584.744 200.316 384.427 185.27 8.52667 606.248 350.631 217.601 193.526 182.264 89.1208 208.346 125.722 520.521 47.5518 236.802 14.6361 11.1139 1192.07 259.5 620.156 375.606 368.933 149.361 13.9078 135.454 20.4745 114.979 84.1756 30.8034 24.7963 141.81 26.9703 114.84 9.42841 82.5874
internal_count=140317 44963 95354 43566 42736 42487 51788 39098 25047 22077 33764 29439 7415 15378 13969 1224 169 14051 14021 11656 654 12745 8972 14061 15303 1055 12690 4077 8613 3882 128 17632 7394 3998 3575 3325 1002 2476 1288 6559 369 1241 119 91 7731 2365 4325 8346 8053 3440 203 3237 385 2852 2247 605 554 2665 545 2120 179 1409
is_linear=0
shrinkage=0.03


Tree=40
num_leaves=63
num_cat=0
split_feature=0 10 10 4 0 10 10 0 4 4 4 4 0 1 0 4 4 4 6 11 6 0 2 0 0 10 1 10 4 10 6 10 5 11 6 10 10 1 10 4 4 3 11 5 10 3 3 0 3 6 6 3 2 11 4 5 5 6 1 11 6 0
split_gain=76.6806 51.2456 43.2443 39.0225 30.1204 16.9224 13.7606 18.7525 11.8872 10.0928 9.9828 9.81656 9.75077 8.95667 8.53077 8.27941 7.66908 7.54133 7.15264 9.47527 8.13657 7.1462 8.07554 6.90307 10.0392 6.87599 7.69027 6.90997 6.57941 6.94332 6.55128 6.27144 6.24911 6.77871 6.15006 6.09332 5.95169 5.92762 5.86954 5.67266 5.64837 6.00314 5.56444 5.55653 5.50882 5.47351 7.55742 5.9752 7.45643 5.75109 5.44651 5.43239 5.40425 6.22254 5.61269 5.37475 5.36538 8.13009 6.91051 6.90222 5.7603 6.23848
threshold=0.5421368181705476 7.0854786740153477 6.3071835403242495 3120.0000000000005 0.86198595166206371 5.8707073513045964 5.2729864091469238 0.9343937635421754 12329.000000000002 26056.500000000004 2916.5000000000005 12507.500000000002 1.0077064037323 20.500000000000004 0.41077405214309698 7805.0000000000009 2684.5000000000005 23754.000000000004 0.9781808333649068 3.866792748155532 0.97456635066956965 0.86445453763008129 3.2175070204115852 0.77502173185348522 0.74544954299926769 3.2769667020129059 1707.0000000000002 4.7140145363037149 11851.500000000002 7.4573136929988291 1.0326803174210952 7.1348752960152666 4.0157280648804488 3.866792748155532 1.1993854077450534 4.6298509007569537 7.1925524824479465 171.50000000000003 4.3882378946731615 54212.000000000007 31341.500000000004 0.42924616824828549 4.4958928631957162 2.9546192980335042 5.4680512393485436 0.7265429081206759 0.54782774642871102 1.0033400654792788 0.73846567236202942 0.94378559788510308 0.96390774924329892 0.47294095794040064 4.5220779220779228 4.2886921018407369 44676.000000000007 4.1337901208034502 3.9500656148329587 0.77362231662488667 1025.0000000000002 4.285113629132101 0.8872305070480333 0.72585380077362072
decision_type=2 2 2 2 2 2 2 2 2 2 2 2 2 2 2 2 2 2 2 2 2 2 2 2 2 2 2 2 2 2 2 2 2 2 2 2 2 2 2 2 2 2 2 2 2 2 2 2 2 2 2 2 2 2 2 2 2 2 2 2 2 2
left_child=1 5 6 -4 13 10 16 17 28 -7 44 -10 31 -5 39 32 34 23 20 -20 36 22 -19 24 -8 -18 43 35 29 -6 -21 55 -9 -34 37 38 50 -2 -28 -3 41 -15 -35 -27 -1 46 -33 48 49 -47 -14 -17 53 54 -16 -13 60 58 59 -58 -45 -62
right_child=2 14 3 4 8 9 7 15 11 -11 -12 12 18 40 52 51 25 21 19 30 -22 -23 -24 -25 -26 26 27 -29 -30 -31 -32 45 33 42 -36 -37 -38 -39 -40 -41 -42 -43 -44 56 -46 47 -48 -49 -50 -51 -52 -53 -54 -55 -56 -57 57 -59 -60 -61 61 -63
leaf_value=-0.014905234973529427 0.0081661330945063844 0.00066156248392473826 0.017747493839242543 0.0072533001022636731 0.0058104540780508458 -0.0028884984682299476 -0.0026804358467975445 0.0031585148277472898 -0.031455639316199588 -0.01555789963897237 -0.025382802351758882 0.0010188157315985961 0.0045743423708949028 -0.022073130239983387 0.003839287748379808 -0.020595934289429997 -0.021791574849854306 0.0030224597768770184 -0.053779242247892795 -0.016052841449785655 0.029062932645721167 0.0010512861509848986 -0.016867153620008065 -0.0049092510372635212 0.013257302199399338 0.012906969484653015 0.014286031964007941 -0.016995376064292682 0.02184355761621851 0.017165075455897592 0.0083151280163019647 -0.0017942966218620667 -0.014163708498295626 0.016488110915874116 -0.027519262888056274 0.04991407422181119 0.011204445927337598 -0.0025526424635529447 -0.028751342830018019 0.013851538485760782 -0.0061564595723303927 -0.00082840366164659408 -0.020261242104486599 -0.015107529420802155 0.026181290066732536 -0.054695933733447499 0.013251450520139816 -0.027618928096857721 0.0031986575297926431 -0.00045136961453037144 -0.029656102938593349 -0.00025994142631559109 0.024961607486245856 -0.02930610839002263 -0.025481514585341227 -0.0047480494810325236 -0.015826022313813838 -0.0056551287443400589 0.040951757113867615 0.029342595016820554 -0.028244749764073419 -0.0058555840098568988
leaf_weight=6.7096899445168656 54.641555635025725 53.108837100677192 154.3139876825735 87.699877827428281 763.41191586677451 87.790340475272387 107.04347620159388 495.60051917261444 7.546513879671692 159.23370644979877 157.12168839090737 510.52761420304887 544.84717292862479 12.193386756698599 23.616079265717421 12.096423556562511 27.094209705828689 22.280396706773899 3.4821564694866529 17.47551212599501 13.713976914994417 40.814863133942708 104.73913655232172 347.63914748956449 53.273108545923606 12.008118948666377 21.597074236720808 8.4132125074975175 26.062883286736906 51.754956994205713 22.995625438634306 42.774903835728765 8.1184282349422556 73.902019902598113 8.0089762025745568 3.689836762379854 141.86923969257623 309.1164598907344 3.285970509517937 65.584261572454125 302.78364855621476 655.40946506336331 3.904109430499374 120.32005193410441 5.2233829330652952 3.6109577659517518 100.96984951919876 6.330311292782425 180.28651819913648 3.4299286380410194 4.215832677204161 521.73983629851136 4.2920213802717617 11.426813321653752 7.8218223794829091 203.40354898199439 7.4955322593450564 133.89369697950315 6.3196968506090334 5.1277676115278155 11.807196448906323 218.05772414477542
leaf_count=182 670 602 712 1341 5294 2959 2279 4949 155 14243 21515 7000 3272 403 207 247 1042 791 29 159 48 1021 6564 7467 739 296 216 144 182 210 153 292 53 393 154 13 564 5376 54 402 9067 12548 47 3523 45 19 571 32 1071 24 67 7526 41 161 190 2761 183 3258 35 84 785 5887
internal_value=-6.37253e-12 -0.0104397 0.000920043 0.00296597 0.00235062 -0.0160603 -0.00196087 -0.000412414 0.00405983 -0.0110553 -0.0233737 0.00268875 0.0028319 -0.00192806 0.00366111 0.00197695 -0.00487768 -0.00435596 0.00544863 -0.00629277 0.00618101 -0.00986926 -0.0133783 -0.0025343 0.00261567 -0.00703635 -0.00631213 0.00690123 0.00700576 0.00653136 -0.00220701 0.00096867 0.00445342 0.0119223 -0.00151507 0.0139375 0.00572684 -0.000942532 0.00860266 0.00794973 -0.00275783 -0.00121643 0.0146441 -0.00726102 0.00307929 0.00433913 0.00877421 0.00104713 0.00201584 -0.028271 0.00431151 -0.000720743 -0.00713329 -0.0103469 -0.0034558 -0.000624201 -0.00774247 -0.00305258 0.0153429 0.00252213 -0.00978936 -0.00700562
internal_weight=7185.07 581.929 6603.14 3861.11 3706.8 416.079 2742.03 1791.15 2648.71 247.024 169.055 1807.48 1799.93 1058.09 165.85 1115.36 950.877 675.79 748.6 43.9533 704.646 167.834 127.02 507.956 160.317 579.11 552.016 36.9861 841.23 815.167 40.4711 1051.33 581.525 85.9246 371.767 28.5729 690.932 363.758 24.883 118.693 970.387 667.603 77.8061 515.03 11.9331 337.402 143.745 193.658 187.327 7.04089 549.063 533.836 47.1567 42.8647 31.4379 713.931 503.022 152.837 18.943 12.6233 350.185 229.865
internal_count=140317 40547 99770 45974 45262 38944 53796 32076 21903 17202 21742 16217 16062 23359 1603 13215 21720 18861 4292 341 3951 8376 7355 10485 3018 15520 14478 427 5686 5504 312 11770 5442 493 6200 283 3903 6046 270 1004 22018 12951 440 14051 227 2009 863 1146 1114 43 3339 7773 599 558 397 9761 13755 3560 302 267 10195 6672
is_linear=0
shrinkage=0.03


Tree=41
num_leaves=63
num_cat=0
split_feature=0 10 10 0 10 4 0 10 4 4 4 1 4 10 10 4 1 1 10 0 5 4 1 2 0 10 11 4 5 1 2 10 10 11 5 10 10 0 6 6 2 6 2 10 4 2 2 0 1 2 2 11 1 5 3 11 11 6 3 4 10 2
split_gain=73.4043 48.6004 42.464 30.9061 20.1057 17.1384 16.3487 11.9108 9.18493 9.49393 9.01733 8.44574 7.97937 7.55141 11.1435 10.5953 7.68631 7.21373 7.08013 6.9962 6.40778 6.72412 8.57725 7.95009 6.98385 7.97781 6.30637 6.28651 6.17895 6.17612 8.35036 8.06803 6.2695 8.74508 6.10069 7.00584 5.97378 5.91623 5.87009 10.4989 5.97881 5.84999 5.86765 5.7603 7.95058 8.08752 8.10236 6.12194 5.88879 6.35555 11.0538 5.63037 5.62316 5.58928 6.21513 5.58821 10.5904 6.1989 8.72463 5.57116 5.45618 6.94302
threshold=0.65099284052848827 6.7487567987550685 5.4271478232179229 0.87482494115829479 7.3849183426978353 2167.0000000000005 0.26258775591850286 7.2121962936013082 64529.500000000007 31803.000000000004 4334.0000000000009 287.50000000000006 1608.0000000000002 6.4353484435784418 6.4808108456015434 7724.0000000000009 601.50000000000011 554.50000000000011 7.4871145297941801 1.051822364330292 3.6746174458021046 18878.500000000004 43.500000000000007 3.4546993638415766 0.88502702116966259 6.3216667670889342 4.0484527445734342 15409.500000000002 3.691564838827754 395.00000000000006 3.923183563202048 6.2652994055664939 6.1047832673922153 3.9867278355899085 3.590939698111447 5.8021138116885078 6.3927539336716181 1.0322186946868899 0.75500320772010088 0.75689947191989082 3.5781474521940981 1.0553871577644773 2.7764857035245751 3.8393944990995772 2684.5000000000005 3.0839652025589541 3.2794849785407729 1.0876380205154421 860.50000000000011 3.5493763109742495 3.8862050739957721 3.7612681959841043 66.500000000000014 4.0433932214320656 1.324149523537195 4.1817060493085512 4.125003052503053 0.91518211215892442 1.2195105771206622 31291.500000000004 7.08965930037769 2.6309892337616092
decision_type=2 2 2 2 2 2 2 2 2 2 2 2 2 2 2 2 2 2 2 2 2 2 2 2 2 2 2 2 2 2 2 2 2 2 2 2 2 2 2 2 2 2 2 2 2 2 2 2 2 2 2 2 2 2 2 2 2 2 2 2 2 2
left_child=1 6 27 7 5 -5 52 12 9 17 -6 -8 -4 19 -15 16 28 53 -11 20 34 29 -23 -24 -25 -26 -27 41 -16 30 37 32 -31 -34 35 -7 -32 -22 -17 40 -40 43 -43 47 55 -46 -47 -2 -49 -50 -51 -44 -1 -3 -55 56 57 -45 -59 -14 -41 -62
right_child=2 8 3 4 10 13 11 -9 -10 18 -12 -13 59 14 15 38 -18 -19 -20 -21 21 22 23 24 25 26 -28 -29 -30 31 36 -33 33 -35 -36 -37 -38 -39 39 60 -42 42 51 44 45 46 -48 48 49 50 -52 -53 -54 54 -56 -57 -58 58 -60 -61 61 -63
leaf_value=-0.017910254235251798 -0.012682987038827868 0.00051762629208848814 0.011930283492314623 0.012232334726722267 0.028258688181841941 -0.012175978162437505 -0.0087005904745565809 0.0041041306073723097 0.011239047292892377 -0.0099513145365113936 0.0096177386380392783 -0.020487444024328644 -0.0023533107986840446 0.011821808773431777 -0.014417363850333638 0.011660555385406557 0.017832574402096162 -0.040862763921802103 0.00985909322269783 0.0038420061292674932 -0.0030631365579984228 0.027664595959246085 0.0036761419426554363 0.01924269218582926 -0.0078694003265472531 -0.053198921448373307 -0.017661095650964461 -0.014114377445489601 0.0066767152577393339 0.0052594821007844426 0.0065937829740112487 0.014993358780310929 -0.032744370422559767 0.0025457616222198695 -0.015346655438163782 0.0014539115598011189 -0.016499533880735249 -0.023963832472162803 -0.0024054563321418004 0.00070650462694656297 -0.043143988599237744 -0.034821377680481248 -0.045708746568197955 0.0074622773221199069 0.0037910523765686981 -0.018229658128450364 -0.0053270832504161919 -0.015984572087552482 0.0088533932829581146 -0.033437163951716149 0.011331844132042452 0.0047361467109798012 -0.030110474023439186 0.016225963714435847 -0.037977556371099307 -0.0049456216831378717 0.026090135305796038 -0.014441770556858238 0.029824295794417414 -0.0077951923683958479 -0.039423785575059815 0.0052564997881291795
leaf_weight=73.275035233004019 138.61982055252884 104.62171394465258 31.491854033432901 171.53439807705581 25.721669314429164 48.640675643808208 256.69011911095004 265.09311558003537 54.523216751869768 130.90447504143231 253.85880775842816 69.532809704309329 893.08457925834227 141.27288303314708 13.042729180073364 54.056487119290978 56.363173988182098 3.2692334703169754 18.535736139863729 465.48970084032044 170.46219582878985 7.2628837232477954 56.77214823034592 6.96774545055814 93.009227885282598 6.3558686124160912 15.342033700319005 56.268089224933647 299.16857575858012 125.21144110616297 141.31053023773711 65.993942942470312 10.111620524898173 16.852607123553753 43.335038583958521 112.30404772353359 10.855834796559064 13.127645723056046 5.8195013916119915 1038.6141736209393 7.3210916288662702 3.6549508450552812 2.0284952372312537 64.029580647358671 75.816686216043308 49.691993161570281 369.59732077887747 21.369301323895343 42.251379377907142 10.231818986008877 9.6403435058891755 108.71100804244634 63.435858250886668 39.03053858387284 2.0015036698896429 65.289430187083781 19.665423931088299 29.324832613347098 4.6415299009531727 208.92061313206796 3.1560128247365347 381.33621373097412
leaf_count=8441 3911 1767 166 1059 96 1362 17332 1925 344 4576 1074 6361 18736 1086 150 345 219 76 92 3946 2289 61 685 133 1690 91 233 2818 1618 1261 1947 380 153 136 869 1635 185 152 71 10546 149 88 41 765 1246 972 9624 507 477 235 128 1720 10964 495 35 1239 219 593 34 8281 30 2458
internal_value=-1.99262e-11 -0.00846956 0.00109155 0.00220028 0.00358447 0.00297955 -0.0148625 -0.00162063 -8.29619e-05 -0.00215196 0.0113327 -0.0112129 -0.00295949 0.00251405 0.0036992 0.00308189 0.00763624 0.00320878 -0.00749414 0.000832148 -0.000652156 0.000646853 -0.00429328 -0.00559398 -0.00991931 -0.0116907 -0.028071 -0.00435383 0.0057955 0.00230309 -0.000250429 0.00623287 0.00243371 -0.0106881 -0.00535548 -0.00266531 0.00494626 -0.00455765 0.00195553 0.00159025 -0.0251023 -0.00381251 0.00257776 -0.00462459 -0.00325107 -0.00522579 -0.00685623 -0.00881762 -0.0024001 0.0022727 -0.0117189 0.00381211 -0.0235713 0.00419798 0.013582 0.00209297 0.00599864 0.00196676 -0.00839278 -0.00338499 0.00183673 0.00488975
internal_weight=7145.91 815.82 6330.09 5259.26 3860.67 3581.09 462.934 1398.59 352.886 298.363 279.58 326.223 1133.5 3409.56 2000.15 1858.88 368.574 148.923 149.44 1409.41 943.915 739.636 185.71 178.447 121.675 114.707 21.6979 1070.83 312.211 553.926 335.756 218.17 152.176 26.9642 204.28 160.945 152.166 183.59 1490.3 1436.25 13.1406 1014.56 114.394 900.169 678.057 495.106 419.289 222.113 83.4928 62.1235 19.8722 110.74 136.711 145.654 41.032 182.951 117.661 97.9959 33.9664 1102.01 1423.11 384.492
internal_count=140317 50483 89834 65217 36109 34939 43098 29108 7385 7041 1170 23693 27183 33880 16672 15586 1987 2373 4668 17208 13262 9396 2893 2832 2147 2014 324 24617 1768 6503 4573 1930 1550 289 3866 2997 2132 2441 13599 13254 220 21799 1849 19950 14692 11842 10596 5258 1347 840 363 1761 19405 2297 530 2850 1611 1392 627 27017 13034 2488
is_linear=0
shrinkage=0.03


Tree=42
num_leaves=63
num_cat=0
split_feature=0 10 10 0 4 10 0 1 10 10 0 4 4 4 1 2 4 4 6 5 3 11 1 5 9 2 2 6 6 2 5 1 5 10 0 6 3 1 10 1 10 10 5 11 3 2 2 3 6 4 1 11 2 0 10 3 0 3 10 10 6 10
split_gain=70.1621 46.1625 42.0499 27.5294 18.682 17.9756 16.6913 10.83 10.0073 9.88872 9.0872 8.88137 8.87279 10.5294 7.23209 7.20605 7.01167 6.60221 6.3964 6.37552 6.3539 6.16879 7.06237 7.64192 5.9546 5.9415 8.86264 6.93996 5.91311 6.10524 5.86641 5.78618 5.79894 5.77032 5.7253 5.56745 6.9657 5.56452 5.51408 8.71364 5.43849 5.42844 5.40254 7.46342 5.39666 5.24067 7.02151 8.2439 6.00253 6.30815 8.07039 5.2097 5.11424 8.61593 6.76791 5.08597 5.02562 5.86445 6.89611 11.8779 5.32678 4.93636
threshold=0.66697707772254955 6.7487567987550685 5.4271478232179229 0.87482494115829479 7264.5000000000009 7.4342399374267485 0.26258775591850286 78.500000000000014 6.1954247594495966 7.4280360173618503 1.0077064037323 1608.0000000000002 60596.000000000007 31803.000000000004 237.50000000000003 4.1896650171298075 23754.000000000004 15409.500000000002 0.85180514821006403 3.8317718465623094 1.0151810506817431 4.3167542016806744 196.50000000000003 3.6448677074515272 1.0000000180025095e-35 3.923183563202048 3.9162146376934923 0.77362231662488667 1.0553871577644773 2.7764857035245751 4.2421622228981724 554.50000000000011 4.0433932214320656 7.2760554143373364 0.36997218430042272 0.83685894446361098 1.0346832967846893 66.500000000000014 6.4583370549748498 601.50000000000011 7.3581864408406057 5.7541473798927676 3.590939698111447 4.476650149788937 1.1524820569999437 4.7509259259259267 4.3604336043360439 0.86499380674909232 0.8949736918875778 17589.000000000004 55.500000000000007 4.7500191307009496 3.3301767223856329 1.0347417593002322 6.8469228112373832 0.91421843635385969 0.76417320966720592 0.93763145108216561 3.4498615536424366 4.6298509007569537 1.0618584135524956 3.8393944990995772
decision_type=2 2 2 2 2 2 2 2 2 2 2 2 2 2 2 2 2 2 2 2 2 2 2 2 2 2 2 2 2 2 2 2 2 2 2 2 2 2 2 2 2 2 2 2 2 2 2 2 2 2 2 2 2 2 2 2 2 2 2 2 2 2
left_child=1 6 17 7 5 11 37 18 30 12 51 15 13 31 -8 -5 19 28 -4 21 34 22 -9 -24 38 26 27 -18 61 -30 -6 32 -3 -27 -14 -25 -37 -1 -13 52 -29 -26 -23 -44 -19 46 -20 48 -48 -50 -51 -10 53 -40 -55 -7 -31 58 -58 -60 -59 -2
right_child=2 9 3 4 8 55 14 16 10 -11 -12 24 20 -15 -16 -17 25 44 45 -21 -22 42 23 35 41 33 -28 40 29 56 -32 -33 -34 -35 -36 36 -38 -39 39 -41 -42 -43 43 -45 -46 -47 47 -49 49 50 -52 -53 -54 54 -56 -57 57 60 59 -61 -62 -63
leaf_value=-0.017501397921653741 -0.008527443120418433 -0.0012090511047319515 -0.0035979095094281874 0.018785465460508903 -0.0027212319233621911 0.026945796254914289 -0.0081525080061947367 -0.016464019095063377 0.00082823691581051064 0.011002161304464596 0.0050907134071859379 0.003500281215757579 0.0084786166540404793 -0.010406085461655095 -0.017933182539140256 -0.0070642682739852419 -0.029066561455305798 -0.018232356839188463 0.0056189747754300115 0.0015743116671493044 0.023443256248168919 -0.017589411046027646 0.011000391869775509 0.01054072031813204 0.026747732463210279 -0.010081917391570593 0.026805300812095784 -0.0057039540653856628 -0.037223323070151859 0.028896928896991969 0.017787963016329591 -0.0399632309586073 0.013026862178335605 -0.031865839953149185 -0.026222723905410507 -0.010337469993170178 -0.050525600908136695 -0.029782288665331814 0.021797470855473528 0.017936067968408655 0.0081032357120707065 -0.025811587002274712 0.027891677332775668 -0.011922998223398143 0.011095186166131778 0.026134495008946285 -0.01537219677566529 -0.045411826305035909 -0.0092160884751186362 0.01981612230042459 -0.044224202183289436 0.013264585029562596 0.0046454292774519542 -0.042092001881807471 0.014588361885662307 0.01007784945362673 0.017349446811573362 0.036168140368983109 -0.026332674632728273 0.0049271788757321534 0.0060165258231023562 -0.0033458393247202283
leaf_weight=72.210842123255134 219.40064998855814 103.23679983615875 130.78360077226534 69.933404084760696 421.36480472469702 46.671177368611097 261.02513046236709 57.717693164595403 1166.7147710564313 60.550246896687895 941.06786915764678 688.51132559636608 17.595529744401578 129.70405740325805 92.029867511446355 11.269800156820564 10.625798434251918 46.481947784486692 282.70929705514573 301.2871077132877 18.949908732436597 5.9572826349176493 24.883342938264832 8.8763005845248681 2.1631639425177118 76.811822508170735 7.9665847171563646 270.81935849325964 3.3576541915535918 6.7634721458889535 12.937541995663194 2.9725533141754559 34.311675310018472 12.762149853864683 5.6540720926132044 25.198241839185361 4.5884174301754674 61.473728233802831 35.810542602092028 65.298921391367912 28.364023108035326 9.6948283568490279 13.159201833186673 6.2498351430986068 6.4278831279370925 9.5020256419666094 21.271454882458784 4.2940465984866014 17.75025162321981 21.398377608740706 1.9308556799078349 31.124597845831886 308.24477517139167 3.7454361021518698 3.8396214209496975 24.550093289464712 10.407103570876641 5.9958412451669565 20.69980532489717 23.201708507491276 43.76256533653941 673.17613451892976
leaf_count=8441 5240 1848 2432 333 7222 189 16592 1567 13046 320 5675 6526 115 4696 8343 63 200 2393 4384 4081 107 183 418 143 30 3605 128 7708 88 71 113 79 508 219 126 524 109 10964 149 264 272 229 217 173 297 94 466 66 319 297 79 336 1791 24 17 102 114 36 459 452 625 14610
internal_value=2.39013e-11 -0.00803524 0.00110572 0.00221807 0.0035109 0.00648861 -0.0141205 -0.00147605 0.00204157 -9.3834e-05 0.00288459 0.00561847 -0.00224432 -0.0042422 -0.010702 0.0151979 -0.00351299 -0.00434002 0.00208191 -0.000922591 0.0105491 -0.00605308 -0.00886739 -0.00196753 0.00492226 -0.00636136 -0.00443775 -0.00524115 -0.00379717 0.00263086 -0.00211028 0.0014472 0.00234212 -0.0131856 3.95955e-05 -0.0103136 -0.0165282 -0.0231487 0.00514908 0.00787183 -0.00439497 -0.0162236 0.00740077 0.0150711 -0.0146694 0.00415189 0.00355399 -0.00520572 -0.00243676 0.00426136 0.0145158 0.00115138 0.00600292 0.0156454 -0.0133999 0.0211314 0.00383826 0.00220966 -0.00460709 -0.00981201 0.00964977 -0.00461951
internal_weight=7107.24 859.714 6247.52 5187.85 3842.94 1269.73 486.74 1344.91 2573.21 372.975 2138.91 1198.51 312.425 270.225 353.055 81.2032 855.267 1059.67 489.64 447.917 42.1995 146.63 121.264 63.5463 1117.31 407.35 317.776 309.809 1006.76 114.188 434.302 140.521 137.548 89.574 23.2496 38.663 29.7867 133.685 1105.45 416.939 299.183 11.858 25.3663 19.409 52.9098 358.856 349.354 66.645 62.3509 41.0795 23.3292 1197.84 351.64 43.3956 7.58506 71.2213 110.83 104.067 54.3086 43.9015 49.7584 892.577
internal_count=140317 52139 88178 63793 36109 9717 44340 27684 26392 7799 19057 9426 7479 7131 24935 396 19547 24385 8137 7415 348 3334 2761 1194 9030 12132 8308 8180 21695 1845 7335 2435 2356 3824 241 776 633 19405 8771 2245 7980 259 573 390 2690 5705 5611 1227 1161 695 376 13382 1981 190 41 291 1757 1686 1025 911 661 19850
is_linear=0
shrinkage=0.03


Tree=43
num_leaves=63
num_cat=0
split_feature=0 10 10 0 4 4 10 1 4 5 0 10 4 5 4 1 4 4 10 10 6 6 1 0 5 11 5 4 11 0 5 2 4 4 6 11 2 2 1 10 6 5 2 1 2 3 1 2 6 5 5 5 0 1 10 10 3 5 4 1 2 5
split_gain=65.6572 42.7294 39.1876 30.5172 18.3377 15.3771 12.7727 11.1638 12.3591 10.2242 8.89684 8.80224 7.22912 8.86225 9.15446 8.47872 7.49494 7.16808 7.04454 6.97011 6.88243 10.6672 7.64779 6.48658 6.41578 7.09693 6.88734 6.53524 6.25975 6.10355 6.06077 6.18645 6.93138 6.05845 6.04194 5.9691 5.8125 6.45743 7.14255 5.71201 5.65889 10.4004 5.61569 10.135 5.54794 5.4837 5.47624 5.77112 5.36244 8.61581 13.4501 7.51404 7.57663 10.8274 6.61024 6.21039 7.48456 8.43659 6.14241 6.8663 7.86458 5.91276
threshold=0.5934351682662965 6.9809845790130192 5.3729582179059152 0.87740182876586925 2528.5000000000005 25305.000000000004 7.1348752960152666 25.500000000000004 3244.5000000000005 3.8889085621656223 1.051822364330292 5.8678824850335358 12040.000000000002 3.8438979232784996 11851.500000000002 860.50000000000011 12507.500000000002 15409.500000000002 6.0741952825945456 5.2067464199591091 0.9313754960684365 0.96043909197908417 50.500000000000007 0.58743643760681163 3.6288658873834749 4.2179538993720795 3.7802960918691348 20881.000000000004 3.9535384784387992 0.88770395517349254 3.7878754431521329 4.7509259259259267 5659.5000000000009 23544.500000000004 0.80235340630207119 4.2061804430088321 3.9755521402550094 4.1740777338603428 121.50000000000001 6.0544365910765219 0.99020689830029729 3.5976493878543825 3.8719504132231406 1284.0000000000002 3.3604605564148935 0.67956319862370729 98.500000000000014 3.0010526315789479 0.89501902689674295 3.9476226038663289 3.9830383364500257 3.8963573664115838 0.9139937460422517 30.500000000000004 6.3927539336716181 6.8194451588670377 1.0935801904730293 3.8840451899537194 26791.500000000004 199.50000000000003 3.7035792778649923 4.006911209665053
decision_type=2 2 2 2 2 2 2 2 2 2 2 2 2 2 2 2 2 2 2 2 2 2 2 2 2 2 2 2 2 2 2 2 2 2 2 2 2 2 2 2 2 2 2 2 2 2 2 2 2 2 2 2 2 2 2 2 2 2 2 2 2 2
left_child=1 5 17 7 9 19 10 -4 18 29 12 -7 13 15 34 20 -14 -2 28 23 22 36 -6 -1 25 -18 45 -27 -9 -5 31 32 -10 -32 -15 -11 -22 38 -38 -23 -30 -42 -12 -44 -36 -26 47 -3 51 54 -51 55 -53 -54 -50 56 -28 -58 59 60 -52 -55
right_child=2 46 3 4 6 11 -8 8 30 35 42 -13 16 14 -16 -17 24 -19 -20 -21 21 39 -24 -25 26 27 48 -29 40 -31 33 -33 -34 -35 44 -37 37 -39 -40 -41 41 -43 43 -45 -46 -47 -48 -49 49 50 58 52 53 61 -56 -57 57 -59 -60 -61 -62 -63
leaf_value=-0.023178903328202827 -0.003971266046404907 0.019153071122613968 0.0065204213420516858 0.037579838987919487 0.032126981001106517 -0.024193025207226368 0.0068381447800677873 0.01383404514646799 -0.020205712477662674 0.027044917476323389 0.0064973799144541133 -0.01379096337224325 -0.021114384746499626 -0.0049666760544487308 0.026889698960917623 -0.015726977371128142 -0.018101178809615724 -0.016339712184686897 0.013767534881416174 -0.0032777062117494244 0.017855578859054057 -0.0098988681745424047 -0.0036730494533849505 0.03053149241897261 -0.0068990314222896277 -0.014155592753634117 0.0044040797681202783 0.011883065411932401 -0.016605953953068454 0.0056244465796096085 -7.5941109786351597e-05 0.035322324664374787 -0.0059323886374404704 -0.0045484315984918701 0.011973758768401082 0.01074662950825336 -0.052895991323339095 0.012761228823341127 0.00023489870853314471 0.0040527035763537065 -0.034717274253187928 0.032260166754032996 0.0018624818079300948 -0.058275619424956633 0.0041492386543223988 0.012779893187105814 -0.011173766919948617 0.0023781108724030358 -0.00054789233667696421 0.019769343571471667 0.026590686314470001 -0.0084556251177361087 -0.038882965163074316 -0.0044009649158077233 -0.019423612485643362 0.013783802253495138 -0.041556727560013038 0.026216163136730444 0.001239790338464229 -0.021339092921777936 -0.011658547236454713 0.0029026051072775201
leaf_weight=28.051230504061099 958.72423740278464 20.907665902515873 138.57306857977528 5.5933016436174503 5.5107939965091637 120.90385137384874 603.39858313370496 16.440354887396097 37.237384472042322 47.129045310430229 542.52076421410311 185.61568742821692 15.671731668524442 50.750456921057776 17.556700329296291 29.367498406209052 36.891762312036008 44.111420891073067 63.177277999930084 127.11719738456304 61.399195638019592 42.104299907805398 210.89856581832282 2.1810210281983009 15.938028932549058 15.203848700737579 90.934026910807006 20.201343199238181 23.822971926536411 140.69193201162852 542.36316490184981 2.9442385998554519 172.3197121185367 548.0142960762023 105.7191940327175 35.426050981041044 3.4376761438325065 16.268600325565785 6.7457702206447721 70.859556179959327 3.0761636300012452 6.4863183666020632 289.7117945223581 2.5442674532532683 356.83576965844259 63.597294186241925 23.120518438052386 157.52062215236947 25.631237727589905 25.01664060447365 7.1098338952288058 95.2052123749163 6.1483108627144238 131.22804165259004 47.906155911041424 64.663804729585536 6.5950859754811955 2.2060536658391356 74.907262174645439 30.59547559497878 15.141531966393812 416.04421953682322
leaf_count=1595 21151 145 2001 34 38 19766 3134 200 914 210 3657 16778 263 631 94 280 836 2610 427 4319 511 950 3103 29 327 413 1060 388 542 1207 8643 47 6696 15490 622 181 25 148 81 845 79 62 2397 35 2724 834 566 1765 509 214 67 1859 84 1447 803 558 108 23 964 449 263 4116
internal_value=-4.00789e-11 -0.00896941 0.000931312 0.00194173 0.00337375 -0.0139805 0.00285345 -0.00160624 -0.0024016 0.0116099 0.00205706 -0.017894 0.00105029 0.002968 0.00558805 -0.00014644 -0.000502933 -0.00451531 0.00711558 -0.00635693 0.000950239 0.00495012 -0.00276141 -0.0193041 -0.000231755 -0.00889318 0.000327913 0.000701434 -0.00131885 0.00684628 -0.00322706 -0.00786196 -0.0084687 -0.00232378 0.00485947 0.020051 0.0127906 0.00103405 -0.0177008 -0.00114738 -0.00878075 0.0107141 0.00469141 0.00133894 0.00593757 0.00883645 0.00256367 0.00434375 -0.000323206 -0.00440759 -0.000346406 0.000813697 -0.000638276 0.000706547 -0.0128445 0.00654236 0.00184734 -0.0245691 -0.00428545 -0.0121171 0.000562981 0.00115131
internal_weight=7074.02 665.418 6408.6 5405.76 3851.31 463.869 3622.47 1554.45 1415.88 228.84 3019.07 306.52 2184.29 977.454 530.862 446.592 1206.84 1002.84 113.003 157.349 417.224 200.815 216.409 30.2323 1191.17 72.297 1118.87 35.4052 49.8258 146.285 1302.88 212.501 209.557 1090.38 513.305 82.5551 87.8512 26.452 10.1834 112.964 33.3855 9.56248 834.777 292.256 462.555 79.5353 201.549 178.428 1039.33 226.308 152.771 813.025 648.626 553.421 73.5374 164.399 99.7352 8.80114 127.754 52.8468 22.2514 547.272
internal_count=140317 44963 95354 71593 36492 42487 34860 35101 33100 1632 31726 36544 25637 10052 4071 5981 15585 23761 1310 5943 5701 2560 3141 1624 15322 1637 13685 801 883 1241 31790 7657 7610 24133 3977 391 765 254 106 1795 683 141 6089 2432 3346 1161 2476 1910 12524 3269 1957 9255 7506 5647 1312 1749 1191 131 1743 779 330 5563
is_linear=0
shrinkage=0.03


Tree=44
num_leaves=63
num_cat=0
split_feature=0 10 10 0 10 0 4 10 1 2 4 0 4 4 10 4 5 11 0 2 11 11 6 1 5 3 1 0 5 10 4 10 0 6 3 1 10 4 10 2 5 3 0 0 11 4 0 3 0 10 5 3 3 11 0 2 1 5 0 11 1 2
split_gain=63.1003 42.462 39.2482 22.3909 16.551 15.6943 14.1936 9.53792 9.50089 8.21842 7.84937 7.4119 7.17244 9.52423 7.13945 7.31393 6.52152 7.06887 8.49099 7.52262 6.65603 13.4289 9.95691 8.81413 7.77444 6.75657 6.44958 6.33582 6.13197 6.09551 5.96487 6.84583 5.93385 5.85453 5.82529 5.74928 6.05617 6.5677 5.89528 6.82764 5.72827 6.61653 6.68458 6.89428 6.23134 5.66426 5.55157 6.33248 5.71484 6.10141 5.55524 6.24178 6.23016 5.53665 5.88902 5.46984 5.41348 5.26415 5.22328 5.12544 6.41119 5.12103
threshold=0.66697707772254955 6.7487567987550685 5.4271478232179229 0.87740182876586925 7.3849183426978353 0.26258775591850286 2167.0000000000005 7.4280360173618503 126.50000000000001 4.0665501165501174 4334.0000000000009 0.97619104385375988 60596.000000000007 31803.000000000004 5.9699846998879149 6614.0000000000009 3.8687948354831319 4.4029554184373989 0.99199840426445018 4.1528137593552108 4.165179755184087 4.0893012638702304 0.92296539553083601 256.50000000000006 3.6859920125248862 1.02091718941107 237.50000000000003 0.88770395517349254 3.7349156822235732 7.2121962936013082 2684.5000000000005 3.2769667020129059 1.1469420194625857 1.1993854077450534 1.0151810506817431 1859.0000000000002 4.7140145363037149 11647.500000000002 4.6298509007569537 3.5553368328958883 3.7484861908835394 0.62804627038576288 1.0102434158325198 0.998887598514557 3.8333654043513961 37404.000000000007 0.85082200169563305 0.5532471949433968 0.8425346612930299 2.8029010331479989 3.5976493878543825 1.2966208818720983 1.0684649245088083 4.5935279667422533 0.9608236849308015 3.6740646766169158 66.500000000000014 3.9950572238212492 1.1278747320175173 3.8385603171301113 317.50000000000006 4.0430671088129504
decision_type=2 2 2 2 2 2 2 2 2 2 2 2 2 2 2 2 2 2 2 2 2 2 2 2 2 2 2 2 2 2 2 2 2 2 2 2 2 2 2 2 2 2 2 2 2 2 2 2 2 2 2 2 2 2 2 2 2 2 2 2 2 2
left_child=1 5 30 8 6 56 27 12 29 -10 -6 53 13 -3 28 16 20 19 -19 -18 21 22 -16 24 -22 -23 -7 -5 -13 45 33 -32 -12 46 -14 -33 38 -38 39 -37 -30 42 43 -42 -43 -4 48 -48 49 -2 -51 52 -52 -8 -55 -24 -1 61 -39 -44 -61 -20
right_child=2 7 3 4 10 26 11 -9 9 -11 32 14 34 -15 15 -17 17 18 57 -21 23 25 55 -25 -26 -27 -28 -29 40 -31 31 35 -34 -35 -36 36 37 58 -40 -41 41 44 59 -45 -46 -47 47 -49 -50 50 51 -53 -54 54 -56 -57 -58 -59 -60 60 -62 -63
leaf_value=-0.016939952124937381 -0.033549188383771751 0.0014158936299909722 0.00070834916818078271 0.038172436432404359 0.026905013214960385 -0.0078878738924517706 4.6712694653429108e-05 0.010788113138231987 -0.0028892042206383694 -0.01673786123300856 0.0080906212265886811 -0.0049372015276555594 -0.0010217333104438348 -0.0099436696433141819 -0.0096440690580166643 0.00328396562378364 0.012828656822747328 0.027350162434909276 0.026826995772057719 0.037155791097986945 -0.023503340517344148 -0.030031030196485255 0.0054570837990028922 0.017896124050767251 0.0076721605832630992 0.010011265203518775 -0.017237549335879666 0.0099625599335808768 0.022521776802140361 0.0062385945176283639 -0.021197322884364093 -0.0059975947196071423 0.036761057830113707 -0.027997321736541032 0.021664951757997895 0.013716602567399825 -0.040924472475793512 -0.0182978637313694 0.048809284191429818 -0.040714714773482534 -0.015322362300124785 -0.021264019781998066 0.0062318446139434562 0.041750042096671977 0.0046544873485104225 -0.0097252338197901297 -0.022636320172205494 -0.0013940774962418888 0.031277835667817062 -0.015185894217886381 0.011933175529837045 0.042485075501176403 -0.024673888371221135 0.010415156499234563 -0.014604969927559192 0.026150491037246839 -0.029296516611885717 -0.048843948701248981 0.041685644893351449 -0.01185853789677396 -0.051217295668038329 -0.016177214812199692
leaf_weight=70.08488074329216 3.6210155673325053 139.40748525876552 478.35071389900986 7.4948489898815742 23.764927130192518 257.52171627400094 1224.1322614165256 60.995917738415301 620.99942060088506 41.120777116855606 242.26474799681455 149.80050661647692 21.991207670187578 126.89155518330517 27.21754956850782 1280.6015722736483 130.84260597266257 6.1023515984416035 3.2752454243600395 12.536196291446684 10.194485730724407 17.621573411859575 31.896370455157012 53.926654072944075 24.502687298227102 4.8326327521353951 89.472497893555555 163.03014942957088 12.537664950825272 168.39157630130649 25.39038952474948 616.44804408267373 6.675998128950595 7.1893782505067056 18.9760712957941 20.005426498595632 4.4047120134346169 2.9038805000018328 3.7320244805887333 2.3139242650941005 4.0372420516796437 8.7197190434671921 4.5999186802655485 3.6067267041653395 196.05432587652467 51.911395655712113 13.20344644540455 290.99351966218092 7.9754936383105806 8.5545478872954828 30.891864028992131 5.0895268679596475 4.8397148605436078 80.142073219176382 9.4666520176688191 17.974630642682314 58.582529874285683 3.161170231178402 2.3752183001488447 8.0951289141084981 6.8992956569418302 10.423642468638716
leaf_count=8441 79 2435 9531 35 95 16592 15676 320 13640 1876 1041 2378 241 4696 210 9674 604 28 14 46 119 132 184 320 227 31 8343 1015 124 1081 1008 16617 19 154 107 180 68 79 12 46 78 89 44 29 1749 1997 345 5036 73 161 399 27 86 1103 179 99 10964 35 15 128 103 60
internal_value=-1.61e-11 -0.00769594 0.00104803 0.00212631 0.00331248 -0.013617 0.00275992 -4.80749e-05 -0.0011743 -0.00374927 0.0104321 0.0023293 -0.00219918 -0.00399694 0.0034658 0.00433964 0.00815308 0.0124807 -0.00297287 0.0149557 0.00432738 -0.000996502 0.00495039 0.0103072 -0.00148761 -0.0214131 -0.0102987 0.0112024 -0.000157427 0.00126603 -0.00423813 -0.0059144 0.00885949 -0.00118786 0.00948675 -0.00531942 0.00637944 -0.0138771 0.0139092 0.00807352 0.00277045 0.00170311 -0.0121877 0.0116067 0.00355082 -0.000313074 -0.000660042 -0.00231608 0.00760212 0.00403916 0.00679574 0.0114022 0.00697488 0.00057364 0.00777192 0.0129155 -0.0225659 -0.013948 0.00869044 -0.0214702 -0.0299684 -0.00589541
internal_weight=7041.06 843.924 6197.14 5147.21 3786.43 475.662 3513.73 368.262 1360.77 662.12 272.706 3343.2 307.266 266.299 2029.46 1635.11 354.508 166.341 22.9624 143.379 188.167 99.5428 77.0886 88.6238 34.6972 22.4542 346.994 170.525 394.351 698.654 1049.93 677.574 248.941 372.359 40.9673 652.183 35.7352 9.68381 26.0514 22.3194 244.55 232.012 27.2383 7.64397 204.774 530.262 365.169 304.197 60.9722 52.9967 49.3757 40.8211 35.7316 1313.74 89.6087 49.871 128.667 16.8601 5.2791 19.5943 14.9944 13.6989
internal_count=140317 52139 88178 63793 35668 44340 34513 7799 28125 15516 1155 33463 7479 7131 16505 11783 2109 787 137 650 1322 656 493 666 346 163 24935 1050 4722 12609 24385 18025 1060 6360 348 17017 400 162 238 226 2344 2220 382 107 1838 11528 6206 5381 825 752 673 512 485 16958 1282 283 19405 109 94 275 231 74
is_linear=0
shrinkage=0.03


Tree=45
num_leaves=63
num_cat=0
split_feature=0 10 10 4 4 0 10 10 1 10 1 5 0 6 4 3 4 11 6 6 0 2 0 4 10 0 0 1 1 6 1 11 4 3 0 1 11 4 6 11 2 2 6 2 1 11 0 2 6 6 5 3 3 4 11 6 2 1 2 10 2 0
split_gain=59.9116 39.0532 36.4725 22.5411 20.8276 14.751 12.8027 12.6336 12.1721 11.8341 9.39127 7.6017 7.68434 7.73419 7.23877 6.98401 6.00085 8.79728 5.88378 6.87254 6.04692 5.86461 5.80136 5.66226 9.67485 6.22696 5.62297 5.98323 13.5623 5.48325 5.46075 5.4129 5.39938 6.50593 5.29367 5.25906 5.22284 8.30368 8.37027 5.10602 7.19138 6.28197 5.988 8.55582 5.58476 5.09764 8.17946 7.59608 5.09674 5.07719 4.94969 4.9294 4.92188 4.89728 6.40892 5.97682 4.89199 5.93582 11.2258 8.67439 8.00601 6.70598
threshold=0.69046753644943248 7.2121962936013082 5.4071617168636603 24540.500000000004 7264.5000000000009 1.0077064037323 6.5139714008924194 5.8678824850335358 333.50000000000006 7.1572056814289775 25.500000000000004 3.8438979232784996 1.1018312573432925 0.8783728867407008 4334.0000000000009 0.60340992478899491 15127.000000000002 4.6215459493497937 0.9781808333649068 0.97456635066956965 1.0102434158325198 2.8793456694271913 1.0033400654792788 1684.5000000000002 4.7833076179467886 0.48677696287631994 1.0920550823211672 475.50000000000006 714.50000000000011 0.89377109829409973 408.50000000000006 4.3237030552516957 16081.000000000002 1.4011666858134337 1.0272182226181032 430.50000000000006 4.1027844011334578 17339.500000000004 0.82240745804451409 3.9897698135198145 4.3223376623376639 3.3460221962616825 0.94378559788510308 3.6485573743386248 7.5000000000000009 4.3167542016806744 0.96739166975021373 2.9800720106232252 0.9781808333649068 1.0553871577644773 3.853139143928618 1.0684649245088083 1.5157144465159309 25177.500000000004 4.2812624007936515 0.86171607162150388 3.3301767223856329 249.50000000000003 3.3604605564148935 6.1994939452674993 3.9889848602484475 1.0876380205154421
decision_type=2 2 2 2 2 2 2 2 2 2 2 2 2 2 2 2 2 2 2 2 2 2 2 2 2 2 2 2 2 2 2 2 2 2 2 2 2 2 2 2 2 2 2 2 2 2 2 2 2 2 2 2 2 2 2 2 2 2 2 2 2 2
left_child=1 3 49 23 6 9 45 -5 -8 -6 48 12 13 16 -10 -3 17 -7 19 20 36 -20 -12 25 -25 29 27 -15 31 -1 -24 -29 33 -22 -30 -26 -13 -38 -39 41 42 -17 -41 -44 -43 46 -4 -48 -11 -2 -31 -9 -47 54 55 -14 -34 59 -59 60 61 -58
right_child=2 15 4 7 5 11 8 51 14 10 22 18 53 26 -16 39 -18 -19 21 -21 32 -23 30 24 35 -27 -28 28 34 50 -32 -33 56 -35 -36 -37 37 38 -40 40 -42 44 43 -45 -46 52 47 -49 -50 -51 -52 -53 -54 -55 -56 -57 57 58 -60 -61 -62 -63
leaf_value=-0.059945891844062682 -0.0048357961541135456 0.013323795819932045 -0.0025115912776021453 -0.022321978497644127 -0.0017663527705649054 -0.011829050743181871 0.0053796554764217672 -0.013442090416650261 0.025197391599897038 0.011081365595775159 0.0023417961935118946 0.028728536919195649 -0.047571268509682324 -0.012162482347406248 0.011310389230277492 0.0023168155186902208 0.015048330394145449 0.04376059210037872 -0.058918748885153964 0.02632170352062925 0.0011112243684832895 -0.0050582980938194463 -0.040963782170103845 -0.024472331788333464 -0.0030623700073933945 0.017457732789338549 -0.031332106518300151 0.0084061508229692199 -0.039305513702818158 -0.026980655948558394 0.0041713135231171298 0.040136019559971155 0.011780922453422325 -0.034977313390067162 -0.0071398719678068467 -0.030070834872401222 0.032644461884755192 -0.059282473594426968 0.0059160116959174613 0.013383926967603498 -0.027566221146294746 0.033162814850864406 0.011234135794168707 -0.015057837045335271 -0.028068618332801772 0.0070534155505796213 0.020859991510877422 0.0031061762421098881 0.038348480193445042 0.0018691947136348539 0.04409446920965835 -0.0043295609772441646 -0.013220943433065851 0.018661143827595983 0.014850363555609199 -0.0019315088084041364 0.021236916674193702 -0.04758680049873245 0.002115656958210135 0.0092761874497859515 -0.032059148524000929 -0.024160267376467787
leaf_weight=1.8968077991157795 906.45331571804127 59.459043317241594 288.71500199846923 135.2566932788468 1756.5788010818651 21.756434971233833 456.94506412744522 218.60272434531362 42.258341552689672 59.837876937817782 444.28757061413489 17.573576427996162 2.7875447659753254 71.232463648659177 168.42775301542133 21.182524383068085 27.790233184583485 2.9041482633911064 1.9648662088438893 13.764453814364968 206.52901149971876 24.585861259140074 5.4583154423162323 21.93825357046444 258.17934342910303 19.589264875277877 8.7668209790717793 22.095850882120434 6.0870383097790208 2.0878828791901474 4.3233448341488838 6.1955485716462126 105.02495166112203 4.5959136220626524 18.911000449676067 6.6558728204108766 5.4076742194592944 2.6343757528811675 5.4147371491417289 52.091694086557254 5.9271332658827296 1.4747898392379308 22.830754669150338 21.752495182678103 14.733305089175699 255.93389646837022 23.082931703422219 359.28841137001291 6.8788328468799582 114.47762568376493 1.526599214877933 70.707737825694494 11.250245482195167 22.489650625735521 22.765549088828266 35.09280439815484 8.1274638094473648 4.1611242815852156 238.64786676643416 251.97698327759281 9.0368012059479934 4.5781075954437247
leaf_count=36 21675 454 4397 21627 34776 275 3021 18653 178 262 3275 73 44 1061 768 166 229 20 18 48 1481 230 31 1579 6826 139 110 230 81 44 17 41 567 48 223 330 25 21 45 308 67 11 218 311 201 3006 127 2860 22 2025 11 3918 138 137 273 444 72 30 1537 1331 106 40
internal_value=-3.18084e-11 -0.00706578 0.00108815 -0.010255 0.0021325 0.000818896 0.00495475 -0.0147534 0.00813022 -0.000588833 0.00338287 0.00355222 -0.000876322 -0.00426937 0.0140958 0.00470992 0.00548945 -0.00528255 0.00486936 0.00529036 0.00495519 -0.0090442 0.00183864 -0.00413118 -0.00532709 0.00953208 -0.00810959 -0.00647464 0.00112836 -0.0186388 -0.0210148 0.0153547 0.00447062 0.000325624 -0.0149722 -0.00374115 0.0179584 0.00389335 -0.0154227 0.00105135 0.00451006 -0.00843953 0.00647665 -0.00159391 -0.0224971 0.00269523 0.00129997 0.00417794 0.0138927 -0.00408396 0.00303837 -0.011215 0.00619973 0.00670435 0.00227035 -0.00529005 0.00587856 0.00467845 0.00126388 0.00770741 -0.0104735 0.00487927
internal_weight=7012.99 935.893 6077.1 736.441 5056.17 3450.26 1605.9 424.567 667.631 2277.36 520.786 1172.9 268.875 185.74 210.686 199.452 52.4508 24.6606 904.024 877.473 863.709 26.5507 454.069 311.874 286.773 25.1006 133.289 124.522 53.2894 5.51129 9.78166 28.2914 832.678 211.125 24.998 264.835 31.0304 13.4568 8.04911 139.993 102.602 37.3906 96.6749 44.5832 16.2081 938.27 671.086 382.371 66.7167 1020.93 3.61448 289.31 267.184 83.1355 60.6459 37.8803 621.553 516.528 242.809 273.719 21.7424 12.7056
internal_count=140317 54899 85418 53163 61718 47223 14495 44198 3967 38383 3607 8840 3168 2270 946 1736 524 295 5672 5424 5376 248 3323 8965 8735 230 1746 1636 575 91 48 271 5212 1529 304 7156 164 91 66 1282 904 378 837 529 212 10528 7384 2987 284 23700 55 22571 3144 898 761 488 3683 3116 1567 1549 218 112
is_linear=0
shrinkage=0.03


Tree=46
num_leaves=63
num_cat=0
split_feature=0 10 10 0 10 10 4 4 0 3 1 10 4 0 10 5 4 4 5 4 4 1 5 10 0 4 4 1 6 3 1 1 2 4 5 6 6 11 1 0 4 5 4 6 10 3 3 0 11 11 3 6 11 10 0 4 1 3 5 3 10 3
split_gain=56.7535 39.5595 33.1021 37.516 16.5538 14.8563 14.715 14.1831 10.6526 9.19016 7.9442 7.85615 8.49287 7.64047 7.22058 7.75153 7.61055 7.1358 6.43267 6.4312 6.38605 9.03849 6.34681 6.25235 5.96946 5.93579 10.4948 7.49523 5.89735 5.84833 5.7936 5.69769 5.67178 5.66981 5.67316 10.2509 9.10337 8.03268 5.80584 5.60086 5.39057 5.29954 9.76517 6.97509 5.25909 5.28928 8.83705 5.23191 5.23007 6.36301 6.73939 5.17441 8.88614 10.8482 10.6121 7.53204 8.48592 7.42665 7.00093 7.94851 6.29812 6.19693
threshold=0.83407032489776622 5.2067464199591091 7.2121962936013082 0.47236725687980657 7.3849183426978353 5.8707073513045964 1608.0000000000002 23754.000000000004 1.051822364330292 0.89487738998576438 30.500000000000004 6.4208085979768308 5285.5000000000009 1.1469420194625857 4.6774800307930642 4.0354969933020568 1684.5000000000002 26056.500000000004 3.8519971746363466 1684.5000000000002 64529.500000000007 365.50000000000006 4.0395720250521929 6.1257619542170465 0.42663881182670599 12040.000000000002 11851.500000000002 44.500000000000007 0.85606117616640043 0.79980447604648008 352.50000000000006 1859.0000000000002 4.3926311030741418 10596.500000000002 3.9270431854975016 0.84407762933095876 0.91268710663049324 4.1590948181505469 1424.0000000000002 1.1469420194625857 48471.500000000007 3.9539109144387941 5292.0000000000009 0.77695542054782607 5.7153802534577958 0.68124536933464197 0.74627884607609729 0.86981922388076793 3.9231352952824703 3.776826347994112 0.57570836296247274 0.91620536554455156 4.2123847901800895 7.3683197832393406 0.9608236849308015 56203.000000000007 1859.0000000000002 1.0075036645011928 3.7343972707731061 1.3143512796641645 6.5220830662415334 0.94258664246934443
decision_type=2 2 2 2 2 2 2 2 2 2 2 2 2 2 2 2 2 2 2 2 2 2 2 2 2 2 2 2 2 2 2 2 2 2 2 2 2 2 2 2 2 2 2 2 2 2 2 2 2 2 2 2 2 2 2 2 2 2 2 2 2 2
left_child=2 13 3 5 6 -1 32 19 11 39 -4 25 -13 41 15 30 -16 24 -18 44 47 -22 -20 -9 -7 26 31 28 -27 -24 -15 -8 -3 34 35 -32 -37 -38 -36 48 -19 -2 43 -43 45 -5 -47 -11 49 50 -6 -14 53 55 -55 56 58 -57 -53 60 -60 -62
right_child=1 4 10 7 9 17 8 23 -10 20 -12 12 51 14 16 -17 18 40 22 -21 21 -23 29 -25 -26 27 -28 -29 -30 -31 33 -33 -34 -35 38 36 37 -39 -40 -41 -42 42 -44 -45 -46 46 -48 -49 -50 -51 -52 52 -54 54 -56 57 -58 -59 59 -61 61 -63
leaf_value=-0.023222028341913163 -0.007660413134935381 0.015739434229773894 0.0088893060528007443 0.017194823803821258 0.027638729410120081 0.0029512411232945298 0.00034007462583271096 -0.015339964314142543 0.0047852338452324559 -0.018727977391492345 -0.00010965802560220222 0.010834075939981549 0.00068010735943162823 -0.032400227459662242 0.04797335869016723 -0.031995419865645823 -0.0067158678238541597 -0.016480354677223436 0.035897588224547555 -0.0021263313848366833 -0.0017279258710773775 -0.048270510257816798 0.017767227893131572 -0.0062973986373603798 -0.018667345020706518 -0.017915745866520276 0.021679514143449184 -0.0043590688710740668 0.027632560330992765 -0.048414658748327552 -0.032767512103740459 -0.057967935612078275 -0.020262950363671234 0.024079135721007939 0.022555873256523973 0.018452742466822381 -0.027782219884174758 0.0060840848582367517 -0.019000761983588219 0.046241165115383003 0.0013797964926813397 0.0238241391304501 -0.012969132278797466 0.00027263385378985234 0.018337674288805689 -0.053462924683759405 -0.00026565916483153006 0.0083860084677010241 0.010118168946089993 0.029230515926607224 -0.026145114318220232 -0.011109458424495771 0.0085356710236943537 -0.032749677420400004 0.0030798475323482477 0.017304644618019747 -0.044126964699419458 -0.023469723309768244 0.015594134344742674 -0.05134463140093809 0.0046372308766540913 -0.0091938011329236822
leaf_weight=128.86780647540581 454.19282205274794 88.05922455014661 157.94266047724523 12.481670575216411 4.0193427689373475 50.208665400044993 688.38252775836736 82.411577187187504 938.47175058012363 7.0243259835988274 200.20024286117405 100.22626369213685 1136.7088661120506 4.588905337965115 5.051263218978419 7.234973782207816 13.843224233249204 115.22580723906867 9.8170440951362234 681.5993413804099 16.048221809789542 4.9023819249123326 3.5410694689489892 417.21361892594723 14.908754370058885 3.2970336098223916 21.123491803184152 415.59187302365899 11.418315059738232 1.8189977882429955 10.157309586182235 1.5116020767018188 4.1225828756578258 9.448952990351243 14.282850958872588 16.151435901410878 12.274722259491684 12.95689213927835 3.8389570578001431 4.5146880969405165 17.522047488193493 12.405613913200794 51.043117754510604 129.04710776405409 25.5459217838943 3.1691659223288324 24.827242746949196 72.638559930026531 162.11758543923497 28.98079239949584 4.3837019354104996 35.177280793199316 242.3609439508291 16.163410881534222 13.784630808979271 43.680345616303384 3.7634686678647986 4.4278594227507702 34.942582014016807 2.3631803747266522 133.4214772391133 37.307001132983714
leaf_count=19884 11228 486 1023 125 17 1713 9941 6691 7247 44 1946 600 13094 138 20 155 306 11373 76 14229 75 36 41 18241 435 54 137 8371 116 43 162 13 22 96 128 175 201 207 44 11 769 172 1501 2399 132 53 338 323 709 114 25 409 2115 159 71 256 20 37 348 29 1081 313
internal_value=-5.69351e-12 0.00167225 -0.00437304 -0.00624613 0.00279929 -0.0152953 0.00228294 -0.00387558 0.00200179 0.0095392 0.00385893 0.001115 0.0023472 -0.00457998 0.00220955 -0.00220383 0.0139886 -0.0101327 0.00807323 -0.00126034 0.00211925 -0.0126188 0.0215625 -0.00778894 -0.00199837 -0.000832998 0.000850083 -0.00361403 0.0174273 -0.00469232 0.000371331 0.000212318 0.0141293 0.00227227 -0.000685603 -0.00576208 0.000866299 -0.0103913 0.0137524 0.0131985 -0.0141229 -0.00589241 -0.00172081 0.00233814 0.0076797 0.000953397 -0.00628754 0.00599522 0.0124507 0.0225659 -0.000419236 0.00184805 0.00418789 0.000945955 -0.0162579 0.00269198 0.000576596 0.0135518 0.00126834 0.00336135 0.00398993 0.00161492
internal_weight=6984.76 5052.63 1932.12 1573.98 4280.94 326.733 3976.31 1247.25 3884.12 304.63 358.143 2945.65 1804.33 771.695 125.007 90.935 34.0716 197.865 29.0203 747.623 100.613 20.9506 15.1771 499.625 65.1174 1141.32 711.018 430.307 14.7153 5.36007 83.7 689.894 92.1818 79.1111 69.6622 51.5404 41.3831 25.2316 18.1218 204.016 132.748 646.689 192.496 141.453 66.024 40.4781 27.9964 79.6629 199.501 37.3838 8.40304 1704.1 567.392 325.031 29.948 295.083 246.975 48.1082 243.212 208.034 205.671 170.728
internal_count=140317 63365 76952 73983 46273 34174 44919 39809 44411 1354 2969 37164 18532 17092 1792 1306 486 14290 466 14877 478 111 160 24932 2148 18632 10091 8541 170 84 1151 9954 508 1013 917 745 583 408 172 876 12142 15300 4072 2571 648 516 391 367 865 156 42 17932 4838 2723 230 2493 2200 293 2180 1771 1742 1394
is_linear=0
shrinkage=0.03


Tree=47
num_leaves=63
num_cat=0
split_feature=0 10 10 0 10 0 4 10 1 4 1 4 0 4 0 3 0 4 3 3 0 4 3 10 10 5 0 11 10 5 4 1 4 4 4 5 6 6 3 1 5 1 1 2 1 1 5 11 3 1 5 11 0 2 2 6 6 1 0 0 5 0
split_gain=54.5106 34.7616 32.4268 22.6595 15.9669 13.8472 12.1625 10.0057 7.54846 7.35028 7.01075 6.78736 6.54857 7.24124 7.41245 7.15571 6.44846 6.2459 9.61915 6.01628 5.87768 6.9267 8.08113 7.24277 6.38978 7.04276 6.66539 6.71117 5.84116 5.76522 5.62564 5.61759 5.48873 10.6199 7.6704 7.08165 6.98072 12.0556 8.23575 7.66546 6.46429 6.26225 5.89176 6.60452 5.76257 8.29152 5.70815 7.57723 7.52632 6.64797 5.66198 7.33909 5.46204 5.39096 5.3385 5.30912 5.87855 5.27052 5.24087 5.45294 5.69928 5.36637
threshold=0.65099284052848827 6.7487567987550685 5.4271478232179229 0.87740182876586925 7.3849183426978353 0.26258775591850286 1608.0000000000002 7.2121962936013082 100.50000000000001 4334.0000000000009 287.50000000000006 31291.500000000004 -0.023482100106775757 60596.000000000007 0.11172574758529664 1.0598632468830103 1.051822364330292 30991.000000000004 0.70839455573897669 0.62804627038576288 1.1584513187408449 5060.0000000000009 1.6051568819807567 4.0163424379838117 5.2067464199591091 3.9539109144387941 1.1136734485626223 3.9414480638858591 5.040188859666439 3.944187960877731 1608.0000000000002 14.500000000000002 12040.000000000002 11851.500000000002 12507.500000000002 3.850610043709318 0.92879186842355244 0.95821353528948638 0.55680537506968031 115.50000000000001 3.3242004962395728 860.50000000000011 55.500000000000007 4.1528137593552108 1143.5000000000002 786.00000000000011 3.6288658873834749 4.3097311368926166 1.6707443833964062 289.50000000000006 3.7802960918691348 4.639976936173583 0.86198595166206371 4.4450995807127898 2.3050652644929452 0.77695542054782607 0.81164850247332654 83.500000000000014 0.90702503919601452 0.92087534070014965 2.8555708083204867 0.90007132291793834
decision_type=2 2 2 2 2 2 2 2 2 2 2 2 2 2 2 2 2 2 2 2 2 2 2 2 2 2 2 2 2 2 2 2 2 2 2 2 2 2 2 2 2 2 2 2 2 2 2 2 2 2 2 2 2 2 2 2 2 2 2 2 2 2
left_child=1 5 20 7 6 57 -5 11 12 -6 -7 17 31 -14 -15 19 32 30 -19 -16 21 22 24 -23 25 29 27 -26 55 58 -4 -3 33 35 -34 36 42 40 39 -39 -38 -42 43 -8 45 -40 47 -36 50 -49 51 -48 -9 -44 -52 -27 -57 -1 61 -60 -61 -2
right_child=2 8 3 4 9 10 16 52 -10 -11 -12 -13 13 14 15 -17 -18 18 -20 -21 -22 23 -24 -25 26 28 -28 -29 -30 -31 -32 -33 34 -35 46 -37 37 38 44 -41 41 -43 53 -45 -46 -47 48 49 -50 -51 54 -53 -54 -55 -56 56 -58 -59 59 60 -62 -63
leaf_value=-0.016704811109220234 -0.0015810523562459864 -0.037810742225905213 0.010848266547960348 0.014300004080918097 0.026509905306905262 -0.0075048822283246587 0.044272740347242781 0.0022252364896003999 -0.010299917106883659 0.0086846627991831148 -0.018700371488936256 -0.0075100021220964354 0.00048766570321951498 0.030256494384158176 0.015090670638091259 0.026622261788969759 0.0045106367322626396 -0.03191978768816689 0.031907062222248622 -0.017823720459338596 0.0024585979278720746 -0.019444747195716445 0.022704287195053394 -0.0063278569834857969 0.023399178649066817 0.019339149410467393 0.042165053370654765 -0.0040107123726866919 -0.041893930304049268 -0.032673600897843012 -0.0022196717381625119 -0.0013897614466106402 -0.021105289642615925 0.023485029375745269 -0.016055766499675359 0.0050555270206686419 -0.026973385460971777 -0.029681134841394567 -0.0040992722630556044 0.025530693264401449 0.01462205727977652 -0.020405888166715774 -0.0050707062291903077 -0.010700645465516892 0.020925068632528254 -0.039454024522023082 0.0062071071294787922 -0.0085027773713203681 -0.04638058908564989 0.022924687190619054 0.033997501679929085 0.043263102672701628 0.014953724115196285 0.017306130167437903 0.00042541940136247094 -0.022792499738909573 0.0016484922870387238 -0.0294629784140404 -0.032050036345648333 0.022678833595064576 -0.0080736442852366291 0.027131646139345843
leaf_weight=73.828331576689379 71.319764155312441 6.7795504763780619 30.68251275178045 78.0133869308047 22.764626961201429 245.37672897666926 4.8081273138523084 227.40013456973247 57.308825699437875 243.69396395748481 63.33440199069446 205.54786340991268 222.6676486224751 15.741531898267565 8.2394311018288189 9.4072154378518444 892.21634321019519 2.6628186728339633 10.52281079860404 12.70465349126607 116.42721723124851 42.679415936931036 11.194704687222837 337.37363832222763 11.318033013725652 14.116890943143515 4.5847562483977518 27.753064570948482 2.8061682614497832 7.4587210826575747 879.64010059472639 8.7058199034072441 14.889384333975611 22.61925011407584 40.760817271890119 556.11876339325681 3.7880859773140392 2.6573600745759931 118.93282481841743 15.256563548929988 95.988418986089528 4.8243692801333955 237.88175507565029 3.3284808236639947 7.6633211951702824 6.2856120145879677 86.542920313542709 14.104293545125985 3.0153010799549511 10.618333749007432 4.2775705177336922 5.0933522100094697 35.013874107040465 10.10117255267687 1243.0029402541695 9.4632607616949809 138.19225164712407 48.146857469633687 8.32219728711061 5.5579954319400704 224.61538769630715 6.3826344241388133
leaf_count=9892 1381 147 170 392 95 17332 9 1778 2137 1060 6361 8384 4667 72 57 43 6361 85 153 114 1690 1563 93 10461 156 210 36 729 65 229 18800 148 263 139 978 4188 75 58 1827 171 774 40 3280 47 42 82 1155 387 55 171 37 58 179 155 13769 256 2511 9513 205 76 4858 98
internal_value=1.50414e-11 -0.00751481 0.000938994 0.00191619 0.00312958 -0.013183 0.00258806 -0.00135322 -0.000367462 0.0102075 -0.00980172 -0.00257965 0.00163509 0.0027281 0.0135513 0.00488729 0.00231971 -0.00148229 0.0190173 -0.00487515 -0.00389331 -0.00469442 -0.00252053 -0.00780087 -0.00305143 -0.00403467 0.00794486 0.00392933 0.00101814 -0.00660402 -0.00177922 -0.017335 0.0015417 0.00314322 0.000314077 0.00271225 0.000164653 0.00367424 -0.00175428 0.0173405 0.0115001 0.0129458 -0.00333502 0.0217845 -0.00432847 -0.00587398 0.000540678 -0.00810815 0.000962723 0.00499527 0.00106934 0.00826676 0.0039236 -0.00415922 0.000540555 0.00176251 8.2066e-05 -0.0217408 -0.00598907 -0.00819362 -0.00733106 0.000777468
internal_weight=6952.52 772.241 6180.28 5140.72 3749.25 430.686 3482.79 1391.47 341.555 266.459 308.711 1129.06 284.246 268.76 46.0928 30.3513 3404.78 923.508 13.1856 20.9441 1039.57 923.139 543.086 380.053 531.891 488.235 43.6559 39.0711 164.579 323.657 910.323 15.4854 2512.56 1090.25 1422.3 1067.63 511.516 255.397 150.796 17.9139 104.601 100.813 256.12 8.13661 132.882 125.218 1407.42 65.4834 1341.93 24.7226 1338.92 91.6363 262.414 247.983 1247.28 161.772 147.656 121.975 316.198 238.496 230.173 77.7024
internal_count=140317 50483 89834 65217 35668 43098 34513 29549 7385 1155 23693 27592 5248 4953 286 214 34121 19208 238 171 24617 22927 10903 12024 10810 9889 921 885 3042 6847 18970 295 27760 10887 16873 10748 6560 3069 2180 229 889 814 3491 56 1951 1909 16610 1536 15074 558 15019 1213 1957 3435 13806 2977 2767 19405 6618 5139 4934 1479
is_linear=0
shrinkage=0.03


Tree=48
num_leaves=63
num_cat=0
split_feature=0 10 10 0 10 0 4 5 4 6 4 4 6 1 1 0 4 1 4 2 10 2 11 4 1 0 2 9 3 10 2 4 3 3 4 6 3 1 10 4 3 11 1 0 6 1 4 11 4 6 0 2 1 10 1 1 2 1 3 11 10 1
split_gain=51.0018 34.1195 31.249 20.0919 15.8669 13.8109 10.1388 9.73774 9.41143 11.8283 8.56042 8.33206 8.17347 8.0863 7.62277 7.40313 7.27867 6.43823 6.29511 6.16513 8.43733 7.48766 6.09643 8.78464 6.08842 5.94 8.0668 5.87347 5.79928 5.6723 6.38094 5.78358 5.64457 6.38723 5.62589 6.92958 8.16915 5.56793 5.55356 10.7547 6.55312 9.76526 6.79639 6.84785 9.11386 8.06814 6.86392 6.67488 6.50048 5.91156 6.20243 6.54874 7.47784 5.46088 7.1769 7.24358 10.5162 7.33052 6.65516 6.58153 6.42706 7.29031
threshold=0.65099284052848827 6.7487567987550685 5.6612213479477846 0.86198595166206371 7.4342399374267485 0.26258775591850286 12040.000000000002 3.9760662498082602 20881.000000000004 0.78940405805789771 20445.500000000004 2976.5000000000005 0.80729925227953248 25.500000000000004 100.50000000000001 1.0715189576148989 21413.000000000004 287.50000000000006 60596.000000000007 3.2307207498383974 6.3071835403242495 3.2459265907635921 3.9231352952824703 54212.000000000007 66.500000000000014 1.0077064037323 3.3301767223856329 1.0000000180025095e-35 0.95751135485550187 7.4342399374267485 3.6335105320954382 31803.000000000004 1.2107612152136944 0.70974921576881733 23544.500000000004 0.80071325761479306 1.0151810506817431 459.50000000000006 4.6298509007569537 1608.0000000000002 0.74396578387430323 3.776826347994112 144.50000000000003 1.0550453066825869 1.0022808414360995 843.50000000000011 2040.5000000000002 4.5000110712087862 2345.5000000000005 1.0791386521263175 1.0102434158325198 2.7764857035245751 376.50000000000006 6.7487567987550685 372.50000000000006 60.500000000000007 3.8995708154506441 68.500000000000014 1.1373554991912018 3.9812533201209552 6.0438190738591979 948.00000000000011
decision_type=2 2 2 2 2 2 2 2 2 2 2 2 2 2 2 2 2 2 2 2 2 2 2 2 2 2 2 2 2 2 2 2 2 2 2 2 2 2 2 2 2 2 2 2 2 2 2 2 2 2 2 2 2 2 2 2 2 2 2 2 2 2
left_child=1 5 38 11 6 -1 7 12 9 -8 19 -4 -5 -13 18 27 -10 -7 29 20 32 -21 -6 -24 -25 -18 34 -14 -22 31 -31 -3 33 -11 -27 36 -36 -35 -2 -40 -41 -42 -43 44 47 48 -47 -44 -45 50 51 -46 -53 54 55 56 -23 -57 60 -55 61 -56
right_child=2 14 3 4 22 17 8 -9 16 10 -12 13 15 -15 -16 -17 25 -19 -20 21 28 53 23 24 -26 26 -28 -29 -30 30 -32 -33 -34 37 35 -37 -38 -39 39 40 41 42 43 45 49 46 -48 -49 -50 -51 -52 52 -54 59 58 57 -58 -59 -60 -61 -62 -63
leaf_value=-0.021595116644113798 -0.0054990996775436162 0.0026840149640774717 0.0086306215147109733 -0.0069850276716109079 0.02584779621813648 -0.0073847226766056316 0.0076823910515421675 0.0094012010041295384 0.015525348568687276 0.0286105359167073 -0.028044582616105835 0.0059719873538945836 0.0030691804337460503 -0.0028536893131370926 -0.010234114706835938 0.0091977369880265093 0.00067250518268094188 -0.018200891304650954 0.011391709724638105 0.031802370733324398 -0.0080811495649421618 0.037435760878723252 0.014555312320562752 0.01599398381339795 -0.01384100674021347 0.02886432381185133 0.0030518852977564214 -0.020658002492464279 -0.037069894601709133 -0.0084192492671616489 0.019767081112116443 -0.0075684069666083669 0.020045162198890406 0.0095819791385581242 -0.060669975748314155 0.012124655258675688 0.0062835009188647161 -0.027869715840866657 0.01000183789383052 -0.0070967958848398953 -0.036428563694007737 0.0081702833235395983 -0.0087505836320781703 0.026236393365085067 -0.045812719098722525 -0.055844666652777493 0.013231343301927777 0.014897253568689359 -0.0059773886299345448 -0.009042861450229556 -0.011601696565556556 0.0044729334242734411 0.035640104337935789 -0.010555311425025436 -0.00086671930199831747 -0.049575050002902438 -0.0092329034296679876 -0.0086226312810134612 -0.036593782688052523 0.0084474203231181648 0.0090082711852220668 -0.037437656521786655
leaf_weight=119.74825148208765 554.3614417866338 103.4968890977907 70.122151886345819 64.862865207483992 26.496305663138628 244.12983997477568 95.312514069024473 302.66787600377575 38.162385480245575 3.2835723338648739 12.863578545628114 103.01263166533317 898.95947495079599 1004.612942491076 56.859857321425807 199.94046051707119 867.18847723631188 62.13538985530613 50.604426268488169 5.8297992954030624 10.517902357038112 7.5356177855283049 89.496669884771109 8.9501509293913859 19.718217503279448 15.974134137853978 497.46970682265237 9.4886532626114768 15.167557313106952 10.458173405379055 23.407286016270518 94.953380881925113 7.9107290660031131 5.0304294549860087 2.6523939715698353 70.712078266893514 4.2974357437342405 12.328576713800429 66.271718528587371 207.80827008187771 6.7854426762787616 73.811948702321388 194.30086369632045 6.1821960553061208 1.3315999938640768 1.3231511199846853 60.152215733192861 11.371136560861485 64.014090325217694 15.393204451713244 7.3405550275929263 12.136634997092189 16.144322259351611 21.431472870986909 31.074813343933783 4.0232731092255554 10.265376001363618 176.99366258480586 3.8912683869712046 69.919515485176817 65.64100205199793 5.8255711193196467
leaf_count=19405 12529 1687 686 885 107 17332 750 1848 307 14 284 1320 8333 22988 2137 1289 10626 6361 327 41 94 34 381 36 102 74 3150 239 192 64 115 3055 73 55 24 411 26 158 854 6475 155 1608 5014 75 36 16 649 333 1287 520 170 344 207 194 388 57 168 2844 59 687 567 71
internal_value=-6.72033e-11 -0.00730142 0.000907934 0.00201268 0.00310367 -0.0129567 0.0027054 0.00460352 0.00134633 -0.00195315 -0.00390911 -0.00139798 0.00336585 -0.00203287 -0.000210884 0.00397158 0.00259173 -0.00957912 0.00180353 -0.00322925 -0.012724 -0.00194958 0.0128421 0.00992578 -0.00452664 0.00225327 0.00457235 0.00282135 -0.0251993 -0.000285021 0.0110627 -0.00222151 -0.00150161 -0.00975884 0.0126503 0.00931527 -0.0192692 -0.0170167 -0.00322586 -0.00153288 -0.0026602 -0.000699775 -0.000176723 -0.00175775 -0.00459867 0.00380921 0.0117446 -0.00744315 -0.00314032 0.00657746 0.0130843 0.0192036 0.0222649 -0.00244571 -0.00437148 -0.00773714 0.0105231 -0.00953284 0.00191564 0.00398927 0.00337701 -0.00664028
internal_weight=6924.15 765.793 6158.36 4859.63 3681.88 426.013 3537.22 1475.92 2061.3 564.846 469.534 1177.75 1173.25 1107.63 339.78 1108.39 1496.46 306.265 282.92 456.67 54.2388 402.431 144.661 118.165 28.6684 1458.29 591.106 908.448 25.6855 232.316 33.8655 198.45 28.5533 20.6426 93.636 77.6619 6.94983 17.359 1298.73 744.367 678.096 470.287 463.502 389.69 258.018 131.672 61.4754 205.672 70.1963 52.3463 36.9531 29.6126 28.281 396.602 305.251 198.818 17.801 181.017 106.433 91.351 102.541 36.9004
internal_count=140317 50483 89834 59562 34568 43098 33942 12594 21348 6730 5980 24994 10746 24308 7385 9861 14618 23693 5248 5696 586 5110 626 519 138 14311 3685 8572 286 4921 179 4742 300 227 535 461 50 213 30272 17743 16889 10414 10259 8651 6624 2027 665 5347 1362 1277 757 587 551 5069 4188 3103 202 2901 1085 881 1026 459
is_linear=0
shrinkage=0.03


Tree=49
num_leaves=63
num_cat=0
split_feature=0 10 10 0 4 0 10 10 5 10 2 10 10 0 1 4 0 1 4 4 5 11 4 11 0 1 4 11 4 1 10 5 10 0 3 11 6 10 10 1 0 1 6 0 11 1 1 3 0 0 3 5 0 0 1 2 2 6 0 1 0 11
split_gain=48.4082 32.2293 30.2617 19.6638 15.8999 13.3394 9.6065 9.43805 8.45757 9.16852 8.6369 8.34663 7.24564 6.82243 6.33414 6.17473 8.88658 6.14478 5.93556 5.91021 5.89703 9.60091 5.98414 8.47709 5.83147 6.40005 5.61757 5.61004 5.60375 6.22613 6.07307 5.54989 8.95929 7.01077 6.4185 8.01201 7.86485 6.21341 5.78828 6.6792 5.71144 8.98068 5.66108 5.51288 6.20087 5.40197 5.29705 5.47281 5.27312 6.33524 5.72013 6.14797 7.55489 6.50061 7.08703 5.24902 5.23977 7.45991 5.23357 5.45938 5.17088 5.13088
threshold=0.65099284052848827 6.7487567987550685 5.4271478232179229 0.87482494115829479 2528.5000000000005 0.26258775591850286 7.1348752960152666 6.7661910510229673 4.1337901208034502 6.27287522655012 4.0304576376004961 7.2121962936013082 7.4280360173618503 -0.023482100106775757 2151.0000000000005 60596.000000000007 0.39400137960910803 287.50000000000006 31291.500000000004 4778.5000000000009 3.9652997397415706 4.682093285184119 7724.0000000000009 3.866792748155532 0.88770395517349254 639.50000000000011 31803.000000000004 3.9477074415350915 2684.5000000000005 1859.0000000000002 4.0163424379838117 3.8108902875775015 5.7899554948754268 1.1902310848236086 0.6937396479771446 4.0893012638702304 0.87701163678239502 5.5510178349084196 6.0414437724798988 83.500000000000014 0.97619104385375988 136.50000000000003 0.92737061924966036 0.97619104385375988 3.8907485216308753 554.50000000000011 137.50000000000003 0.82255133027510718 1.1902310848236086 1.1584513187408449 1.2620057946458438 3.9796302492832631 1.0489733219146731 1.019847095012665 100.50000000000001 3.200956854447901 2.5915307424393945 0.89354138714261078 0.83965697884559642 1310.0000000000002 1.1469420194625857 4.6033968649100236
decision_type=2 2 2 2 2 2 2 2 2 2 2 2 2 2 2 2 2 2 2 2 2 2 2 2 2 2 2 2 2 2 2 2 2 2 2 2 2 2 2 2 2 2 2 2 2 2 2 2 2 2 2 2 2 2 2 2 2 2 2 2 2 2
left_child=1 5 28 11 7 -1 8 24 9 20 14 18 13 -3 27 26 -17 -7 -4 -11 31 22 23 -22 -5 -26 45 -10 -2 30 -30 32 37 38 35 36 -34 -6 -33 -40 41 -36 -38 -21 60 -15 47 -39 49 50 51 -24 53 -53 -55 -42 57 -20 -58 -60 -45 -8
right_child=2 12 3 4 6 17 61 -9 10 19 -12 -13 -14 15 -16 16 -18 -19 56 43 21 -23 48 -25 25 -27 -28 -29 29 -31 -32 33 34 -35 40 -37 42 46 39 -41 55 -43 -44 44 -46 -47 -48 -49 -50 -51 -52 52 -54 54 -56 -57 58 -59 59 -61 -62 -63
leaf_value=-0.021270516419625168 -0.0008280408553978495 -0.023828737637965329 -0.0013595753170637236 0.031153018518160484 0.0043232885220086288 -0.0072183322919288171 0.00511075101479006 0.024026649718729608 -0.0079595606230419055 0.008937816513821915 -0.011373512265096081 0.0036203246981117809 0.0096918029798287713 0.0023287894234328816 0.031756942309776486 0.019799702905389929 -0.015897686265861907 -0.017853386787486759 0.033521066080746224 0.00082339534793783218 -0.0302892852846635 -0.048740940519888545 0.016218901238451548 0.020375561086991689 0.0036524979302422762 0.017933774425074916 -0.0078964190793494506 0.001626065446559348 -0.012791859877109056 0.0060745403028136021 -0.0048610713588733328 -0.00038204121105435673 0.028493109325538685 -0.035929258744195239 0.020440530131456164 -0.01471065541559676 -0.024462799088620472 -0.014447022633530178 0.018927277085468108 -0.012313726482549345 0.023023649822378815 -0.0071536898430160836 0.0054937777877827774 0.013060949092777472 0.0036300630016318771 -0.037782668315729281 -0.012306548437003529 0.032884878908187858 0.019097201209022002 -0.035879193012610645 0.02449883678624162 -0.0027126499927534677 0.0071595328567143502 0.036383632185076786 -0.028506346079709685 0.0069444469004391269 -0.010728723105331047 -0.026909795403245812 -0.0020341858654643994 0.036897919795806249 -0.011606149064046839 0.015242398045594038
leaf_weight=117.44686093134806 365.15125666267704 12.533704149042022 899.95434154616669 9.1815437264740449 37.991772387875244 242.3464202148316 541.09258090192452 39.605765353888273 72.797613059869036 173.49427638342604 77.231614934979007 255.28582654730417 55.181175970938057 125.36206922045676 5.5036200843751422 25.10213570529595 8.3687498308718187 61.254066305817105 6.188608387950806 586.85396943276282 3.2643379624932995 3.0683211497962466 20.300902890507132 33.209485431667417 136.18912832252681 35.630553347757086 109.05647837335709 224.13123742165044 104.38399268151261 39.624816311057657 518.80416783737019 135.28931024996564 9.7322583445347828 6.5058066844940177 13.372174513060598 34.642511463491246 7.8318940938916084 3.9372426753398013 6.6301248038653275 86.69424311676994 21.159518274944276 51.479743090225384 20.639585531316698 102.23814982315525 792.9549681689823 3.0963808859232804 86.18270630936604 4.9788069897331297 16.069909822195768 4.0609695920720688 9.6342385332100076 72.956274730386212 57.294500441756099 1.6651203082874442 16.778107193298638 133.90798291983083 149.86533293430693 2.6154681239277124 38.713042532559484 3.5379328690469256 8.2668505720794183 49.064846206922084
leaf_count=19405 6377 300 18902 56 840 17332 2914 157 721 1062 1099 1925 305 2183 27 144 156 6361 42 7411 29 68 213 190 1174 222 4221 2256 3289 495 14456 1727 84 75 184 692 127 115 83 1551 137 957 252 587 5661 76 2062 65 78 35 84 1113 361 10 179 1148 6931 45 1232 31 42 261
internal_value=2.05079e-11 -0.00714339 0.000884245 0.00182909 0.00294774 -0.0126852 0.00245983 0.0107614 0.00175927 0.00237826 -0.00241951 -0.00126706 -0.000254176 -0.00218995 -0.000132945 -0.00118911 0.0108743 -0.00936405 -0.00240042 0.00369738 -6.23256e-05 0.00398362 0.00467134 0.0158412 0.00785881 0.00661403 -0.0028891 -0.000724029 -0.00381226 -0.0054563 -0.00618948 -0.00152101 0.000521589 -0.00522064 0.00345545 -0.00426257 0.00521157 -0.00593217 -0.00434674 -0.0100942 0.00601198 -0.00146389 -0.00274663 0.00308732 0.00455787 0.00136194 -0.0100292 0.0119836 0.0026216 0.00117236 0.0020147 0.000732898 -0.00138138 -0.00673531 -0.0226478 0.00913851 -0.00706252 0.0155686 -0.00809963 0.00122584 0.0112156 0.00595308
internal_weight=6897.39 759.748 6137.64 5109.68 3753.51 421.047 3532.91 220.607 2942.75 2563.09 379.664 1356.16 338.701 283.52 302.432 270.986 33.4709 303.6 1100.87 1663.81 899.278 238.302 235.234 36.4738 181.001 171.82 237.515 296.929 1027.96 662.813 623.188 660.976 425.856 235.119 292.766 72.8462 38.2037 133.091 228.614 93.3244 219.919 64.8519 28.4715 1490.31 903.46 128.458 95.0988 8.91605 198.76 182.69 178.629 168.995 148.694 91.3995 18.4432 155.068 200.92 8.80408 192.116 42.251 110.505 590.157
internal_count=140317 50483 89834 65217 36109 43098 34500 1609 31325 27222 4103 29108 7385 7080 3004 6780 300 23693 27183 14763 12459 2360 2292 219 1452 1396 6480 2977 24617 18240 17745 10099 6663 3436 3581 1155 463 3082 3361 1634 2426 1141 379 13701 6290 2259 2242 180 2073 1995 1960 1876 1663 1302 189 1285 8281 87 8194 1263 629 3175
is_linear=0
shrinkage=0.03


Tree=50
num_leaves=63
num_cat=0
split_feature=0 10 10 0 4 10 10 4 1 4 1 4 2 2 6 3 0 5 10 3 11 0 10 2 5 0 3 1 1 4 5 6 6 2 4 1 3 4 10 0 0 1 0 0 4 10 4 2 4 1 9 11 0 0 4 3 3 2 4 4 1 3
split_gain=47.026 34.955 27.7678 24.4021 14.4194 14.2128 13.5839 9.52857 9.53677 7.78651 7.33055 6.94663 6.72965 7.07779 6.80082 7.36567 6.43456 6.22653 6.11974 7.87989 6.03113 5.67331 7.10938 5.55321 5.52534 5.73008 7.26924 6.73832 13.122 6.11014 6.81267 5.86301 7.76116 5.50808 5.43287 5.36084 5.2552 5.03259 5.83648 5.02516 5.98286 5.35499 4.95831 5.21004 4.94747 5.30171 7.92994 4.95016 4.90325 6.05208 4.89641 4.89342 4.79998 5.19347 4.78069 4.76196 4.73704 4.71447 4.65417 5.47899 5.69503 5.26723
threshold=0.53535157442092907 7.0854786740153477 5.4271478232179229 0.87482494115829479 6151.0000000000009 6.6567190895965176 5.8707073513045964 2976.5000000000005 115.50000000000001 26056.500000000004 219.50000000000003 2916.5000000000005 3.6689197905110809 3.5105193847450491 0.89335755645157666 0.58188315117109868 1.0077064037323 3.8889085621656223 5.9545336228087553 0.99532245546776232 4.5935279667422533 0.94782158732414257 6.6739280835479589 4.100675675675677 3.8438979232784996 1.1018312573432925 0.67303255114291571 482.50000000000006 601.50000000000011 6380.5000000000009 3.8204208108681583 0.87966204658687641 0.90213684266217142 3.7863159387407834 8369.0000000000018 2151.0000000000005 0.63599345340491609 2167.0000000000005 5.8215644129176907 0.41077405214309698 -0.023482100106775757 14.500000000000002 0.078921400010585799 0.3780172616243363 15409.500000000002 4.6298509007569537 706.50000000000011 4.5029761904761916 43894.500000000007 449.50000000000006 1.0000000180025095e-35 4.7500191307009496 0.89275124669075023 1.0751020908355715 4976.5000000000009 0.94667176873443959 0.35298259519309683 3.0185803037275662 6443.5000000000009 7264.5000000000009 247.50000000000003 1.0598632468830103
decision_type=2 2 2 2 2 2 2 2 2 2 2 2 2 2 2 2 2 2 2 2 2 2 2 2 2 2 2 2 2 2 2 2 2 2 2 2 2 2 2 2 2 2 2 2 2 2 2 2 2 2 2 2 2 2 2 2 2 2 2 2 2 2
left_child=1 6 44 7 5 37 11 18 -9 -8 12 -1 13 -7 15 -14 20 36 19 -4 33 -16 -23 35 25 26 -18 31 -29 -27 -31 34 -33 -6 -28 51 -12 52 -39 40 41 -3 -42 -44 45 47 -47 -2 49 -34 -40 56 -5 57 -25 -19 -10 -54 -35 60 -60 -61
right_child=2 39 3 4 16 10 9 8 23 -11 17 -13 14 -15 21 -17 24 55 -20 -21 -22 22 -24 54 -26 29 27 28 -30 30 -32 32 48 58 -36 -37 -38 38 50 -41 42 -43 43 -45 -46 46 -48 -49 -50 -51 -52 -53 53 -55 -56 -57 -58 -59 59 61 -62 -63
leaf_value=0.0026798034975960864 -0.0049044001015472677 -0.039597745332212102 -0.012360056158608447 0.029938282830571435 0.0015204925695090233 0.0031708099648297995 -0.0017456230085392504 0.00017352750287390081 0.031235841223102506 -0.013426579299553279 0.025574540386713394 -0.022962971931657871 -0.0080723288939306172 -0.035679827519812253 -0.005408541862857514 0.025256340763623004 -0.01267685992223083 0.026161948230256728 0.013148044696188254 0.019187824612518035 0.0072418867865420081 -0.020924194318080815 0.016577970129483501 0.030077013358522985 0.0045153757892654432 -0.025249406587705102 -0.018323261120700034 0.023340206306264776 -0.002449422264794888 0.0098622361669652714 -0.01694294553499958 -0.040691770028070472 -0.0065287181417505403 -0.024776483360979273 0.013653793180041663 -0.047433380152550324 0.0042647993943459228 -0.0044768992955133823 0.0041854337719903949 -0.0054125257981303149 0.01985941347219735 0.0021567051985618728 0.0012912553113553556 0.023714956994662882 -0.011944692960509659 0.030826658237588078 -0.0012890270885915125 -0.033113499562962632 0.02705012454383552 -0.049000764342841369 -0.02535610482571489 0.053184546243541936 -0.025978740855128659 0.021466288183201551 -0.017275463392464573 0.011767129472492841 -0.004117674061926097 0.0060150761851822171 0.011869615694468054 -0.0022867280866493453 -0.013320545268008946 -0.017143745533042133
leaf_weight=10.256890715099869 544.19700089260004 4.3931824717728869 23.340164822526276 9.0907565876841527 830.75070147181395 12.333198953419926 80.845507787133101 762.3667941900203 3.4288326352834693 140.82574443565682 13.258303008973597 130.2119559662533 7.2948432676494113 6.4157031737267962 32.865586388856173 32.807228099554777 51.462853361619636 59.576391696929932 62.492496382445097 10.257016011513768 110.55823868233711 5.2594957724213591 33.700604660436511 2.0124357389286152 966.7321584863821 5.4537172568961969 6.2510786964558092 27.426075869239867 50.361641318770126 91.196187301538885 9.4143142793327552 6.9142407102044663 45.264805242884904 8.1807412989437562 20.344995728228241 2.545944550773128 48.573419812135398 92.327072522370145 425.66931550879963 42.047299536294304 28.170632233144715 7.4559365968452767 57.672688455320895 11.12416212656535 62.337045001797378 7.0320073142647734 432.68655700981617 5.6568459132686248 3.5736471987329415 3.2353658480569711 5.1101847838144741 1.3526619363110501 4.3238876825198522 19.749279002193362 41.2766895989771 31.68217259272933 656.64755474368576 100.29271050589159 43.309508873382583 484.60264697577804 9.9293797360733134 22.47232907731086
leaf_count=221 12220 60 427 52 9356 64 2864 16272 49 13998 59 21344 40 40 196 133 728 244 460 155 1481 31 171 25 6122 32 96 215 513 876 116 107 660 148 187 73 251 1477 3377 564 223 69 555 97 3869 32 9811 304 19 33 140 17 34 111 2323 137 18176 710 401 7177 126 449
internal_value=1.41296e-11 -0.00873722 0.000705264 0.0015884 0.00290546 0.00611934 -0.0137916 -0.00155574 -0.00215417 -0.00916643 0.0117295 -0.0210906 0.00651058 -0.0101235 0.00929694 0.0191936 0.00182515 0.0161844 0.00759684 -0.00272868 0.000496421 0.00377138 0.0115153 -0.00466322 0.00338314 -2.77984e-05 -0.00284456 0.000252662 0.00664338 0.00567759 0.00735402 -0.00555588 -0.0108283 -3.65566e-05 0.00613798 -0.00398446 0.00883415 0.00369461 0.00236796 0.00339557 0.00679907 -0.0133242 0.00925807 0.00491707 -0.00374732 -0.00323094 -0.000775431 -0.00519461 -0.00686312 -0.00936196 0.00383499 -0.00381722 0.00889461 0.00735638 -0.0150741 0.0211645 -0.00393403 0.00469275 -0.0023119 -0.00198391 0.0071715 -0.00294515
internal_weight=6868.4 513.004 6355.39 5303.49 3737.76 940.33 362.14 1565.72 1469.63 221.671 283.767 140.469 130.677 18.7489 111.928 40.1021 2797.43 153.09 96.0897 33.5972 1509.8 71.8257 38.9601 707.264 1287.63 320.899 214.835 163.372 77.7877 106.064 100.611 85.5841 58.9881 1399.25 26.5961 663.975 61.8317 656.563 523.107 150.864 108.817 11.8491 96.9675 68.7969 1051.91 989.572 439.719 549.854 52.0738 48.5002 430.78 661.429 133.457 124.366 43.2891 91.2586 660.076 104.617 568.495 560.314 53.2389 507.075
internal_count=140317 39995 100322 74086 36109 7267 38427 37977 36935 16862 1366 21565 675 104 571 173 28842 691 1042 582 19138 398 202 20663 9704 3582 2558 1830 728 1024 992 1102 819 17657 283 18315 310 5901 4994 1568 1004 129 875 652 26236 22367 9843 12524 712 693 3517 18242 907 855 2348 381 18225 744 8301 8153 527 7626
is_linear=0
shrinkage=0.03


end of trees

feature_importances:
movie_rating_count=598
recent_rating_count_90d_log=576
als_score=528
user_rating_count=363
movie_avg_rating=255
user_rating_std=221
movie_rating_std=221
user_avg_rating=213
genre_match=166
days_since_last_rating=21

parameters:
[boosting: gbdt]
[objective: lambdarank]
[metric: ndcg]
[tree_learner: serial]
[device_type: cpu]
[data_sample_strategy: bagging]
[data: ]
[valid: ]
[num_iterations: 400]
[learning_rate: 0.03]
[num_leaves: 63]
[num_threads: 0]
[seed: 0]
[deterministic: 0]
[force_col_wise: 0]
[force_row_wise: 0]
[histogram_pool_size: -1]
[max_depth: -1]
[min_data_in_leaf: 20]
[min_sum_hessian_in_leaf: 0.001]
[bagging_fraction: 1]
[pos_bagging_fraction: 1]
[neg_bagging_fraction: 1]
[bagging_freq: 0]
[bagging_seed: 3]
[bagging_by_query: 0]
[feature_fraction: 1]
[feature_fraction_bynode: 1]
[feature_fraction_seed: 2]
[extra_trees: 0]
[extra_seed: 6]
[early_stopping_round: 0]
[early_stopping_min_delta: 0]
[first_metric_only: 0]
[max_delta_step: 0]
[lambda_l1: 0]
[lambda_l2: 0]
[linear_lambda: 0]
[min_gain_to_split: 0]
[drop_rate: 0.1]
[max_drop: 50]
[skip_drop: 0.5]
[xgboost_dart_mode: 0]
[uniform_drop: 0]
[drop_seed: 4]
[top_rate: 0.2]
[other_rate: 0.1]
[min_data_per_group: 100]
[max_cat_threshold: 32]
[cat_l2: 10]
[cat_smooth: 10]
[max_cat_to_onehot: 4]
[top_k: 20]
[monotone_constraints: ]
[monotone_constraints_method: basic]
[monotone_penalty: 0]
[feature_contri: ]
[forcedsplits_filename: ]
[refit_decay_rate: 0.9]
[cegb_tradeoff: 1]
[cegb_penalty_split: 0]
[cegb_penalty_feature_lazy: ]
[cegb_penalty_feature_coupled: ]
[path_smooth: 0]
[interaction_constraints: ]
[verbosity: -1]
[saved_feature_importance_type: 0]
[use_quantized_grad: 0]
[num_grad_quant_bins: 4]
[quant_train_renew_leaf: 0]
[stochastic_rounding: 1]
[linear_tree: 0]
[max_bin: 255]
[max_bin_by_feature: ]
[min_data_in_bin: 3]
[bin_construct_sample_cnt: 200000]
[data_random_seed: 1]
[is_enable_sparse: 1]
[enable_bundle: 1]
[use_missing: 1]
[zero_as_missing: 0]
[feature_pre_filter: 1]
[pre_partition: 0]
[two_round: 0]
[header: 0]
[label_column: ]
[weight_column: ]
[group_column: ]
[ignore_column: ]
[categorical_feature: ]
[forcedbins_filename: ]
[precise_float_parser: 0]
[parser_config_file: ]
[objective_seed: 5]
[num_class: 1]
[is_unbalance: 0]
[scale_pos_weight: 1]
[sigmoid: 1]
[boost_from_average: 1]
[reg_sqrt: 0]
[alpha: 0.9]
[fair_c: 1]
[poisson_max_delta_step: 0.7]
[tweedie_variance_power: 1.5]
[lambdarank_truncation_level: 10]
[lambdarank_norm: 1]
[label_gain: ]
[lambdarank_position_bias_regularization: 0]
[eval_at: 10]
[multi_error_top_k: 1]
[auc_mu_weights: ]
[num_machines: 1]
[local_listen_port: 12400]
[time_out: 120]
[machine_list_filename: ]
[machines: ]
[gpu_platform_id: -1]
[gpu_device_id: -1]
[gpu_use_dp: 0]
[num_gpu: 1]

end of parameters

pandas_categorical:[]
